ChemicalID,ChemicalName,CAS Number,Lab,Qty,Units,Phase,Room,Location,SubLocation,Status,Plasmid Name,Primary Box,Secondary Box,Primary Tube,Secondary Tube,Primary Date Deposited,Secondary Date Deposited,Primary Deposited By,Secondary Deposited By,Primary Preparation/Concentration,Secondary Preparation/Concentration,Primary Reference,Secondary Reference,System,Organism,gene,Fragment Size,Mutations,Vector,Markers,Hosts,Notebook Reference,Source,File,Freezer ID,Freezer Name,Shelf ID,Shelf Name,Rack ID,Rack Name,Drawer ID,Drawer Name,Category ID,Category Name,Box ID,Box Name,Item Group ID,Item Group Name,Item ID,Item Name,Row,Column,Concentration,Volume/Mass,Expires On,Created On,Notes,Catalog #,Packaging,Price,Lot,Item Type,GHS Hazard Codes,SDS URL,Storage Class,Min Stock Level,Reorder Qty
,,,,,,,,-80 Freezer,B Shelf / BF / BF1 / BL21 DE3,Box,,,,,,,,,,,,,,,,,,,,,,,,,dyn-store-1782413261908-0,-80 Freezer,shelf-1783448356509,B Shelf,rack-1783448356509-6,BF,drawer-1783448356509-6-1,BF1,,,dyn-box-1786395679689-0,BL21 DE3,,,dyn-box-1786395679689-0,BL21 DE3,,,,,,,,,,,,Box,,,,,
,,,,,,,,-80 Freezer,B Shelf / BF / BF1 / dBamB (MC4100) KJ 9/30/14,Box,,,,,,,,,,,,,,,,,,,,,,,,,dyn-store-1782413261908-0,-80 Freezer,shelf-1783448356509,B Shelf,rack-1783448356509-6,BF,drawer-1783448356509-6-1,BF1,,,dyn-box-1786395679689-1,dBamB (MC4100) KJ 9/30/14,,,dyn-box-1786395679689-1,dBamB (MC4100) KJ 9/30/14,,,,,,,,,,,,Box,,,,,
,,,,,,,,-80 Freezer,B Shelf / BF / BF1 / pMS1375 Salmonella ArnC 3/06/26,Box,,,,,,,,,,,,,,,,,,,,,,,,,dyn-store-1782413261908-0,-80 Freezer,shelf-1783448356509,B Shelf,rack-1783448356509-6,BF,drawer-1783448356509-6-1,BF1,,,dyn-box-1786395679689-2,pMS1375 Salmonella ArnC 3/06/26,,,dyn-box-1786395679689-2,pMS1375 Salmonella ArnC 3/06/26,,,,,,,,,,,,Box,,,,,
,,,,,,,,-80 Freezer,B Shelf / BF / BF1 / NleC Tung 01/15/26,Box,,,,,,,,,,,,,,,,,,,,,,,,,dyn-store-1782413261908-0,-80 Freezer,shelf-1783448356509,B Shelf,rack-1783448356509-6,BF,drawer-1783448356509-6-1,BF1,,,dyn-box-1786395679689-3,NleC Tung 01/15/26,,,dyn-box-1786395679689-3,NleC Tung 01/15/26,,,,,,,,,,,,Box,,,,,
,,,,,,,,-80 Freezer,B Shelf / BF / BF2 / Rosetta (not pLys) 14 Mar 2013,Box,,,,,,,,,,,,,,,,,,,,,,,,,dyn-store-1782413261908-0,-80 Freezer,shelf-1783448356509,B Shelf,rack-1783448356509-6,BF,drawer-1783448356509-6-2,BF2,,,dyn-box-1786395679689-4,Rosetta (not pLys) 14 Mar 2013,,,dyn-box-1786395679689-4,Rosetta (not pLys) 14 Mar 2013,,,,,,,,,,,,Box,,,,,
,,,,,,,,-80 Freezer,B Shelf / BF / BF2 / XL-10 Gold ML,Box,,,,,,,,,,,,,,,,,,,,,,,,,dyn-store-1782413261908-0,-80 Freezer,shelf-1783448356509,B Shelf,rack-1783448356509-6,BF,drawer-1783448356509-6-2,BF2,,,dyn-box-1786395679689-5,XL-10 Gold ML,,,dyn-box-1786395679689-5,XL-10 Gold ML,,,,,,,,,,,,Box,,,,,
,,,,,,,,-80 Freezer,B Shelf / BF / BF2 / DH10 Bac Comp Cells,Box,,,,,,,,,,,,,,,,,,,,,,,,,dyn-store-1782413261908-0,-80 Freezer,shelf-1783448356509,B Shelf,rack-1783448356509-6,BF,drawer-1783448356509-6-2,BF2,,,dyn-box-1786395679689-6,DH10 Bac Comp Cells,,,dyn-box-1786395679689-6,DH10 Bac Comp Cells,,,,,,,,,,,,Box,,,,,
,,,,,,,,-80 Freezer,B Shelf / BF / BF2 / Lemo21 (DE3) Comp Cells,Box,,,,,,,,,,,,,,,,,,,,,,,,,dyn-store-1782413261908-0,-80 Freezer,shelf-1783448356509,B Shelf,rack-1783448356509-6,BF,drawer-1783448356509-6-2,BF2,,,dyn-box-1786395679689-7,Lemo21 (DE3) Comp Cells,,,dyn-box-1786395679689-7,Lemo21 (DE3) Comp Cells,,,,,,,,,,,,Box,,,,,
,,,,,,,,-80 Freezer,B Shelf / BF / BF3 / Arden Box 10 Mscl comp cells 18 June 26,Box,,,,,,,,,,,,,,,,,,,,,,,,,dyn-store-1782413261908-0,-80 Freezer,shelf-1783448356509,B Shelf,rack-1783448356509-6,BF,drawer-1783448356509-6-3,BF3,,,dyn-box-1786395679689-8,Arden Box 10 Mscl comp cells 18 June 26,,,dyn-box-1786395679689-8,Arden Box 10 Mscl comp cells 18 June 26,,,,,,,,,,,,Box,,,,,
,,,,,,,,-80 Freezer,B Shelf / BF / BF3 / Stephen Upton Cell Strains Box 1,Box,,,,,,,,,,,,,,,,,,,,,,,,,dyn-store-1782413261908-0,-80 Freezer,shelf-1783448356509,B Shelf,rack-1783448356509-6,BF,drawer-1783448356509-6-3,BF3,,,dyn-box-1786395679689-9,Stephen Upton Cell Strains Box 1,,,dyn-box-1786395679689-9,Stephen Upton Cell Strains Box 1,,,,,,,,,,,,Box,,,,,
,,,,,,,,-80 Freezer,B Shelf / BF / BF3 / P25 and P35 Comp Cells,Box,,,,,,,,,,,,,,,,,,,,,,,,,dyn-store-1782413261908-0,-80 Freezer,shelf-1783448356509,B Shelf,rack-1783448356509-6,BF,drawer-1783448356509-6-3,BF3,,,dyn-box-1786395679689-10,P25 and P35 Comp Cells,,,dyn-box-1786395679689-10,P25 and P35 Comp Cells,,,,,,,,,,,,Box,,,,,
,,,,,,,,-80 Freezer,B Shelf / BF / BF3 / pLysS Comp Cells,Box,,,,,,,,,,,,,,,,,,,,,,,,,dyn-store-1782413261908-0,-80 Freezer,shelf-1783448356509,B Shelf,rack-1783448356509-6,BF,drawer-1783448356509-6-3,BF3,,,dyn-box-1786395679690-11,pLysS Comp Cells,,,dyn-box-1786395679690-11,pLysS Comp Cells,,,,,,,,,,,,Box,,,,,
,,,,,,,,-80 Freezer,B Shelf / BF / BF4 / WB Cells,Box,,,,,,,,,,,,,,,,,,,,,,,,,dyn-store-1782413261908-0,-80 Freezer,shelf-1783448356509,B Shelf,rack-1783448356509-6,BF,drawer-1783448356509-6-4,BF4,,,dyn-box-1786395679690-12,WB Cells,,,dyn-box-1786395679690-12,WB Cells,,,,,,,,,,,,Box,,,,,
,,,,,,,,-80 Freezer,B Shelf / BF / BF4 / BL21 DE3 8/17/21,Box,,,,,,,,,,,,,,,,,,,,,,,,,dyn-store-1782413261908-0,-80 Freezer,shelf-1783448356509,B Shelf,rack-1783448356509-6,BF,drawer-1783448356509-6-4,BF4,,,dyn-box-1786395679690-13,BL21 DE3 8/17/21,,,dyn-box-1786395679690-13,BL21 DE3 8/17/21,,,,,,,,,,,,Box,,,,,
,,,,,,,,-80 Freezer,B Shelf / BF / BF4 / SCM188 FL dP1 dP12 No FP BamA Comp Cells,Box,,,,,,,,,,,,,,,,,,,,,,,,,dyn-store-1782413261908-0,-80 Freezer,shelf-1783448356509,B Shelf,rack-1783448356509-6,BF,drawer-1783448356509-6-4,BF4,,,dyn-box-1786395679690-14,SCM188 FL dP1 dP12 No FP BamA Comp Cells,,,dyn-box-1786395679690-14,SCM188 FL dP1 dP12 No FP BamA Comp Cells,,,,,,,,,,,,Box,,,,,
,,,,,,,,-80 Freezer,B Shelf / BF / BF4 / N? + Bam A pMS 1732 Comp Cells,Box,,,,,,,,,,,,,,,,,,,,,,,,,dyn-store-1782413261908-0,-80 Freezer,shelf-1783448356509,B Shelf,rack-1783448356509-6,BF,drawer-1783448356509-6-4,BF4,,,dyn-box-1786395679690-15,N? + Bam A pMS 1732 Comp Cells,,,dyn-box-1786395679690-15,N? + Bam A pMS 1732 Comp Cells,,,,,,,,,,,,Box,,,,,
,,,,,,,,-80 Freezer,B Shelf / BF / BF5 / Top10 Comp Cells 6/10/11 KJ,Box,,,,,,,,,,,,,,,,,,,,,,,,,dyn-store-1782413261908-0,-80 Freezer,shelf-1783448356509,B Shelf,rack-1783448356509-6,BF,drawer-1783448356509-6-5,BF5,,,dyn-box-1786395679690-16,Top10 Comp Cells 6/10/11 KJ,,,dyn-box-1786395679690-16,Top10 Comp Cells 6/10/11 KJ,,,,,,,,,,,,Box,,,,,
,,,,,,,,-80 Freezer,B Shelf / BF / BF5 / Stephen Upton Cell Strains Box 2,Box,,,,,,,,,,,,,,,,,,,,,,,,,dyn-store-1782413261908-0,-80 Freezer,shelf-1783448356509,B Shelf,rack-1783448356509-6,BF,drawer-1783448356509-6-5,BF5,,,dyn-box-1786395679690-17,Stephen Upton Cell Strains Box 2,,,dyn-box-1786395679690-17,Stephen Upton Cell Strains Box 2,,,,,,,,,,,,Box,,,,,
,,,,,,,,-80 Freezer,B Shelf / BF / BF5 / E. Coli MC4100 dSkp Comp Cells,Box,,,,,,,,,,,,,,,,,,,,,,,,,dyn-store-1782413261908-0,-80 Freezer,shelf-1783448356509,B Shelf,rack-1783448356509-6,BF,drawer-1783448356509-6-5,BF5,,,dyn-box-1786395679690-18,E. Coli MC4100 dSkp Comp Cells,,,dyn-box-1786395679690-18,E. Coli MC4100 dSkp Comp Cells,,,,,,,,,,,,Box,,,,,
,,,,,,,,-80 Freezer,B Shelf / BF / BF5 / Sandra SM2 Comp Cells,Box,,,,,,,,,,,,,,,,,,,,,,,,,dyn-store-1782413261908-0,-80 Freezer,shelf-1783448356509,B Shelf,rack-1783448356509-6,BF,drawer-1783448356509-6-5,BF5,,,dyn-box-1786395679690-19,Sandra SM2 Comp Cells,,,dyn-box-1786395679690-19,Sandra SM2 Comp Cells,,,,,,,,,,,,Box,,,,,
,,,,,,,,-80 Freezer,B Shelf / BF / BF6 / BW75119 Comp Cells dBamB,Box,,,,,,,,,,,,,,,,,,,,,,,,,dyn-store-1782413261908-0,-80 Freezer,shelf-1783448356509,B Shelf,rack-1783448356509-6,BF,drawer-1783448356509-6-6,BF6,,,dyn-box-1786395679690-20,BW75119 Comp Cells dBamB,,,dyn-box-1786395679690-20,BW75119 Comp Cells dBamB,,,,,,,,,,,,Box,,,,,
,,,,,,,,-80 Freezer,B Shelf / BF / BF6 / dam/dcm comp 11/12/09,Box,,,,,,,,,,,,,,,,,,,,,,,,,dyn-store-1782413261908-0,-80 Freezer,shelf-1783448356509,B Shelf,rack-1783448356509-6,BF,drawer-1783448356509-6-6,BF6,,,dyn-box-1786395679690-21,dam/dcm comp 11/12/09,,,dyn-box-1786395679690-21,dam/dcm comp 11/12/09,,,,,,,,,,,,Box,,,,,
,,,,,,,,-80 Freezer,B Shelf / BF / BF6 / Top10 pEV Comp Cells,Box,,,,,,,,,,,,,,,,,,,,,,,,,dyn-store-1782413261908-0,-80 Freezer,shelf-1783448356509,B Shelf,rack-1783448356509-6,BF,drawer-1783448356509-6-6,BF6,,,dyn-box-1786395679691-22,Top10 pEV Comp Cells,,,dyn-box-1786395679691-22,Top10 pEV Comp Cells,,,,,,,,,,,,Box,,,,,
,,,,,,,,-80 Freezer,B Shelf / BF / BF6 / C43 DE3 Comp Cells,Box,,,,,,,,,,,,,,,,,,,,,,,,,dyn-store-1782413261908-0,-80 Freezer,shelf-1783448356509,B Shelf,rack-1783448356509-6,BF,drawer-1783448356509-6-6,BF6,,,dyn-box-1786395679691-23,C43 DE3 Comp Cells,,,dyn-box-1786395679691-23,C43 DE3 Comp Cells,,,,,,,,,,,,Box,,,,,
,,,,,,,,-80 Freezer,B Shelf / BE / BE1 / DS #1,Box,,,,,,,,,,,,,,,,,,,,,,,,,dyn-store-1782413261908-0,-80 Freezer,shelf-1783448356509,B Shelf,rack-1783448356509-5,BE,drawer-1783448356509-5-1,BE1,,,dyn-box-1786395546979-0,DS #1,,,dyn-box-1786395546979-0,DS #1,,,,,,,,,,,,Box,,,,,
,,,,,,,,-80 Freezer,B Shelf / BE / BE1 / Ful Length ArnA TetraMutant Glycerol ...,Box,,,,,,,,,,,,,,,,,,,,,,,,,dyn-store-1782413261908-0,-80 Freezer,shelf-1783448356509,B Shelf,rack-1783448356509-5,BE,drawer-1783448356509-5-1,BE1,,,dyn-box-1786395546979-1,Ful Length ArnA TetraMutant Glycerol ...,,,dyn-box-1786395546979-1,Ful Length ArnA TetraMutant Glycerol ...,,,,,,,,,,,,Box,,,,,
,,,,,,,,-80 Freezer,B Shelf / BE / BE2 / XL1-Red?,Box,,,,,,,,,,,,,,,,,,,,,,,,,dyn-store-1782413261908-0,-80 Freezer,shelf-1783448356509,B Shelf,rack-1783448356509-5,BE,drawer-1783448356509-5-2,BE2,,,dyn-box-1786395546979-2,XL1-Red?,,,dyn-box-1786395546979-2,XL1-Red?,,,,,,,,,,,,Box,,,,,
,,,,,,,,-80 Freezer,B Shelf / BE / BE2 / SSaV(dSP1-2) Glycerol Stocks WDB 8/23/23,Box,,,,,,,,,,,,,,,,,,,,,,,,,dyn-store-1782413261908-0,-80 Freezer,shelf-1783448356509,B Shelf,rack-1783448356509-5,BE,drawer-1783448356509-5-2,BE2,,,dyn-box-1786395546979-3,SSaV(dSP1-2) Glycerol Stocks WDB 8/23/23,,,dyn-box-1786395546979-3,SSaV(dSP1-2) Glycerol Stocks WDB 8/23/23,,,,,,,,,,,,Box,,,,,
,,,,,,,,-80 Freezer,B Shelf / BE / BE2 / TEV Protease His,Box,,,,,,,,,,,,,,,,,,,,,,,,,dyn-store-1782413261908-0,-80 Freezer,shelf-1783448356509,B Shelf,rack-1783448356509-5,BE,drawer-1783448356509-5-2,BE2,,,dyn-box-1786395546979-4,TEV Protease His,,,dyn-box-1786395546979-4,TEV Protease His,,,,,,,,,,,,Box,,,,,
,,,,,,,,-80 Freezer,B Shelf / BE / BE2 / Glycerol Stocks,Box,,,,,,,,,,,,,,,,,,,,,,,,,dyn-store-1782413261908-0,-80 Freezer,shelf-1783448356509,B Shelf,rack-1783448356509-5,BE,drawer-1783448356509-5-2,BE2,,,dyn-box-1786395546979-5,Glycerol Stocks,,,dyn-box-1786395546979-5,Glycerol Stocks,,,,,,,,,,,,Box,,,,,
,,,,,,,,-80 Freezer,B Shelf / BE / BE3 / AD5-1,Box,,,,,,,,,,,,,,,,,,,,,,,,,dyn-store-1782413261908-0,-80 Freezer,shelf-1783448356509,B Shelf,rack-1783448356509-5,BE,drawer-1783448356509-5-3,BE3,,,dyn-box-1786395546979-6,AD5-1,,,dyn-box-1786395546979-6,AD5-1,,,,,,,,,,,,Box,,,,,
,,,,,,,,-80 Freezer,B Shelf / BE / BE3 / AD5-2,Box,,,,,,,,,,,,,,,,,,,,,,,,,dyn-store-1782413261908-0,-80 Freezer,shelf-1783448356509,B Shelf,rack-1783448356509-5,BE,drawer-1783448356509-5-3,BE3,,,dyn-box-1786395546979-7,AD5-2,,,dyn-box-1786395546979-7,AD5-2,,,,,,,,,,,,Box,,,,,
,,,,,,,,-80 Freezer,B Shelf / BE / BE3 / AD5-3,Box,,,,,,,,,,,,,,,,,,,,,,,,,dyn-store-1782413261908-0,-80 Freezer,shelf-1783448356509,B Shelf,rack-1783448356509-5,BE,drawer-1783448356509-5-3,BE3,,,dyn-box-1786395546979-8,AD5-3,,,dyn-box-1786395546979-8,AD5-3,,,,,,,,,,,,Box,,,,,
,,,,,,,,-80 Freezer,B Shelf / BE / BE3 / AD4-4,Box,,,,,,,,,,,,,,,,,,,,,,,,,dyn-store-1782413261908-0,-80 Freezer,shelf-1783448356509,B Shelf,rack-1783448356509-5,BE,drawer-1783448356509-5-3,BE3,,,dyn-box-1786395546979-9,AD4-4,,,dyn-box-1786395546979-9,AD4-4,,,,,,,,,,,,Box,,,,,
,,,,,,,,-80 Freezer,B Shelf / BE / BE5 / BL-21 (DE3) pLysS comp 1.20.22,Box,,,,,,,,,,,,,,,,,,,,,,,,,dyn-store-1782413261908-0,-80 Freezer,shelf-1783448356509,B Shelf,rack-1783448356509-5,BE,drawer-1783448356509-5-5,BE5,,,dyn-box-1786395546980-10,BL-21 (DE3) pLysS comp 1.20.22,,,dyn-box-1786395546980-10,BL-21 (DE3) pLysS comp 1.20.22,,,,,,,,,,,,Box,,,,,
,,,,,,,,-80 Freezer,B Shelf / BE / BE5 / XL-10 Comp 02/2026,Box,,,,,,,,,,,,,,,,,,,,,,,,,dyn-store-1782413261908-0,-80 Freezer,shelf-1783448356509,B Shelf,rack-1783448356509-5,BE,drawer-1783448356509-5-5,BE5,,,dyn-box-1786395546980-11,XL-10 Comp 02/2026,,,dyn-box-1786395546980-11,XL-10 Comp 02/2026,,,,,,,,,,,,Box,,,,,
,,,,,,,,-80 Freezer,B Shelf / BD / BD1 / JCM166 competent cells kept in 0.1% Arabinose ...,Box,,,,,,,,,,,,,,,,,,,,,,,,,dyn-store-1782413261908-0,-80 Freezer,shelf-1783448356509,B Shelf,rack-1783448356509-4,BD,drawer-1783448356509-4-1,BD1,,,dyn-box-1786395431252-0,JCM166 competent cells kept in 0.1% Arabinose ...,,,dyn-box-1786395431252-0,JCM166 competent cells kept in 0.1% Arabinose ...,,,,,,,,,,,,Box,,,,,
,,,,,,,,-80 Freezer,B Shelf / BD / BD1 / Cristina Box 1 SurA BamD Glycerol,Box,,,,,,,,,,,,,,,,,,,,,,,,,dyn-store-1782413261908-0,-80 Freezer,shelf-1783448356509,B Shelf,rack-1783448356509-4,BD,drawer-1783448356509-4-1,BD1,,,dyn-box-1786395431252-1,Cristina Box 1 SurA BamD Glycerol,,,dyn-box-1786395431252-1,Cristina Box 1 SurA BamD Glycerol,,,,,,,,,,,,Box,,,,,
,,,,,,,,-80 Freezer,B Shelf / BD / BD1 / nmEptA -80 refreeze WG 10/20/25,Box,,,,,,,,,,,,,,,,,,,,,,,,,dyn-store-1782413261908-0,-80 Freezer,shelf-1783448356509,B Shelf,rack-1783448356509-4,BD,drawer-1783448356509-4-1,BD1,,,dyn-box-1786395431252-2,nmEptA -80 refreeze WG 10/20/25,,,dyn-box-1786395431252-2,nmEptA -80 refreeze WG 10/20/25,,,,,,,,,,,,Box,,,,,
,,,,,,,,-80 Freezer,B Shelf / BD / BD2 / Tung EptA,Box,,,,,,,,,,,,,,,,,,,,,,,,,dyn-store-1782413261908-0,-80 Freezer,shelf-1783448356509,B Shelf,rack-1783448356509-4,BD,drawer-1783448356509-4-2,BD2,,,dyn-box-1786395431252-3,Tung EptA,,,dyn-box-1786395431252-3,Tung EptA,,,,,,,,,,,,Box,,,,,
,,,,,,,,-80 Freezer,B Shelf / BD / BD2 / Novagen BL21 (DE3) pLysS 3.4.22,Box,,,,,,,,,,,,,,,,,,,,,,,,,dyn-store-1782413261908-0,-80 Freezer,shelf-1783448356509,B Shelf,rack-1783448356509-4,BD,drawer-1783448356509-4-2,BD2,,,dyn-box-1786395431252-4,Novagen BL21 (DE3) pLysS 3.4.22,,,dyn-box-1786395431252-4,Novagen BL21 (DE3) pLysS 3.4.22,,,,,,,,,,,,Box,,,,,
,,,,,,,,-80 Freezer,B Shelf / BD / BD2 / AM and Fiaq5 comp cells?,Box,,,,,,,,,,,,,,,,,,,,,,,,,dyn-store-1782413261908-0,-80 Freezer,shelf-1783448356509,B Shelf,rack-1783448356509-4,BD,drawer-1783448356509-4-2,BD2,,,dyn-box-1786395431252-5,AM and Fiaq5 comp cells?,,,dyn-box-1786395431252-5,AM and Fiaq5 comp cells?,,,,,,,,,,,,Box,,,,,
,,,,,,,,-80 Freezer,B Shelf / BD / BD2 / Batey Clip DJH,Box,,,,,,,,,,,,,,,,,,,,,,,,,dyn-store-1782413261908-0,-80 Freezer,shelf-1783448356509,B Shelf,rack-1783448356509-4,BD,drawer-1783448356509-4-2,BD2,,,dyn-box-1786395431252-6,Batey Clip DJH,,,dyn-box-1786395431252-6,Batey Clip DJH,,,,,,,,,,,,Box,,,,,
,,,,,,,,-80 Freezer,B Shelf / BD / BD3 / Arden BL21s Pdy MMT 50 uL Oct 2010,Box,,,,,,,,,,,,,,,,,,,,,,,,,dyn-store-1782413261908-0,-80 Freezer,shelf-1783448356509,B Shelf,rack-1783448356509-4,BD,drawer-1783448356509-4-3,BD3,,,dyn-box-1786395431252-7,Arden BL21s Pdy MMT 50 uL Oct 2010,,,dyn-box-1786395431252-7,Arden BL21s Pdy MMT 50 uL Oct 2010,,,,,,,,,,,,Box,,,,,
,,,,,,,,-80 Freezer,B Shelf / BD / BD3 / Salmonella enterica No PMB Electrocomp (-) T...,Box,,,,,,,,,,,,,,,,,,,,,,,,,dyn-store-1782413261908-0,-80 Freezer,shelf-1783448356509,B Shelf,rack-1783448356509-4,BD,drawer-1783448356509-4-3,BD3,,,dyn-box-1786395431252-8,Salmonella enterica No PMB Electrocomp (-) T...,,,dyn-box-1786395431252-8,Salmonella enterica No PMB Electrocomp (-) T...,,,,,,,,,,,,Box,,,,,
,,,,,,,,-80 Freezer,B Shelf / BD / BD3 / Glycerol Stocks,Box,,,,,,,,,,,,,,,,,,,,,,,,,dyn-store-1782413261908-0,-80 Freezer,shelf-1783448356509,B Shelf,rack-1783448356509-4,BD,drawer-1783448356509-4-3,BD3,,,dyn-box-1786395431253-9,Glycerol Stocks,,,dyn-box-1786395431253-9,Glycerol Stocks,,,,,,,,,,,,Box,,,,,
,,,,,,,,-80 Freezer,A Shelf / AE / AE1 / XL10 Ultra Comp Cells,Box,,,,,,,,,,,,,,,,,,,,,,,,,dyn-store-1782413261908-0,-80 Freezer,dyn-shelf-1782413261908-0,A Shelf,dyn-rack-1786393958168-0,AE,dyn-drawer-1786394321921-0,AE1,,,dyn-box-1786394321921-0,XL10 Ultra Comp Cells,,,dyn-box-1786394321921-0,XL10 Ultra Comp Cells,,,,,,,,,,,,Box,,,,,
,,,,,,,,-80 Freezer,A Shelf / AE / AE1 / DH5a Max Efficiency,Box,,,,,,,,,,,,,,,,,,,,,,,,,dyn-store-1782413261908-0,-80 Freezer,dyn-shelf-1782413261908-0,A Shelf,dyn-rack-1786393958168-0,AE,dyn-drawer-1786394321921-0,AE1,,,dyn-box-1786394321922-1,DH5a Max Efficiency,,,dyn-box-1786394321922-1,DH5a Max Efficiency,,,,,,,,,,,,Box,,,,,
,,,,,,,,-80 Freezer,A Shelf / AE / AE1 / OneShot BL-21 AI,Box,,,,,,,,,,,,,,,,,,,,,,,,,dyn-store-1782413261908-0,-80 Freezer,dyn-shelf-1782413261908-0,A Shelf,dyn-rack-1786393958168-0,AE,dyn-drawer-1786394321921-0,AE1,,,dyn-box-1786394321922-2,OneShot BL-21 AI,,,dyn-box-1786394321922-2,OneShot BL-21 AI,,,,,,,,,,,,Box,,,,,
,,,,,,,,-80 Freezer,A Shelf / AE / AE1 / ElectroMax DH10B,Box,,,,,,,,,,,,,,,,,,,,,,,,,dyn-store-1782413261908-0,-80 Freezer,dyn-shelf-1782413261908-0,A Shelf,dyn-rack-1786393958168-0,AE,dyn-drawer-1786394321921-0,AE1,,,dyn-box-1786394321922-3,ElectroMax DH10B,,,dyn-box-1786394321922-3,ElectroMax DH10B,,,,,,,,,,,,Box,,,,,
,,,,,,,,-80 Freezer,A Shelf / AE / AE2 / NiCo21 (DE3),Box,,,,,,,,,,,,,,,,,,,,,,,,,dyn-store-1782413261908-0,-80 Freezer,dyn-shelf-1782413261908-0,A Shelf,dyn-rack-1786393958168-0,AE,dyn-drawer-1786394321922-4,AE2,,,dyn-box-1786394321922-4,NiCo21 (DE3),,,dyn-box-1786394321922-4,NiCo21 (DE3),,,,,,,,,,,,Box,,,,,
,,,,,,,,-80 Freezer,A Shelf / AE / AE2 / NEBuilder HiFi DNA,Box,,,,,,,,,,,,,,,,,,,,,,,,,dyn-store-1782413261908-0,-80 Freezer,dyn-shelf-1782413261908-0,A Shelf,dyn-rack-1786393958168-0,AE,dyn-drawer-1786394321922-4,AE2,,,dyn-box-1786394321922-5,NEBuilder HiFi DNA,,,dyn-box-1786394321922-5,NEBuilder HiFi DNA,,,,,,,,,,,,Box,,,,,
,,,,,,,,-80 Freezer,A Shelf / AE / AE2 / Copy Control Fosmid Library Prod Kit,Box,,,,,,,,,,,,,,,,,,,,,,,,,dyn-store-1782413261908-0,-80 Freezer,dyn-shelf-1782413261908-0,A Shelf,dyn-rack-1786393958168-0,AE,dyn-drawer-1786394321922-4,AE2,,,dyn-box-1786394321922-6,Copy Control Fosmid Library Prod Kit,,,dyn-box-1786394321922-6,Copy Control Fosmid Library Prod Kit,,,,,,,,,,,,Box,,,,,
,,,,,,,,-80 Freezer,A Shelf / AE / AE2 / BL-21 (DE3) DS 8/27/23,Box,,,,,,,,,,,,,,,,,,,,,,,,,dyn-store-1782413261908-0,-80 Freezer,dyn-shelf-1782413261908-0,A Shelf,dyn-rack-1786393958168-0,AE,dyn-drawer-1786394321922-4,AE2,,,dyn-box-1786394321922-7,BL-21 (DE3) DS 8/27/23,,,dyn-box-1786394321922-7,BL-21 (DE3) DS 8/27/23,,,,,,,,,,,,Box,,,,,
,,,,,,,,-80 Freezer,A Shelf / AE / AE3 / Lemo21 (DE3) Comp Cells,Box,,,,,,,,,,,,,,,,,,,,,,,,,dyn-store-1782413261908-0,-80 Freezer,dyn-shelf-1782413261908-0,A Shelf,dyn-rack-1786393958168-0,AE,dyn-drawer-1786394321922-8,AE3,,,dyn-box-1786394321922-8,Lemo21 (DE3) Comp Cells,,,dyn-box-1786394321922-8,Lemo21 (DE3) Comp Cells,,,,,,,,,,,,Box,,,,,
,,,,,,,,-80 Freezer,A Shelf / AE / AE3 / dam- / dcm-,Box,,,,,,,,,,,,,,,,,,,,,,,,,dyn-store-1782413261908-0,-80 Freezer,dyn-shelf-1782413261908-0,A Shelf,dyn-rack-1786393958168-0,AE,dyn-drawer-1786394321922-8,AE3,,,dyn-box-1786394321922-9,dam- / dcm-,,,dyn-box-1786394321922-9,dam- / dcm-,,,,,,,,,,,,Box,,,,,
,,,,,,,,-80 Freezer,"A Shelf / AE / AE3 / Salmonella Jan 30, 2025",Box,,,,,,,,,,,,,,,,,,,,,,,,,dyn-store-1782413261908-0,-80 Freezer,dyn-shelf-1782413261908-0,A Shelf,dyn-rack-1786393958168-0,AE,dyn-drawer-1786394321922-8,AE3,,,dyn-box-1786394321923-10,"Salmonella Jan 30, 2025",,,dyn-box-1786394321923-10,"Salmonella Jan 30, 2025",,,,,,,,,,,,Box,,,,,
,,,,,,,,-80 Freezer,A Shelf / AE / AE3 / E. Coli No PMB electrocompetent (+) ...,Box,,,,,,,,,,,,,,,,,,,,,,,,,dyn-store-1782413261908-0,-80 Freezer,dyn-shelf-1782413261908-0,A Shelf,dyn-rack-1786393958168-0,AE,dyn-drawer-1786394321922-8,AE3,,,dyn-box-1786394321923-11,E. Coli No PMB electrocompetent (+) ...,,,dyn-box-1786394321923-11,E. Coli No PMB electrocompetent (+) ...,,,,,,,,,,,,Box,,,,,
,,,,,,,,-80 Freezer,A Shelf / AE / AE4 / XL-10 Gold 70 uL KD 1/29/25,Box,,,,,,,,,,,,,,,,,,,,,,,,,dyn-store-1782413261908-0,-80 Freezer,dyn-shelf-1782413261908-0,A Shelf,dyn-rack-1786393958168-0,AE,dyn-drawer-1786394321923-12,AE4,,,dyn-box-1786394321923-12,XL-10 Gold 70 uL KD 1/29/25,,,dyn-box-1786394321923-12,XL-10 Gold 70 uL KD 1/29/25,,,,,,,,,,,,Box,,,,,
,,,,,,,,-80 Freezer,A Shelf / AE / AE4 / XL-10 Gold 70 uL KD 1/29/25,Box,,,,,,,,,,,,,,,,,,,,,,,,,dyn-store-1782413261908-0,-80 Freezer,dyn-shelf-1782413261908-0,A Shelf,dyn-rack-1786393958168-0,AE,dyn-drawer-1786394321923-12,AE4,,,dyn-box-1786394321923-13,XL-10 Gold 70 uL KD 1/29/25,,,dyn-box-1786394321923-13,XL-10 Gold 70 uL KD 1/29/25,,,,,,,,,,,,Box,,,,,
,,,,,,,,-80 Freezer,A Shelf / AE / AE4 / SL1344 Salmonella 1 ug/mL PNBM KD ...,Box,,,,,,,,,,,,,,,,,,,,,,,,,dyn-store-1782413261908-0,-80 Freezer,dyn-shelf-1782413261908-0,A Shelf,dyn-rack-1786393958168-0,AE,dyn-drawer-1786394321923-12,AE4,,,dyn-box-1786394321923-14,SL1344 Salmonella 1 ug/mL PNBM KD ...,,,dyn-box-1786394321923-14,SL1344 Salmonella 1 ug/mL PNBM KD ...,,,,,,,,,,,,Box,,,,,
,,,,,,,,-80 Freezer,A Shelf / AE / AE4 / SL1344 Salmonella 1 ug/mL PNBM 200 uL K...,Box,,,,,,,,,,,,,,,,,,,,,,,,,dyn-store-1782413261908-0,-80 Freezer,dyn-shelf-1782413261908-0,A Shelf,dyn-rack-1786393958168-0,AE,dyn-drawer-1786394321923-12,AE4,,,dyn-box-1786394321923-15,SL1344 Salmonella 1 ug/mL PNBM 200 uL K...,,,dyn-box-1786394321923-15,SL1344 Salmonella 1 ug/mL PNBM 200 uL K...,,,,,,,,,,,,Box,,,,,
,,,,,,,,-80 Freezer,A Shelf / AE / AE5 / Salmonella enterica 0.08 ug/mL PNBM TD ...,Box,,,,,,,,,,,,,,,,,,,,,,,,,dyn-store-1782413261908-0,-80 Freezer,dyn-shelf-1782413261908-0,A Shelf,dyn-rack-1786393958168-0,AE,dyn-drawer-1786394321923-16,AE5,,,dyn-box-1786394321923-16,Salmonella enterica 0.08 ug/mL PNBM TD ...,,,dyn-box-1786394321923-16,Salmonella enterica 0.08 ug/mL PNBM TD ...,,,,,,,,,,,,Box,,,,,
,,,,,,,,-80 Freezer,A Shelf / AE / AE5 / BL21 (DE3) pLysS comp cells 1.20.22,Box,,,,,,,,,,,,,,,,,,,,,,,,,dyn-store-1782413261908-0,-80 Freezer,dyn-shelf-1782413261908-0,A Shelf,dyn-rack-1786393958168-0,AE,dyn-drawer-1786394321923-16,AE5,,,dyn-box-1786394321923-17,BL21 (DE3) pLysS comp cells 1.20.22,,,dyn-box-1786394321923-17,BL21 (DE3) pLysS comp cells 1.20.22,,,,,,,,,,,,Box,,,,,
,,,,,,,,-80 Freezer,A Shelf / AE / AE5 / Random 1,Box,,,,,,,,,,,,,,,,,,,,,,,,,dyn-store-1782413261908-0,-80 Freezer,dyn-shelf-1782413261908-0,A Shelf,dyn-rack-1786393958168-0,AE,dyn-drawer-1786394321923-16,AE5,,,dyn-box-1786394321923-18,Random 1,,,dyn-box-1786394321923-18,Random 1,,,,,,,,,,,,Box,,,,,
,,,,,,,,-80 Freezer,A Shelf / AE / AE5 / Random 2,Box,,,,,,,,,,,,,,,,,,,,,,,,,dyn-store-1782413261908-0,-80 Freezer,dyn-shelf-1782413261908-0,A Shelf,dyn-rack-1786393958168-0,AE,dyn-drawer-1786394321923-16,AE5,,,dyn-box-1786394321923-19,Random 2,,,dyn-box-1786394321923-19,Random 2,,,,,,,,,,,,Box,,,,,
,,,,,,,,-80 Freezer,A Shelf / AE / AE6 / SL1344 Electrocompetent 4 ...,Box,,,,,,,,,,,,,,,,,,,,,,,,,dyn-store-1782413261908-0,-80 Freezer,dyn-shelf-1782413261908-0,A Shelf,dyn-rack-1786393958168-0,AE,dyn-drawer-1786394321923-20,AE6,,,dyn-box-1786394321923-20,SL1344 Electrocompetent 4 ...,,,dyn-box-1786394321923-20,SL1344 Electrocompetent 4 ...,,,,,,,,,,,,Box,,,,,
,,,,,,,,-80 Freezer,A Shelf / AE / AE6 / Infection Assay Lysates for TD 2/25/25,Box,,,,,,,,,,,,,,,,,,,,,,,,,dyn-store-1782413261908-0,-80 Freezer,dyn-shelf-1782413261908-0,A Shelf,dyn-rack-1786393958168-0,AE,dyn-drawer-1786394321923-20,AE6,,,dyn-box-1786394321923-21,Infection Assay Lysates for TD 2/25/25,,,dyn-box-1786394321923-21,Infection Assay Lysates for TD 2/25/25,,,,,,,,,,,,Box,,,,,
,,,,,,,,-80 Freezer,A Shelf / AE / AE6 / BL-21 (DE3) Comp Cells Commercial,Box,,,,,,,,,,,,,,,,,,,,,,,,,dyn-store-1782413261908-0,-80 Freezer,dyn-shelf-1782413261908-0,A Shelf,dyn-rack-1786393958168-0,AE,dyn-drawer-1786394321923-20,AE6,,,dyn-box-1786394321923-22,BL-21 (DE3) Comp Cells Commercial,,,dyn-box-1786394321923-22,BL-21 (DE3) Comp Cells Commercial,,,,,,,,,,,,Box,,,,,
,,,,,,,,-80 Freezer,A Shelf / AE / AE6 / Rosetta DE3,Box,,,,,,,,,,,,,,,,,,,,,,,,,dyn-store-1782413261908-0,-80 Freezer,dyn-shelf-1782413261908-0,A Shelf,dyn-rack-1786393958168-0,AE,dyn-drawer-1786394321923-20,AE6,,,dyn-box-1786394321923-23,Rosetta DE3,,,dyn-box-1786394321923-23,Rosetta DE3,,,,,,,,,,,,Box,,,,,
,,,,,,,,Refrigerator #1,Fridge door / Jar 2,Box,,,,,,,,,,,,,,,,,,,,,,,,,dyn-store-1782413208557-4,Refrigerator #1,shelf-1786383135559,Fridge door,,,,,,,dyn-box-1782413208557-4,Jar 2,,,dyn-box-1782413208557-4,Jar 2,,,,,,,,,,,,Box,,,,,
,,,,,,,,Refrigerator #1,2nd Shelf / Tray 3,Box,,,,,,,,,,,,,,,,,,,,,,,,,dyn-store-1782413208557-4,Refrigerator #1,shelf-1786386628395,2nd Shelf,,,,,,,dyn-box-1782413208557-8,Tray 3,,,dyn-box-1782413208557-8,Tray 3,,,,,,,,,,,,Box,,,,,
,,,,,,,,Refrigerator #1,Fridge door / Jar 4,Box,,,,,,,,,,,,,,,,,,,,,,,,,dyn-store-1782413208557-4,Refrigerator #1,shelf-1786383135559,Fridge door,,,,,,,dyn-box-1782413208558-19,Jar 4,,,dyn-box-1782413208558-19,Jar 4,,,,,,,,,,,,Box,,,,,
,,,,,,,,Refrigerator #1,1st Shelf / Tray 1,Box,,,,,,,,,,,,,,,,,,,,,,,,,dyn-store-1782413208557-4,Refrigerator #1,shelf-1786386588250,1st Shelf,,,,,,,dyn-box-1782413208558-21,Tray 1,,,dyn-box-1782413208558-21,Tray 1,,,,,,,,,,,,Box,,,,,
,,,,,,,,Freezer #2 - Close to Shakers,Shelf 1 / Jar 1,Box,,,,,,,,,,,,,,,,,,,,,,,,,dyn-store-1782413208558-31,Freezer #2 - Close to Shakers,dyn-shelf-1782413208558-31,Shelf 1,,,,,,,dyn-box-1782413208558-31,Jar 1,,,dyn-box-1782413208558-31,Jar 1,,,,,,,,,,,,Box,,,,,
,,,,,,,,Freezer #2 - Close to Shakers,Shelf 1 / Jar 2,Box,,,,,,,,,,,,,,,,,,,,,,,,,dyn-store-1782413208558-31,Freezer #2 - Close to Shakers,dyn-shelf-1782413208558-31,Shelf 1,,,,,,,dyn-box-1782413208558-36,Jar 2,,,dyn-box-1782413208558-36,Jar 2,,,,,,,,,,,,Box,,,,,
,,,,,,,,Freezer #2 - Close to Shakers,Shelf 1 / Jar 3,Box,,,,,,,,,,,,,,,,,,,,,,,,,dyn-store-1782413208558-31,Freezer #2 - Close to Shakers,dyn-shelf-1782413208558-31,Shelf 1,,,,,,,dyn-box-1782413208559-42,Jar 3,,,dyn-box-1782413208559-42,Jar 3,,,,,,,,,,,,Box,,,,,
,,,,,,,,Refrigerator #1,Fridge door / Jar 3,Box,,,,,,,,,,,,,,,,,,,,,,,,,dyn-store-1782413208557-4,Refrigerator #1,shelf-1786383135559,Fridge door,,,,,,,dyn-box-1782413208559-43,Jar 3,,,dyn-box-1782413208559-43,Jar 3,,,,,,,,,,,,Box,,,,,
,,,,,,,,Refrigerator #1,3rd Shelf / Antibody Box,Box,,,,,,,,,,,,,,,,,,,,,,,,,dyn-store-1782413208557-4,Refrigerator #1,shelf-1786386659368,3rd Shelf,,,,,,,dyn-box-1782413208559-49,Antibody Box,,,dyn-box-1782413208559-49,Antibody Box,,,,,,,,,,,,Box,,,,,
,,,,,,,,Refrigerator #1,1st Shelf / Tray 2,Box,,,,,,,,,,,,,,,,,,,,,,,,,dyn-store-1782413208557-4,Refrigerator #1,shelf-1786386588250,1st Shelf,,,,,,,dyn-box-1782413208560-77,Tray 2,,,dyn-box-1782413208560-77,Tray 2,,,,,,,,,,,,Box,,,,,
,,,,,,,,Freezer #2 - Close to Shakers,Shelf 1 / Jar 4,Box,,,,,,,,,,,,,,,,,,,,,,,,,dyn-store-1782413208558-31,Freezer #2 - Close to Shakers,dyn-shelf-1782413208558-31,Shelf 1,,,,,,,dyn-box-1782413208562-109,Jar 4,,,dyn-box-1782413208562-109,Jar 4,,,,,,,,,,,,Box,,,,,
,,,,,,,,Refrigerator #1,2nd Shelf / Tray 5,Box,,,,,,,,,,,,,,,,,,,,,,,,,dyn-store-1782413208557-4,Refrigerator #1,shelf-1786386628395,2nd Shelf,,,,,,,dyn-box-1782413208563-120,Tray 5,,,dyn-box-1782413208563-120,Tray 5,,,,,,,,,,,,Box,,,,,
,,,,,,,,Refrigerator #1,2nd Shelf / Tray 4,Box,,,,,,,,,,,,,,,,,,,,,,,,,dyn-store-1782413208557-4,Refrigerator #1,shelf-1786386628395,2nd Shelf,,,,,,,dyn-box-1782413208563-135,Tray 4,,,dyn-box-1782413208563-135,Tray 4,,,,,,,,,,,,Box,,,,,
,,,,,,,,Freezer #2 - Close to Shakers,Shelf 1 / Tray 1,Box,,,,,,,,,,,,,,,,,,,,,,,,,dyn-store-1782413208558-31,Freezer #2 - Close to Shakers,dyn-shelf-1782413208558-31,Shelf 1,,,,,,,dyn-box-1782413208564-159,Tray 1,,,dyn-box-1782413208564-159,Tray 1,,,,,,,,,,,,Box,,,,,
,,,,,,,,Refrigerator #1,Fridge door / Jar 1,Box,,,,,,,,,,,,,,,,,,,,,,,,,dyn-store-1782413208557-4,Refrigerator #1,shelf-1786383135559,Fridge door,,,,,,,dyn-box-1782413208564-168,Jar 1,,,dyn-box-1782413208564-168,Jar 1,,,,,,,,,,,,Box,,,,,
,,,,,,,,Freezer #2 - Close to Shakers,Shelf 1 / Jar 5,Box,,,,,,,,,,,,,,,,,,,,,,,,,dyn-store-1782413208558-31,Freezer #2 - Close to Shakers,dyn-shelf-1782413208558-31,Shelf 1,,,,,,,dyn-box-1782413208564-176,Jar 5,,,dyn-box-1782413208564-176,Jar 5,,,,,,,,,,,,Box,,,,,
,,,,,,,,Chemical Shelfs,Under Bench Storage / Under bench #1,Box,,,,,,,,,,,,,,,,,,,,,,,,,dyn-store-1782413208556-2,Chemical Shelfs,dyn-shelf-1782413208566-236,Under Bench Storage,,,,,,,dyn-box-1782413208566-236,Under bench #1,,,dyn-box-1782413208566-236,Under bench #1,,,,,,,,,,,,Box,,,,,
,,,,,,,,Refrigerator #2,Shelf 1 / Tray 1,Box,,,,,,,,,,,,,,,,,,,,,,,,,dyn-store-1782413208559-62,Refrigerator #2,dyn-shelf-1782413208559-62,Shelf 1,,,,,,,dyn-box-1782413208569-342,Tray 1,,,dyn-box-1782413208569-342,Tray 1,,,,,,,,,,,,Box,,,,,
,,,,,,,,-80 Freezer,A Shelf / AA / AA2 / AA2-2 WNB OmpG Mutants #1,Box,,,,,,,,,,,,,,,,,,,,,,,,,dyn-store-1782413261908-0,-80 Freezer,dyn-shelf-1782413261908-0,A Shelf,dyn-rack-1782413261908-0,AA,drawer-1786391575788-2,AA2,,,dyn-box-1782413261908-0,AA2-2 WNB OmpG Mutants #1,,,dyn-box-1782413261908-0,AA2-2 WNB OmpG Mutants #1,,,,9x9,,,9x9 grid box,,,,,Box,,,,,
,,,,,,,,-80 Freezer,A Shelf / AA / AA1 / AA1-1 WNB BAM Complex Stocks,Box,,,,,,,,,,,,,,,,,,,,,,,,,dyn-store-1782413261908-0,-80 Freezer,dyn-shelf-1782413261908-0,A Shelf,dyn-rack-1782413261908-0,AA,drawer-1786391575788-1,AA1,,,dyn-box-1782413261913-73,AA1-1 WNB BAM Complex Stocks,,,dyn-box-1782413261913-73,AA1-1 WNB BAM Complex Stocks,,,,9x9,,,9x9 grid box,,,,,Box,,,,,
,,,,,,,,-80 Freezer,A Shelf / AA / AA2 / AA2-1 WNB OMP Stocks in Urea,Box,,,,,,,,,,,,,,,,,,,,,,,,,dyn-store-1782413261908-0,-80 Freezer,dyn-shelf-1782413261908-0,A Shelf,dyn-rack-1782413261908-0,AA,drawer-1786391575788-2,AA2,,,dyn-box-1782413261914-98,AA2-1 WNB OMP Stocks in Urea,,,dyn-box-1782413261914-98,AA2-1 WNB OMP Stocks in Urea,,,,9x9,,,9x9 grid box,,,,,Box,,,,,
,,,,,,,,-80 Freezer,A Shelf / AA / AA1 / AA1-3 WNB SurA Stocks,Box,,,,,,,,,,,,,,,,,,,,,,,,,dyn-store-1782413261908-0,-80 Freezer,dyn-shelf-1782413261908-0,A Shelf,dyn-rack-1782413261908-0,AA,drawer-1786391575788-1,AA1,,,dyn-box-1782413261915-113,AA1-3 WNB SurA Stocks,,,dyn-box-1782413261915-113,AA1-3 WNB SurA Stocks,,,,9x9,,,9x9 grid box,,,,,Box,,,,,
,,,,,,,,-80 Freezer,A Shelf / AA / AA1 / AA1-4 WNB OMP Stocks in Gu-HCl,Box,,,,,,,,,,,,,,,,,,,,,,,,,dyn-store-1782413261908-0,-80 Freezer,dyn-shelf-1782413261908-0,A Shelf,dyn-rack-1782413261908-0,AA,drawer-1786391575788-1,AA1,,,dyn-box-1782413261916-135,AA1-4 WNB OMP Stocks in Gu-HCl,,,dyn-box-1782413261916-135,AA1-4 WNB OMP Stocks in Gu-HCl,,,,9x9,,,9x9 grid box,,,,,Box,,,,,
,,,,,,,,-80 Freezer,A Shelf / AA / AA2 / AA2-3 WNB OmpG Mutants #2,Box,,,,,,,,,,,,,,,,,,,,,,,,,dyn-store-1782413261908-0,-80 Freezer,dyn-shelf-1782413261908-0,A Shelf,dyn-rack-1782413261908-0,AA,drawer-1786391575788-2,AA2,,,dyn-box-1782413261918-171,AA2-3 WNB OmpG Mutants #2,,,dyn-box-1782413261918-171,AA2-3 WNB OmpG Mutants #2,,,,9x9,,,9x9 grid box,,,,,Box,,,,,
,,,,,,,,-80 Freezer,A Shelf / AA / AA4 / AA4-1 WNB EptA Stocks,Box,,,,,,,,,,,,,,,,,,,,,,,,,dyn-store-1782413261908-0,-80 Freezer,dyn-shelf-1782413261908-0,A Shelf,dyn-rack-1782413261908-0,AA,drawer-1786391575788-4,AA4,,,dyn-box-1782413261922-235,AA4-1 WNB EptA Stocks,,,dyn-box-1782413261922-235,AA4-1 WNB EptA Stocks,,,,,,,,,,,,Box,,,,,
,,,,,,,,-80 Freezer,A Shelf / AA / AA2 / AA2-4 WNB OmpG Mutants #3,Box,,,,,,,,,,,,,,,,,,,,,,,,,dyn-store-1782413261908-0,-80 Freezer,dyn-shelf-1782413261908-0,A Shelf,dyn-rack-1782413261908-0,AA,drawer-1786391575788-2,AA2,,,dyn-box-1782413261922-243,AA2-4 WNB OmpG Mutants #3,,,dyn-box-1782413261922-243,AA2-4 WNB OmpG Mutants #3,,,,9x9,,,9x9 grid box,,,,,Box,,,,,
,,,,,,,,-80 Freezer,A Shelf / AA / AA1 / AA1-2 WNB tOmpA-A488 stocks,Box,,,,,,,,,,,,,,,,,,,,,,,,,dyn-store-1782413261908-0,-80 Freezer,dyn-shelf-1782413261908-0,A Shelf,dyn-rack-1782413261908-0,AA,drawer-1786391575788-1,AA1,,,dyn-box-1782413261922-245,AA1-2 WNB tOmpA-A488 stocks,,,dyn-box-1782413261922-245,AA1-2 WNB tOmpA-A488 stocks,,,,9x9,,,9x9 grid box,,,,,Box,,,,,
,,,,,,,,-80 Freezer,A Shelf / AA / AA3 / AA3-1 WNB OmpG Mutants #4,Box,,,,,,,,,,,,,,,,,,,,,,,,,dyn-store-1782413261908-0,-80 Freezer,dyn-shelf-1782413261908-0,A Shelf,dyn-rack-1782413261908-0,AA,drawer-1786391575788-3,AA3,,,dyn-box-1782413261929-376,AA3-1 WNB OmpG Mutants #4,,,dyn-box-1782413261929-376,AA3-1 WNB OmpG Mutants #4,,,,9x9,,,9x9 grid box,,,,,Box,,,,,
,,,,,,,,-80 Freezer,A Shelf / AA / AA3 / AA3-3 WNB Temp Storage,Box,,,,,,,,,,,,,,,,,,,,,,,,,dyn-store-1782413261908-0,-80 Freezer,dyn-shelf-1782413261908-0,A Shelf,dyn-rack-1782413261908-0,AA,drawer-1786391575788-3,AA3,,,dyn-box-1782413261932-438,AA3-3 WNB Temp Storage,,,dyn-box-1782413261932-438,AA3-3 WNB Temp Storage,,,,9x9,,,9x9 grid box,,,,,Box,,,,,
,,,,,,,,-80 Freezer,A Shelf / AB / AB1 / AB1-1-ArnA-homologs,Box,,,,,,,,,,,,,,,,,,,,,,,,,dyn-store-1782413261908-0,-80 Freezer,dyn-shelf-1782413261908-0,A Shelf,dyn-rack-1782413261932-440,AB,drawer-1786392471805-1,AB1,,,dyn-box-1782413261932-440,AB1-1-ArnA-homologs,,,dyn-box-1782413261932-440,AB1-1-ArnA-homologs,,,,9x9,,,9x9 grid box,,,,,Box,,,,,
,,,,,,,,-80 Freezer,A Shelf / AB / AB1 / AB1-2-ArnB-Homologs,Box,,,,,,,,,,,,,,,,,,,,,,,,,dyn-store-1782413261908-0,-80 Freezer,dyn-shelf-1782413261908-0,A Shelf,dyn-rack-1782413261932-440,AB,drawer-1786392471805-1,AB1,,,dyn-box-1782413261933-459,AB1-2-ArnB-Homologs,,,dyn-box-1782413261933-459,AB1-2-ArnB-Homologs,,,,9x9,,,9x9 grid box,,,,,Box,,,,,
,,,,,,,,-80 Freezer,A Shelf / AB / AB1 / AB1-3-ArnD_Homologs,Box,,,,,,,,,,,,,,,,,,,,,,,,,dyn-store-1782413261908-0,-80 Freezer,dyn-shelf-1782413261908-0,A Shelf,dyn-rack-1782413261932-440,AB,drawer-1786392471805-1,AB1,,,dyn-box-1782413261933-469,AB1-3-ArnD_Homologs,,,dyn-box-1782413261933-469,AB1-3-ArnD_Homologs,,,,9x9,,,9x9 grid box,,,,,Box,,,,,
,,,,,,,,-80 Freezer,A Shelf / AB / AB1 / AB1-4-ArnC-Homologs,Box,,,,,,,,,,,,,,,,,,,,,,,,,dyn-store-1782413261908-0,-80 Freezer,dyn-shelf-1782413261908-0,A Shelf,dyn-rack-1782413261932-440,AB,drawer-1786392471805-1,AB1,,,dyn-box-1782413261935-515,AB1-4-ArnC-Homologs,,,dyn-box-1782413261935-515,AB1-4-ArnC-Homologs,,,,9x9,,,9x9 grid box,,,,,Box,,,,,
,,,,,,,,-80 Freezer,A Shelf / AG / AG1 / AG1-1 BAM Inhibitors,Box,,,,,,,,,,,,,,,,,,,,,,,,,dyn-store-1782413261908-0,-80 Freezer,dyn-shelf-1782413261908-0,A Shelf,dyn-rack-1782413261935-529,AG,drawer-1783440965888,AG1,,,dyn-box-1782413261935-529,AG1-1 BAM Inhibitors,,,dyn-box-1782413261935-529,AG1-1 BAM Inhibitors,,,,9x9,,,9x9 grid box,,,,,Box,,,,,
,,,,,,,,-80 Freezer,A Shelf / AB / AB2 / AB2-4-ArnA-FL,Box,,,,,,,,,,,,,,,,,,,,,,,,,dyn-store-1782413261908-0,-80 Freezer,dyn-shelf-1782413261908-0,A Shelf,dyn-rack-1782413261932-440,AB,drawer-1786392471805-2,AB2,,,dyn-box-1782413261935-533,AB2-4-ArnA-FL,,,dyn-box-1782413261935-533,AB2-4-ArnA-FL,,,,,,,,,,,,Box,,,,,
,,,,,,,,-80 Freezer,A Shelf / AB / AB2 / AB2-1: TEV,Box,,,,,,,,,,,,,,,,,,,,,,,,,dyn-store-1782413261908-0,-80 Freezer,dyn-shelf-1782413261908-0,A Shelf,dyn-rack-1782413261932-440,AB,drawer-1786392471805-2,AB2,,,dyn-box-1782413261937-559,AB2-1: TEV,,,dyn-box-1782413261937-559,AB2-1: TEV,,,,9x9,,,9x9 grid box,,,,,Box,,,,,
,,,,,,,,-80 Freezer,A Shelf / AB / AB2 / AB2-2: ArnA Inhibitors (ask Austin first!),Box,,,,,,,,,,,,,,,,,,,,,,,,,dyn-store-1782413261908-0,-80 Freezer,dyn-shelf-1782413261908-0,A Shelf,dyn-rack-1782413261932-440,AB,drawer-1786392471805-2,AB2,,,dyn-box-1782413261939-635,AB2-2: ArnA Inhibitors (ask Austin first!),,,dyn-box-1782413261939-635,AB2-2: ArnA Inhibitors (ask Austin first!),,,,,,,,,,,,Box,,,,,
,,,,,,,,-80 Freezer,A Shelf / AG / AG1 / AG1-2 Marc-Andre AFM,Box,,,,,,,,,,,,,,,,,,,,,,,,,dyn-store-1782413261908-0,-80 Freezer,dyn-shelf-1782413261908-0,A Shelf,dyn-rack-1782413261935-529,AG,drawer-1783440965888,AG1,,,dyn-box-1782413261940-663,AG1-2 Marc-Andre AFM,,,dyn-box-1782413261940-663,AG1-2 Marc-Andre AFM,,,,9x9,,,9x9 grid box,,,,,Box,,,,,
,,,,,,,,-80 Freezer,A Shelf / AG / AG1 / AG1-3 Marc-Andre AFM,Box,,,,,,,,,,,,,,,,,,,,,,,,,dyn-store-1782413261908-0,-80 Freezer,dyn-shelf-1782413261908-0,A Shelf,dyn-rack-1782413261935-529,AG,drawer-1783440965888,AG1,,,dyn-box-1782413261940-664,AG1-3 Marc-Andre AFM,,,dyn-box-1782413261940-664,AG1-3 Marc-Andre AFM,,,,9x9,,,9x9 grid box,,,,,Box,,,,,
,,,,,,,,-80 Freezer,A Shelf / AG / AG1 / AG1-4 Morgan BAM,Box,,,,,,,,,,,,,,,,,,,,,,,,,dyn-store-1782413261908-0,-80 Freezer,dyn-shelf-1782413261908-0,A Shelf,dyn-rack-1782413261935-529,AG,drawer-1783440965888,AG1,,,dyn-box-1782413261940-665,AG1-4 Morgan BAM,,,dyn-box-1782413261940-665,AG1-4 Morgan BAM,,,,9x9,,,9x9 grid box,,,,,Box,,,,,
,,,,,,,,-80 Freezer,A Shelf / AG / AG3 / AG3-1 Katarina,Box,,,,,,,,,,,,,,,,,,,,,,,,,dyn-store-1782413261908-0,-80 Freezer,dyn-shelf-1782413261908-0,A Shelf,dyn-rack-1782413261935-529,AG,drawer-1783440972818,AG3,,,dyn-box-1782413261940-668,AG3-1 Katarina,,,dyn-box-1782413261940-668,AG3-1 Katarina,,,,9x9,,,9x9 grid box,,,,,Box,,,,,
,,,,,,,,-80 Freezer,A Shelf / AG / AG3 / AG3-2 SurA/MSP1D1/MSP1D2/ULP,Box,,,,,,,,,,,,,,,,,,,,,,,,,dyn-store-1782413261908-0,-80 Freezer,dyn-shelf-1782413261908-0,A Shelf,dyn-rack-1782413261935-529,AG,drawer-1783440972818,AG3,,,dyn-box-1782413261941-696,AG3-2 SurA/MSP1D1/MSP1D2/ULP,,,dyn-box-1782413261941-696,AG3-2 SurA/MSP1D1/MSP1D2/ULP,,,,9x9,,,9x9 grid box,,,,,Box,,,,,
,,,,,,,,-80 Freezer,A Shelf / AG / AG3 / AG3-4 Cristina,Box,,,,,,,,,,,,,,,,,,,,,,,,,dyn-store-1782413261908-0,-80 Freezer,dyn-shelf-1782413261908-0,A Shelf,dyn-rack-1782413261935-529,AG,drawer-1783440972818,AG3,,,dyn-box-1782413261942-735,AG3-4 Cristina,,,dyn-box-1782413261942-735,AG3-4 Cristina,,,,9x9,,,9x9 grid box,,,,,Box,,,,,
,,,,,,,,-80 Freezer,A Shelf / AG / AG6 / AG6-2 MS Lee Proteins,Box,,,,,,,,,,,,,,,,,,,,,,,,,dyn-store-1782413261908-0,-80 Freezer,dyn-shelf-1782413261908-0,A Shelf,dyn-rack-1782413261935-529,AG,drawer-1783441043078,AG6,,,dyn-box-1782413261942-736,AG6-2 MS Lee Proteins,,,dyn-box-1782413261942-736,AG6-2 MS Lee Proteins,,,,9x9,,,9x9 grid box,,,,,Box,,,,,
,,,,,,,,-80 Freezer,A Shelf / AG / AG2 / AG2-1 Morgan AFM,Box,,,,,,,,,,,,,,,,,,,,,,,,,dyn-store-1782413261908-0,-80 Freezer,dyn-shelf-1782413261908-0,A Shelf,dyn-rack-1782413261935-529,AG,drawer-1783440980783,AG2,,,dyn-box-1782413261942-758,AG2-1 Morgan AFM,,,dyn-box-1782413261942-758,AG2-1 Morgan AFM,,,,9x9,,,9x9 grid box,,,,,Box,,,,,
,,,,,,,,-80 Freezer,A Shelf / AG / AG2 / AG2-3 Marc-Andre Glycerol Stocks,Box,,,,,,,,,,,,,,,,,,,,,,,,,dyn-store-1782413261908-0,-80 Freezer,dyn-shelf-1782413261908-0,A Shelf,dyn-rack-1782413261935-529,AG,drawer-1783440980783,AG2,,,dyn-box-1782413261943-762,AG2-3 Marc-Andre Glycerol Stocks,,,dyn-box-1782413261943-762,AG2-3 Marc-Andre Glycerol Stocks,,,,9x9,,,9x9 grid box,,,,,Box,,,,,
,,,,,,,,-80 Freezer,A Shelf / AG / AG2 / AG2-4 Marc Andre AFM proteins,Box,,,,,,,,,,,,,,,,,,,,,,,,,dyn-store-1782413261908-0,-80 Freezer,dyn-shelf-1782413261908-0,A Shelf,dyn-rack-1782413261935-529,AG,drawer-1783440980783,AG2,,,dyn-box-1782413261943-763,AG2-4 Marc Andre AFM proteins,,,dyn-box-1782413261943-763,AG2-4 Marc Andre AFM proteins,,,,9x9,,,9x9 grid box,,,,,Box,,,,,
,,,,,,,,-80 Freezer,A Shelf / AG / AG3 / AG3-3 Marc Andre AFM Proteins,Box,,,,,,,,,,,,,,,,,,,,,,,,,dyn-store-1782413261908-0,-80 Freezer,dyn-shelf-1782413261908-0,A Shelf,dyn-rack-1782413261935-529,AG,drawer-1783440972818,AG3,,,dyn-box-1782413261943-768,AG3-3 Marc Andre AFM Proteins,,,dyn-box-1782413261943-768,AG3-3 Marc Andre AFM Proteins,,,,9x9,,,9x9 grid box,,,,,Box,,,,,
,,,,,,,,-80 Freezer,A Shelf / AG / AG4 / AG4-4 Proteins,Box,,,,,,,,,,,,,,,,,,,,,,,,,dyn-store-1782413261908-0,-80 Freezer,dyn-shelf-1782413261908-0,A Shelf,dyn-rack-1782413261935-529,AG,drawer-1783441005600,AG4,,,dyn-box-1782413261944-809,AG4-4 Proteins,,,dyn-box-1782413261944-809,AG4-4 Proteins,,,,9x9,,,9x9 grid box,,,,,Box,,,,,
,,,,,,,,-80 Freezer,A Shelf / AG / AG5 / AG5-4 Alex Hopkins Glycerol Stocks,Box,,,,,,,,,,,,,,,,,,,,,,,,,dyn-store-1782413261908-0,-80 Freezer,dyn-shelf-1782413261908-0,A Shelf,dyn-rack-1782413261935-529,AG,drawer-1783441030816,AG5,,,dyn-box-1782413261945-840,AG5-4 Alex Hopkins Glycerol Stocks,,,dyn-box-1782413261945-840,AG5-4 Alex Hopkins Glycerol Stocks,,,,9x9,,,9x9 grid box,,,,,Box,,,,,
,,,,,,,,-80 Freezer,A Shelf / AG / AG6 / AG6-1 MS Lee Proteins,Box,,,,,,,,,,,,,,,,,,,,,,,,,dyn-store-1782413261908-0,-80 Freezer,dyn-shelf-1782413261908-0,A Shelf,dyn-rack-1782413261935-529,AG,drawer-1783441043078,AG6,,,dyn-box-1782413261945-841,AG6-1 MS Lee Proteins,,,dyn-box-1782413261945-841,AG6-1 MS Lee Proteins,,,,9x9,,,9x9 grid box,,,,,Box,,,,,
,,,,,,,,-80 Freezer,A Shelf / AB / AB6 / AB6-1 ArnD Mutants,Box,,,,,,,,,,,,,,,,,,,,,,,,,dyn-store-1782413261908-0,-80 Freezer,dyn-shelf-1782413261908-0,A Shelf,dyn-rack-1782413261932-440,AB,drawer-1786392471805-6,AB6,,,dyn-box-1782413261946-863,AB6-1 ArnD Mutants,,,dyn-box-1782413261946-863,AB6-1 ArnD Mutants,,,,9x9,,,9x9 grid box,,,,,Box,,,,,
,,,,,,,,-80 Freezer,A Shelf / AC / AC6 / AC6-1 Damian Box 1,Box,,,,,,,,,,,,,,,,,,,,,,,,,dyn-store-1782413261908-0,-80 Freezer,dyn-shelf-1782413261908-0,A Shelf,dyn-rack-1782413261946-864,AC,drawer-1786392716337-6,AC6,,,dyn-box-1782413261946-864,AC6-1 Damian Box 1,,,dyn-box-1782413261946-864,AC6-1 Damian Box 1,,,,9x9,,,9x9 grid box,,,,,Box,,,,,
,,,,,,,,-80 Freezer,A Shelf / AC / AC6 / AC6-2 Damian Box 2,Box,,,,,,,,,,,,,,,,,,,,,,,,,dyn-store-1782413261908-0,-80 Freezer,dyn-shelf-1782413261908-0,A Shelf,dyn-rack-1782413261946-864,AC,drawer-1786392716337-6,AC6,,,dyn-box-1782413261946-866,AC6-2 Damian Box 2,,,dyn-box-1782413261946-866,AC6-2 Damian Box 2,,,,,,,,,,,,Box,,,,,
,,,,,,,,-80 Freezer,A Shelf / AD / AD1 / AD1-1,Box,,,,,,,,,,,,,,,,,,,,,,,,,dyn-store-1782413261908-0,-80 Freezer,dyn-shelf-1782413261908-0,A Shelf,dyn-rack-1782413261948-963,AD,drawer-1783441923799,AD1,,,dyn-box-1782413261948-963,AD1-1,,,dyn-box-1782413261948-963,AD1-1,,,,9x9,,,9x9 grid box,,,,,Box,,,,,
,,,,,,,,-80 Freezer,A Shelf / AD / AD1 / AD1-2,Box,,,,,,,,,,,,,,,,,,,,,,,,,dyn-store-1782413261908-0,-80 Freezer,dyn-shelf-1782413261908-0,A Shelf,dyn-rack-1782413261948-963,AD,drawer-1783441923799,AD1,,,dyn-box-1782413261948-964,AD1-2,,,dyn-box-1782413261948-964,AD1-2,,,,9x9,,,9x9 grid box,,,,,Box,,,,,
,,,,,,,,-80 Freezer,A Shelf / AD / AD1 / AD1-3,Box,,,,,,,,,,,,,,,,,,,,,,,,,dyn-store-1782413261908-0,-80 Freezer,dyn-shelf-1782413261908-0,A Shelf,dyn-rack-1782413261948-963,AD,drawer-1783441923799,AD1,,,dyn-box-1782413261948-965,AD1-3,,,dyn-box-1782413261948-965,AD1-3,,,,9x9,,,9x9 grid box,,,,,Box,,,,,
,,,,,,,,-80 Freezer,A Shelf / AD / AD1 / AD1-4,Box,,,,,,,,,,,,,,,,,,,,,,,,,dyn-store-1782413261908-0,-80 Freezer,dyn-shelf-1782413261908-0,A Shelf,dyn-rack-1782413261948-963,AD,drawer-1783441923799,AD1,,,dyn-box-1782413261948-966,AD1-4,,,dyn-box-1782413261948-966,AD1-4,,,,9x9,,,9x9 grid box,,,,,Box,,,,,
,,,,,,,,-80 Freezer,A Shelf / AD / AD2 / AD2-1,Box,,,,,,,,,,,,,,,,,,,,,,,,,dyn-store-1782413261908-0,-80 Freezer,dyn-shelf-1782413261908-0,A Shelf,dyn-rack-1782413261948-963,AD,drawer-1786393098113-1,AD2,,,dyn-box-1782413261948-967,AD2-1,,,dyn-box-1782413261948-967,AD2-1,,,,9x9,,,9x9 grid box,,,,,Box,,,,,
,,,,,,,,-80 Freezer,A Shelf / AD / AD2 / AD2-2,Box,,,,,,,,,,,,,,,,,,,,,,,,,dyn-store-1782413261908-0,-80 Freezer,dyn-shelf-1782413261908-0,A Shelf,dyn-rack-1782413261948-963,AD,drawer-1786393098113-1,AD2,,,dyn-box-1782413261948-968,AD2-2,,,dyn-box-1782413261948-968,AD2-2,,,,9x9,,,9x9 grid box,,,,,Box,,,,,
,,,,,,,,-80 Freezer,A Shelf / AD / AD2 / AD2-3,Box,,,,,,,,,,,,,,,,,,,,,,,,,dyn-store-1782413261908-0,-80 Freezer,dyn-shelf-1782413261908-0,A Shelf,dyn-rack-1782413261948-963,AD,drawer-1786393098113-1,AD2,,,dyn-box-1782413261948-969,AD2-3,,,dyn-box-1782413261948-969,AD2-3,,,,9x9,,,9x9 grid box,,,,,Box,,,,,
,,,,,,,,-80 Freezer,A Shelf / AD / AD2 / AD2-4,Box,,,,,,,,,,,,,,,,,,,,,,,,,dyn-store-1782413261908-0,-80 Freezer,dyn-shelf-1782413261908-0,A Shelf,dyn-rack-1782413261948-963,AD,drawer-1786393098113-1,AD2,,,dyn-box-1782413261948-970,AD2-4,,,dyn-box-1782413261948-970,AD2-4,,,,9x9,,,9x9 grid box,,,,,Box,,,,,
,,,,,,,,-80 Freezer,A Shelf / AD / AD3 / AD3-1,Box,,,,,,,,,,,,,,,,,,,,,,,,,dyn-store-1782413261908-0,-80 Freezer,dyn-shelf-1782413261908-0,A Shelf,dyn-rack-1782413261948-963,AD,drawer-1786393098113-2,AD3,,,dyn-box-1782413261949-971,AD3-1,,,dyn-box-1782413261949-971,AD3-1,,,,9x9,,,9x9 grid box,,,,,Box,,,,,
,,,,,,,,-80 Freezer,A Shelf / AD / AD3 / AD3-2,Box,,,,,,,,,,,,,,,,,,,,,,,,,dyn-store-1782413261908-0,-80 Freezer,dyn-shelf-1782413261908-0,A Shelf,dyn-rack-1782413261948-963,AD,drawer-1786393098113-2,AD3,,,dyn-box-1782413261949-972,AD3-2,,,dyn-box-1782413261949-972,AD3-2,,,,9x9,,,9x9 grid box,,,,,Box,,,,,
,,,,,,,,-80 Freezer,A Shelf / AD / AD3 / AD3-3,Box,,,,,,,,,,,,,,,,,,,,,,,,,dyn-store-1782413261908-0,-80 Freezer,dyn-shelf-1782413261908-0,A Shelf,dyn-rack-1782413261948-963,AD,drawer-1786393098113-2,AD3,,,dyn-box-1782413261949-973,AD3-3,,,dyn-box-1782413261949-973,AD3-3,,,,9x9,,,9x9 grid box,,,,,Box,,,,,
,,,,,,,,-80 Freezer,A Shelf / AD / AD3 / AD3-4,Box,,,,,,,,,,,,,,,,,,,,,,,,,dyn-store-1782413261908-0,-80 Freezer,dyn-shelf-1782413261908-0,A Shelf,dyn-rack-1782413261948-963,AD,drawer-1786393098113-2,AD3,,,dyn-box-1782413261949-974,AD3-4,,,dyn-box-1782413261949-974,AD3-4,,,,9x9,,,9x9 grid box,,,,,Box,,,,,
,,,,,,,,-80 Freezer,A Shelf / AD / AD4 / AD4-1,Box,,,,,,,,,,,,,,,,,,,,,,,,,dyn-store-1782413261908-0,-80 Freezer,dyn-shelf-1782413261908-0,A Shelf,dyn-rack-1782413261948-963,AD,drawer-1786393098113-3,AD4,,,dyn-box-1782413261949-975,AD4-1,,,dyn-box-1782413261949-975,AD4-1,,,,9x9,,,9x9 grid box,,,,,Box,,,,,
,,,,,,,,-80 Freezer,A Shelf / AD / AD4 / AD4-2,Box,,,,,,,,,,,,,,,,,,,,,,,,,dyn-store-1782413261908-0,-80 Freezer,dyn-shelf-1782413261908-0,A Shelf,dyn-rack-1782413261948-963,AD,drawer-1786393098113-3,AD4,,,dyn-box-1782413261949-976,AD4-2,,,dyn-box-1782413261949-976,AD4-2,,,,9x9,,,9x9 grid box,,,,,Box,,,,,
,,,,,,,,-80 Freezer,A Shelf / AD / AD4 / AD4-3,Box,,,,,,,,,,,,,,,,,,,,,,,,,dyn-store-1782413261908-0,-80 Freezer,dyn-shelf-1782413261908-0,A Shelf,dyn-rack-1782413261948-963,AD,drawer-1786393098113-3,AD4,,,dyn-box-1782413261949-977,AD4-3,,,dyn-box-1782413261949-977,AD4-3,,,,9x9,,,9x9 grid box,,,,,Box,,,,,
,,,,,,,,-80 Freezer,A Shelf / AD / AD4 / AD4-4,Box,,,,,,,,,,,,,,,,,,,,,,,,,dyn-store-1782413261908-0,-80 Freezer,dyn-shelf-1782413261908-0,A Shelf,dyn-rack-1782413261948-963,AD,drawer-1786393098113-3,AD4,,,dyn-box-1782413261949-978,AD4-4,,,dyn-box-1782413261949-978,AD4-4,,,,9x9,,,9x9 grid box,,,,,Box,,,,,
,,,,,,,,-80 Freezer,A Shelf / AD / AD5 / AD5-1,Box,,,,,,,,,,,,,,,,,,,,,,,,,dyn-store-1782413261908-0,-80 Freezer,dyn-shelf-1782413261908-0,A Shelf,dyn-rack-1782413261948-963,AD,drawer-1786393098113-4,AD5,,,dyn-box-1782413261949-979,AD5-1,,,dyn-box-1782413261949-979,AD5-1,,,,9x9,,,9x9 grid box,,,,,Box,,,,,
,,,,,,,,-80 Freezer,A Shelf / AD / AD5 / AD5-2,Box,,,,,,,,,,,,,,,,,,,,,,,,,dyn-store-1782413261908-0,-80 Freezer,dyn-shelf-1782413261908-0,A Shelf,dyn-rack-1782413261948-963,AD,drawer-1786393098113-4,AD5,,,dyn-box-1782413261949-980,AD5-2,,,dyn-box-1782413261949-980,AD5-2,,,,9x9,,,9x9 grid box,,,,,Box,,,,,
,,,,,,,,-80 Freezer,A Shelf / AD / AD5 / AD5-3,Box,,,,,,,,,,,,,,,,,,,,,,,,,dyn-store-1782413261908-0,-80 Freezer,dyn-shelf-1782413261908-0,A Shelf,dyn-rack-1782413261948-963,AD,drawer-1786393098113-4,AD5,,,dyn-box-1782413261949-981,AD5-3,,,dyn-box-1782413261949-981,AD5-3,,,,9x9,,,9x9 grid box,,,,,Box,,,,,
,,,,,,,,-80 Freezer,A Shelf / AC / AC6 / AC6-3 Damian Box 3,Box,,,,,,,,,,,,,,,,,,,,,,,,,dyn-store-1782413261908-0,-80 Freezer,dyn-shelf-1782413261908-0,A Shelf,dyn-rack-1782413261946-864,AC,drawer-1786392716337-6,AC6,,,dyn-box-1782413261949-983,AC6-3 Damian Box 3,,,dyn-box-1782413261949-983,AC6-3 Damian Box 3,,,,9x9,,,9x9 grid box,,,,,Box,,,,,
,,,,,,,,-80 Freezer,A Shelf / AG / AG4 / AG4-1 Marc-Andre AFM Proteins,Box,,,,,,,,,,,,,,,,,,,,,,,,,dyn-store-1782413261908-0,-80 Freezer,dyn-shelf-1782413261908-0,A Shelf,dyn-rack-1782413261935-529,AG,drawer-1783441005600,AG4,,,box-1783441374268,AG4-1 Marc-Andre AFM Proteins,,,box-1783441374268,AG4-1 Marc-Andre AFM Proteins,,,,9x9,,,9x9 grid box,,,,,Box,,,,,
,,,,,,,,-80 Freezer,A Shelf / AG / AG4 / AG4-2 Marc-Andre 2026 Box 1,Box,,,,,,,,,,,,,,,,,,,,,,,,,dyn-store-1782413261908-0,-80 Freezer,dyn-shelf-1782413261908-0,A Shelf,dyn-rack-1782413261935-529,AG,drawer-1783441005600,AG4,,,box-1783441401786,AG4-2 Marc-Andre 2026 Box 1,,,box-1783441401786,AG4-2 Marc-Andre 2026 Box 1,,,,9x9,,,9x9 grid box,,,,,Box,,,,,
,,,,,,,,-80 Freezer,A Shelf / AG / AG4 / AG4-3 Marc-Andre Glycerol Stocks,Box,,,,,,,,,,,,,,,,,,,,,,,,,dyn-store-1782413261908-0,-80 Freezer,dyn-shelf-1782413261908-0,A Shelf,dyn-rack-1782413261935-529,AG,drawer-1783441005600,AG4,,,box-1783533218323,AG4-3 Marc-Andre Glycerol Stocks,,,box-1783533218323,AG4-3 Marc-Andre Glycerol Stocks,,,,9x9,,,9x9 grid box,,,,,Box,,,,,
,,,,,,,,-20 Freezer 1 - Central Lab,Shelf 5 / Rack A / A / Plasmid Archive A0 - pMS 1-41,Box,,,,,,,,,,,,,,,,,,,,,,,,,dyn-store-1782413208556-1,-20 Freezer 1 - Central Lab,shelf-1786131234723,Shelf 5,rack-1786131370124,Rack A,drawer-1786131370124-1,A,,,box-1786132111296,Plasmid Archive A0 - pMS 1-41,,,box-1786132111296,Plasmid Archive A0 - pMS 1-41,,,,9x9,,,9x9 grid box,,,,,Box,,,,,
,,,,,,,,-20 Freezer 1 - Central Lab,Shelf 5 / Rack A / A / Plasmid Archive A1 - 101-181,Box,,,,,,,,,,,,,,,,,,,,,,,,,dyn-store-1782413208556-1,-20 Freezer 1 - Central Lab,shelf-1786131234723,Shelf 5,rack-1786131370124,Rack A,drawer-1786131370124-1,A,,,box-1786132126873,Plasmid Archive A1 - 101-181,,,box-1786132126873,Plasmid Archive A1 - 101-181,,,,9x9,,,9x9 grid box,,,,,Box,,,,,
,,,,,,,,-20 Freezer 1 - Central Lab,Shelf 5 / Rack A / A / Plasmid Archive A2 - pMS 182-265,Box,,,,,,,,,,,,,,,,,,,,,,,,,dyn-store-1782413208556-1,-20 Freezer 1 - Central Lab,shelf-1786131234723,Shelf 5,rack-1786131370124,Rack A,drawer-1786131370124-1,A,,,box-1786132130564,Plasmid Archive A2 - pMS 182-265,,,box-1786132130564,Plasmid Archive A2 - pMS 182-265,,,,9x9,,,9x9 grid box,,,,,Box,,,,,
,,,,,,,,-20 Freezer 1 - Central Lab,Shelf 5 / Rack A / A / Plasmid Archive A3 - pMS 266-347,Box,,,,,,,,,,,,,,,,,,,,,,,,,dyn-store-1782413208556-1,-20 Freezer 1 - Central Lab,shelf-1786131234723,Shelf 5,rack-1786131370124,Rack A,drawer-1786131370124-1,A,,,box-1786132134131,Plasmid Archive A3 - pMS 266-347,,,box-1786132134131,Plasmid Archive A3 - pMS 266-347,,,,9x9,,,9x9 grid box,,,,,Box,,,,,
,,,,,,,,-20 Freezer 1 - Central Lab,Shelf 5 / Rack A / B / Plasmid Archive A4 - pMS 348-447,Box,,,,,,,,,,,,,,,,,,,,,,,,,dyn-store-1782413208556-1,-20 Freezer 1 - Central Lab,shelf-1786131234723,Shelf 5,rack-1786131370124,Rack A,drawer-1786131370124-2,B,,,box-1786132140035,Plasmid Archive A4 - pMS 348-447,,,box-1786132140035,Plasmid Archive A4 - pMS 348-447,,,,9x9,,,9x9 grid box,,,,,Box,,,,,
,,,,,,,,-20 Freezer 1 - Central Lab,Shelf 5 / Rack A / B / Plasmid Archive A5 - pMS 448-528,Box,,,,,,,,,,,,,,,,,,,,,,,,,dyn-store-1782413208556-1,-20 Freezer 1 - Central Lab,shelf-1786131234723,Shelf 5,rack-1786131370124,Rack A,drawer-1786131370124-2,B,,,box-1786132143319,Plasmid Archive A5 - pMS 448-528,,,box-1786132143319,Plasmid Archive A5 - pMS 448-528,,,,9x9,,,9x9 grid box,,,,,Box,,,,,
,,,,,,,,-20 Freezer 1 - Central Lab,Shelf 5 / Rack A / B / Plasmid Archive A6 - pMS 529-628,Box,,,,,,,,,,,,,,,,,,,,,,,,,dyn-store-1782413208556-1,-20 Freezer 1 - Central Lab,shelf-1786131234723,Shelf 5,rack-1786131370124,Rack A,drawer-1786131370124-2,B,,,box-1786132146267,Plasmid Archive A6 - pMS 529-628,,,box-1786132146267,Plasmid Archive A6 - pMS 529-628,,,,9x9,,,9x9 grid box,,,,,Box,,,,,
,,,,,,,,-20 Freezer 1 - Central Lab,Shelf 5 / Rack A / B / Plasmid Archive A7 - pMS 629-712,Box,,,,,,,,,,,,,,,,,,,,,,,,,dyn-store-1782413208556-1,-20 Freezer 1 - Central Lab,shelf-1786131234723,Shelf 5,rack-1786131370124,Rack A,drawer-1786131370124-2,B,,,box-1786132149372,Plasmid Archive A7 - pMS 629-712,,,box-1786132149372,Plasmid Archive A7 - pMS 629-712,,,,9x9,,,9x9 grid box,,,,,Box,,,,,
,,,,,,,,-20 Freezer 1 - Central Lab,Shelf 5 / Rack A / C / Plasmid Archive A8 - pMS 713-793,Box,,,,,,,,,,,,,,,,,,,,,,,,,dyn-store-1782413208556-1,-20 Freezer 1 - Central Lab,shelf-1786131234723,Shelf 5,rack-1786131370124,Rack A,drawer-1786131370124-3,C,,,box-1786132154569,Plasmid Archive A8 - pMS 713-793,,,box-1786132154569,Plasmid Archive A8 - pMS 713-793,,,,9x9,,,9x9 grid box,,,,,Box,,,,,
,,,,,,,,-20 Freezer 1 - Central Lab,Shelf 5 / Rack A / C / Plasmid Archive A9 - pMS 794-874,Box,,,,,,,,,,,,,,,,,,,,,,,,,dyn-store-1782413208556-1,-20 Freezer 1 - Central Lab,shelf-1786131234723,Shelf 5,rack-1786131370124,Rack A,drawer-1786131370124-3,C,,,box-1786132157246,Plasmid Archive A9 - pMS 794-874,,,box-1786132157246,Plasmid Archive A9 - pMS 794-874,,,,9x9,,,9x9 grid box,,,,,Box,,,,,
,,,,,,,,-20 Freezer 1 - Central Lab,Shelf 5 / Rack A / C / Plasmid Archive A10 - pMS 875-957,Box,,,,,,,,,,,,,,,,,,,,,,,,,dyn-store-1782413208556-1,-20 Freezer 1 - Central Lab,shelf-1786131234723,Shelf 5,rack-1786131370124,Rack A,drawer-1786131370124-3,C,,,box-1786132160322,Plasmid Archive A10 - pMS 875-957,,,box-1786132160322,Plasmid Archive A10 - pMS 875-957,,,,9x9,,,9x9 grid box,,,,,Box,,,,,
,,,,,,,,-20 Freezer 1 - Central Lab,Shelf 5 / Rack A / C / Plasmid Archive A11 - pMS 958-1038,Box,,,,,,,,,,,,,,,,,,,,,,,,,dyn-store-1782413208556-1,-20 Freezer 1 - Central Lab,shelf-1786131234723,Shelf 5,rack-1786131370124,Rack A,drawer-1786131370124-3,C,,,box-1786132163585,Plasmid Archive A11 - pMS 958-1038,,,box-1786132163585,Plasmid Archive A11 - pMS 958-1038,,,,9x9,,,9x9 grid box,,,,,Box,,,,,
,,,,,,,,-20 Freezer 1 - Central Lab,Shelf 5 / Rack A / D / Plasmid Archive A12 - pMS 1039-1119,Box,,,,,,,,,,,,,,,,,,,,,,,,,dyn-store-1782413208556-1,-20 Freezer 1 - Central Lab,shelf-1786131234723,Shelf 5,rack-1786131370124,Rack A,drawer-1786131370124-4,D,,,box-1786132167701,Plasmid Archive A12 - pMS 1039-1119,,,box-1786132167701,Plasmid Archive A12 - pMS 1039-1119,,,,9x9,,,9x9 grid box,,,,,Box,,,,,
,,,,,,,,-20 Freezer 1 - Central Lab,Shelf 5 / Rack A / D / Plasmid Archive A13 - pMS 1120-1199,Box,,,,,,,,,,,,,,,,,,,,,,,,,dyn-store-1782413208556-1,-20 Freezer 1 - Central Lab,shelf-1786131234723,Shelf 5,rack-1786131370124,Rack A,drawer-1786131370124-4,D,,,box-1786132170579,Plasmid Archive A13 - pMS 1120-1199,,,box-1786132170579,Plasmid Archive A13 - pMS 1120-1199,,,,9x9,,,9x9 grid box,,,,,Box,,,,,
,,,,,,,,-20 Freezer 1 - Central Lab,Shelf 5 / Rack A / D / Plasmid Archive A14 - pMS 1200-1294,Box,,,,,,,,,,,,,,,,,,,,,,,,,dyn-store-1782413208556-1,-20 Freezer 1 - Central Lab,shelf-1786131234723,Shelf 5,rack-1786131370124,Rack A,drawer-1786131370124-4,D,,,box-1786132174463,Plasmid Archive A14 - pMS 1200-1294,,,box-1786132174463,Plasmid Archive A14 - pMS 1200-1294,,,,9x9,,,9x9 grid box,,,,,Box,,,,,
,,,,,,,,-20 Freezer 1 - Central Lab,Shelf 5 / Rack A / D / Plasmid Archive A15 - pMS 1295-1392,Box,,,,,,,,,,,,,,,,,,,,,,,,,dyn-store-1782413208556-1,-20 Freezer 1 - Central Lab,shelf-1786131234723,Shelf 5,rack-1786131370124,Rack A,drawer-1786131370124-4,D,,,box-1786132178329,Plasmid Archive A15 - pMS 1295-1392,,,box-1786132178329,Plasmid Archive A15 - pMS 1295-1392,,,,9x9,,,9x9 grid box,,,,,Box,,,,,
,,,,,,,,-20 Freezer 1 - Central Lab,Shelf 5 / Rack A / E / Plasmid Archive A16 - pMS 1393-1477,Box,,,,,,,,,,,,,,,,,,,,,,,,,dyn-store-1782413208556-1,-20 Freezer 1 - Central Lab,shelf-1786131234723,Shelf 5,rack-1786131370124,Rack A,drawer-1786131370124-5,E,,,box-1786132183924,Plasmid Archive A16 - pMS 1393-1477,,,box-1786132183924,Plasmid Archive A16 - pMS 1393-1477,,,,9x9,,,9x9 grid box,,,,,Box,,,,,
,,,,,,,,-20 Freezer 1 - Central Lab,Shelf 5 / Rack A / E / Plasmid Archive A17 - pMS 1478-1585,Box,,,,,,,,,,,,,,,,,,,,,,,,,dyn-store-1782413208556-1,-20 Freezer 1 - Central Lab,shelf-1786131234723,Shelf 5,rack-1786131370124,Rack A,drawer-1786131370124-5,E,,,box-1786132187142,Plasmid Archive A17 - pMS 1478-1585,,,box-1786132187142,Plasmid Archive A17 - pMS 1478-1585,,,,9x9,,,9x9 grid box,,,,,Box,,,,,
,,,,,,,,-20 Freezer 1 - Central Lab,Shelf 5 / Rack A / E / Plasmid Archive A18 - pMS 1588-1685,Box,,,,,,,,,,,,,,,,,,,,,,,,,dyn-store-1782413208556-1,-20 Freezer 1 - Central Lab,shelf-1786131234723,Shelf 5,rack-1786131370124,Rack A,drawer-1786131370124-5,E,,,box-1786132190613,Plasmid Archive A18 - pMS 1588-1685,,,box-1786132190613,Plasmid Archive A18 - pMS 1588-1685,,,,9x9,,,9x9 grid box,,,,,Box,,,,,
,,,,,,,,-20 Freezer 1 - Central Lab,Shelf 5 / Rack A / E / Plasmid Archive A19 - pMS 1686-1779,Box,,,,,,,,,,,,,,,,,,,,,,,,,dyn-store-1782413208556-1,-20 Freezer 1 - Central Lab,shelf-1786131234723,Shelf 5,rack-1786131370124,Rack A,drawer-1786131370124-5,E,,,box-1786132194305,Plasmid Archive A19 - pMS 1686-1779,,,box-1786132194305,Plasmid Archive A19 - pMS 1686-1779,,,,9x9,,,9x9 grid box,,,,,Box,,,,,
,,,,,,,,-20 Freezer 1 - Central Lab,Shelf 5 / Rack B / A / Plasmid Archive A20 - pMS 1783-,Box,,,,,,,,,,,,,,,,,,,,,,,,,dyn-store-1782413208556-1,-20 Freezer 1 - Central Lab,shelf-1786131234723,Shelf 5,rack-1786131415859,Rack B,drawer-1786131415859-1,A,,,box-1786132200313,Plasmid Archive A20 - pMS 1783-,,,box-1786132200313,Plasmid Archive A20 - pMS 1783-,,,,9x9,,,9x9 grid box,,,,,Box,,,,,
,,,,,,,,-20 Freezer 1 - Central Lab,Shelf 1 / Rack A / A / Plasmid Box 0,Box,,,,,,,,,,,,,,,,,,,,,,,,,dyn-store-1782413208556-1,-20 Freezer 1 - Central Lab,dyn-shelf-1782413208556-1,Shelf 1,rack-1786131712916,Rack A,drawer-1786131712916-1,A,,,box-1786383730365,Plasmid Box 0,,,box-1786383730365,Plasmid Box 0,,,,10x10,,,10x10 grid box,,,,,Box,,,,,
,,,,,,,,-20 Freezer 1 - Central Lab,Shelf 1 / Rack A / A / Plasmid Box 1,Box,,,,,,,,,,,,,,,,,,,,,,,,,dyn-store-1782413208556-1,-20 Freezer 1 - Central Lab,dyn-shelf-1782413208556-1,Shelf 1,rack-1786131712916,Rack A,drawer-1786131712916-1,A,,,box-1786383764251,Plasmid Box 1,,,box-1786383764251,Plasmid Box 1,,,,10x10,,,10x10 grid box,,,,,Box,,,,,
,,,,,,,,-20 Freezer 1 - Central Lab,Shelf 1 / Rack A / A / Plasmid Box 2,Box,,,,,,,,,,,,,,,,,,,,,,,,,dyn-store-1782413208556-1,-20 Freezer 1 - Central Lab,dyn-shelf-1782413208556-1,Shelf 1,rack-1786131712916,Rack A,drawer-1786131712916-1,A,,,box-1786383774316,Plasmid Box 2,,,box-1786383774316,Plasmid Box 2,,,,10x10,,,10x10 grid box,,,,,Box,,,,,
,,,,,,,,-20 Freezer 1 - Central Lab,Shelf 1 / Rack A / B / Plasmid Box 3,Box,,,,,,,,,,,,,,,,,,,,,,,,,dyn-store-1782413208556-1,-20 Freezer 1 - Central Lab,dyn-shelf-1782413208556-1,Shelf 1,rack-1786131712916,Rack A,drawer-1786131712916-2,B,,,box-1786383812228,Plasmid Box 3,,,box-1786383812228,Plasmid Box 3,,,,10x10,,,10x10 grid box,,,,,Box,,,,,
,,,,,,,,-20 Freezer 1 - Central Lab,Shelf 1 / Rack A / B / Plasmid Box 4,Box,,,,,,,,,,,,,,,,,,,,,,,,,dyn-store-1782413208556-1,-20 Freezer 1 - Central Lab,dyn-shelf-1782413208556-1,Shelf 1,rack-1786131712916,Rack A,drawer-1786131712916-2,B,,,box-1786383819405,Plasmid Box 4,,,box-1786383819405,Plasmid Box 4,,,,10x10,,,10x10 grid box,,,,,Box,,,,,
,,,,,,,,-20 Freezer 1 - Central Lab,Shelf 1 / Rack A / B / Plasmid Box 5,Box,,,,,,,,,,,,,,,,,,,,,,,,,dyn-store-1782413208556-1,-20 Freezer 1 - Central Lab,dyn-shelf-1782413208556-1,Shelf 1,rack-1786131712916,Rack A,drawer-1786131712916-2,B,,,box-1786383830791,Plasmid Box 5,,,box-1786383830791,Plasmid Box 5,,,,10x10,,,10x10 grid box,,,,,Box,,,,,
,,,,,,,,-20 Freezer 1 - Central Lab,Shelf 1 / Rack A / C / Plasmid Box 6,Box,,,,,,,,,,,,,,,,,,,,,,,,,dyn-store-1782413208556-1,-20 Freezer 1 - Central Lab,dyn-shelf-1782413208556-1,Shelf 1,rack-1786131712916,Rack A,drawer-1786131712916-3,C,,,box-1786383843870,Plasmid Box 6,,,box-1786383843870,Plasmid Box 6,,,,10x10,,,10x10 grid box,,,,,Box,,,,,
,,,,,,,,-20 Freezer 1 - Central Lab,Shelf 1 / Rack A / C / Plasmid Box 7,Box,,,,,,,,,,,,,,,,,,,,,,,,,dyn-store-1782413208556-1,-20 Freezer 1 - Central Lab,dyn-shelf-1782413208556-1,Shelf 1,rack-1786131712916,Rack A,drawer-1786131712916-3,C,,,box-1786383853395,Plasmid Box 7,,,box-1786383853395,Plasmid Box 7,,,,10x10,,,10x10 grid box,,,,,Box,,,,,
,,,,,,,,-20 Freezer 1 - Central Lab,Shelf 1 / Rack A / C / Plasmid Box 8,Box,,,,,,,,,,,,,,,,,,,,,,,,,dyn-store-1782413208556-1,-20 Freezer 1 - Central Lab,dyn-shelf-1782413208556-1,Shelf 1,rack-1786131712916,Rack A,drawer-1786131712916-3,C,,,box-1786383860821,Plasmid Box 8,,,box-1786383860821,Plasmid Box 8,,,,10x10,,,10x10 grid box,,,,,Box,,,,,
,,,,,,,,-20 Freezer 1 - Central Lab,Shelf 1 / Rack A / D / Plasmid Box 9,Box,,,,,,,,,,,,,,,,,,,,,,,,,dyn-store-1782413208556-1,-20 Freezer 1 - Central Lab,dyn-shelf-1782413208556-1,Shelf 1,rack-1786131712916,Rack A,drawer-1786131712916-4,D,,,box-1786383870765,Plasmid Box 9,,,box-1786383870765,Plasmid Box 9,,,,10x10,,,10x10 grid box,,,,,Box,,,,,
,,,,,,,,-20 Freezer 1 - Central Lab,Shelf 1 / Rack A / D / Plasmid Box 10,Box,,,,,,,,,,,,,,,,,,,,,,,,,dyn-store-1782413208556-1,-20 Freezer 1 - Central Lab,dyn-shelf-1782413208556-1,Shelf 1,rack-1786131712916,Rack A,drawer-1786131712916-4,D,,,box-1786383877705,Plasmid Box 10,,,box-1786383877705,Plasmid Box 10,,,,10x10,,,10x10 grid box,,,,,Box,,,,,
,,,,,,,,-20 Freezer 1 - Central Lab,Shelf 1 / Rack A / D / Plasmid Box 11,Box,,,,,,,,,,,,,,,,,,,,,,,,,dyn-store-1782413208556-1,-20 Freezer 1 - Central Lab,dyn-shelf-1782413208556-1,Shelf 1,rack-1786131712916,Rack A,drawer-1786131712916-4,D,,,box-1786383889710,Plasmid Box 11,,,box-1786383889710,Plasmid Box 11,,,,10x10,,,10x10 grid box,,,,,Box,,,,,
,,,,,,,,-20 Freezer 1 - Central Lab,Shelf 1 / Rack B / A / Plasmid Box 12,Box,,,,,,,,,,,,,,,,,,,,,,,,,dyn-store-1782413208556-1,-20 Freezer 1 - Central Lab,dyn-shelf-1782413208556-1,Shelf 1,rack-1786131731607,Rack B,drawer-1786131731607-1,A,,,box-1786383917078,Plasmid Box 12,,,box-1786383917078,Plasmid Box 12,,,,10x10,,,10x10 grid box,,,,,Box,,,,,
,,,,,,,,-20 Freezer 1 - Central Lab,Shelf 1 / Rack B / A / Plasmid Box 13,Box,,,,,,,,,,,,,,,,,,,,,,,,,dyn-store-1782413208556-1,-20 Freezer 1 - Central Lab,dyn-shelf-1782413208556-1,Shelf 1,rack-1786131731607,Rack B,drawer-1786131731607-1,A,,,box-1786383923970,Plasmid Box 13,,,box-1786383923970,Plasmid Box 13,,,,10x10,,,10x10 grid box,,,,,Box,,,,,
,,,,,,,,-20 Freezer 1 - Central Lab,Shelf 1 / Rack B / A / Plasmid Box 14,Box,,,,,,,,,,,,,,,,,,,,,,,,,dyn-store-1782413208556-1,-20 Freezer 1 - Central Lab,dyn-shelf-1782413208556-1,Shelf 1,rack-1786131731607,Rack B,drawer-1786131731607-1,A,,,box-1786383930173,Plasmid Box 14,,,box-1786383930173,Plasmid Box 14,,,,10x10,,,10x10 grid box,,,,,Box,,,,,
,,,,,,,,-20 Freezer 1 - Central Lab,Shelf 1 / Rack B / B / Plasmid Box 15,Box,,,,,,,,,,,,,,,,,,,,,,,,,dyn-store-1782413208556-1,-20 Freezer 1 - Central Lab,dyn-shelf-1782413208556-1,Shelf 1,rack-1786131731607,Rack B,drawer-1786131731607-2,B,,,box-1786383941401,Plasmid Box 15,,,box-1786383941401,Plasmid Box 15,,,,10x10,,,10x10 grid box,,,,,Box,,,,,
,,,,,,,,-20 Freezer 1 - Central Lab,Shelf 1 / Rack B / B / Plasmid Box 16,Box,,,,,,,,,,,,,,,,,,,,,,,,,dyn-store-1782413208556-1,-20 Freezer 1 - Central Lab,dyn-shelf-1782413208556-1,Shelf 1,rack-1786131731607,Rack B,drawer-1786131731607-2,B,,,box-1786383950456,Plasmid Box 16,,,box-1786383950456,Plasmid Box 16,,,,10x10,,,10x10 grid box,,,,,Box,,,,,
,,,,,,,,-20 Freezer 1 - Central Lab,Shelf 1 / Rack B / B / Plasmid Box 17,Box,,,,,,,,,,,,,,,,,,,,,,,,,dyn-store-1782413208556-1,-20 Freezer 1 - Central Lab,dyn-shelf-1782413208556-1,Shelf 1,rack-1786131731607,Rack B,drawer-1786131731607-2,B,,,box-1786383957188,Plasmid Box 17,,,box-1786383957188,Plasmid Box 17,,,,10x10,,,10x10 grid box,,,,,Box,,,,,
,,,,,,,,-20 Freezer 1 - Central Lab,Shelf 1 / Rack B / C / Plasmid Box 18,Box,,,,,,,,,,,,,,,,,,,,,,,,,dyn-store-1782413208556-1,-20 Freezer 1 - Central Lab,dyn-shelf-1782413208556-1,Shelf 1,rack-1786131731607,Rack B,drawer-1786131731607-3,C,,,box-1786383966955,Plasmid Box 18,,,box-1786383966955,Plasmid Box 18,,,,10x10,,,10x10 grid box,,,,,Box,,,,,
,,,,,,,,-20 Freezer 1 - Central Lab,Shelf 1 / Rack B / C / Plasmid Box 19,Box,,,,,,,,,,,,,,,,,,,,,,,,,dyn-store-1782413208556-1,-20 Freezer 1 - Central Lab,dyn-shelf-1782413208556-1,Shelf 1,rack-1786131731607,Rack B,drawer-1786131731607-3,C,,,box-1786383996245,Plasmid Box 19,,,box-1786383996245,Plasmid Box 19,,,,10x10,,,10x10 grid box,,,,,Box,,,,,
,,,,,,,,-20 Freezer 1 - Central Lab,Shelf 1 / Rack B / D / Genomic DNA and Control Plasmids,Box,,,,,,,,,,,,,,,,,,,,,,,,,dyn-store-1782413208556-1,-20 Freezer 1 - Central Lab,dyn-shelf-1782413208556-1,Shelf 1,rack-1786131731607,Rack B,drawer-1786131731607-4,D,,,box-1786384317746,Genomic DNA and Control Plasmids,,,box-1786384317746,Genomic DNA and Control Plasmids,,,,10x10,,,10x10 grid box,,,,,Box,,,,,
,,,,,,,,-20 Freezer 1 - Central Lab,Shelf 1 / Rack C / A / Common Cloning Reagents,Box,,,,,,,,,,,,,,,,,,,,,,,,,dyn-store-1782413208556-1,-20 Freezer 1 - Central Lab,dyn-shelf-1782413208556-1,Shelf 1,rack-1786131829698,Rack C,drawer-1786131829698-1,A,,,box-1786384362027,Common Cloning Reagents,,,box-1786384362027,Common Cloning Reagents,,,,9x9,,,9x9 grid box,,,,,Box,,,,,
,,,,,,,,-20 Freezer 1 - Central Lab,Shelf 1 / Rack C / A / Common Cloning Reagents 2,Box,,,,,,,,,,,,,,,,,,,,,,,,,dyn-store-1782413208556-1,-20 Freezer 1 - Central Lab,dyn-shelf-1782413208556-1,Shelf 1,rack-1786131829698,Rack C,drawer-1786131829698-1,A,,,box-1786384368867,Common Cloning Reagents 2,,,box-1786384368867,Common Cloning Reagents 2,,,,9x9,,,9x9 grid box,,,,,Box,,,,,
,,,,,,,,-20 Freezer 1 - Central Lab,Shelf 1 / Rack C / B / Polymerases,Box,,,,,,,,,,,,,,,,,,,,,,,,,dyn-store-1782413208556-1,-20 Freezer 1 - Central Lab,dyn-shelf-1782413208556-1,Shelf 1,rack-1786131829698,Rack C,drawer-1786131829698-2,B,,,box-1786384377581,Polymerases,,,box-1786384377581,Polymerases,,,,9x9,,,9x9 grid box,,,,,Box,,,,,
,,,,,,,,-20 Freezer 1 - Central Lab,Shelf 1 / Rack C / B / Restriction Enzymes A-M,Box,,,,,,,,,,,,,,,,,,,,,,,,,dyn-store-1782413208556-1,-20 Freezer 1 - Central Lab,dyn-shelf-1782413208556-1,Shelf 1,rack-1786131829698,Rack C,drawer-1786131829698-2,B,,,box-1786384390692,Restriction Enzymes A-M,,,box-1786384390692,Restriction Enzymes A-M,,,,9x9,,,9x9 grid box,,,,,Box,,,,,
,,,,,,,,-20 Freezer 1 - Central Lab,Shelf 1 / Rack C / B / Restriction Enzymes N-Z,Box,,,,,,,,,,,,,,,,,,,,,,,,,dyn-store-1782413208556-1,-20 Freezer 1 - Central Lab,dyn-shelf-1782413208556-1,Shelf 1,rack-1786131829698,Rack C,drawer-1786131829698-2,B,,,box-1786384399708,Restriction Enzymes N-Z,,,box-1786384399708,Restriction Enzymes N-Z,,,,9x9,,,9x9 grid box,,,,,Box,,,,,
,,,,,,,,-20 Freezer 1 - Central Lab,Shelf 1 / Rack C / C / Ladders,Box,,,,,,,,,,,,,,,,,,,,,,,,,dyn-store-1782413208556-1,-20 Freezer 1 - Central Lab,dyn-shelf-1782413208556-1,Shelf 1,rack-1786131829698,Rack C,drawer-1786131829698-3,C,,,box-1786384411549,Ladders,,,box-1786384411549,Ladders,,,,9x9,,,9x9 grid box,,,,,Box,,,,,
,,,,,,,,-20 Freezer 1 - Central Lab,Shelf 1 / Rack C / D / Sequencing Primers,Box,,,,,,,,,,,,,,,,,,,,,,,,,dyn-store-1782413208556-1,-20 Freezer 1 - Central Lab,dyn-shelf-1782413208556-1,Shelf 1,rack-1786131829698,Rack C,drawer-1786131829698-4,D,,,box-1786384425297,Sequencing Primers,,,box-1786384425297,Sequencing Primers,,,,9x9,,,9x9 grid box,,,,,Box,,,,,
,,,,,,,,-20 Freezer 1 - Central Lab,Shelf 1 / Rack C / D / Primers 2 KD,Box,,,,,,,,,,,,,,,,,,,,,,,,,dyn-store-1782413208556-1,-20 Freezer 1 - Central Lab,dyn-shelf-1782413208556-1,Shelf 1,rack-1786131829698,Rack C,drawer-1786131829698-4,D,,,box-1786384433306,Primers 2 KD,,,box-1786384433306,Primers 2 KD,,,,9x9,,,9x9 grid box,,,,,Box,,,,,
,,,,,,,,-20 Freezer 1 - Central Lab,Shelf 1 / Rack C / D / Wesley 2,Box,,,,,,,,,,,,,,,,,,,,,,,,,dyn-store-1782413208556-1,-20 Freezer 1 - Central Lab,dyn-shelf-1782413208556-1,Shelf 1,rack-1786131829698,Rack C,drawer-1786131829698-4,D,,,box-1786384475645,Wesley 2,,,box-1786384475645,Wesley 2,,,,9x9,,,9x9 grid box,,,,,Box,,,,,
,,,,,,,,-20 Freezer 1 - Central Lab,Shelf 1 / Rack E / A / Dylight 650 Maleimide,Box,,,,,,,,,,,,,,,,,,,,,,,,,dyn-store-1782413208556-1,-20 Freezer 1 - Central Lab,dyn-shelf-1782413208556-1,Shelf 1,rack-1786384587264,Rack E,drawer-1786384587264-1,A,,,box-1786384616460,Dylight 650 Maleimide,,,box-1786384616460,Dylight 650 Maleimide,,,,9x9,,,9x9 grid box,,,,,Box,,,,,
,,,,,,,,-20 Freezer 1 - Central Lab,Shelf 1 / Rack E / A / ULP1 Sumo Protease,Box,,,,,,,,,,,,,,,,,,,,,,,,,dyn-store-1782413208556-1,-20 Freezer 1 - Central Lab,dyn-shelf-1782413208556-1,Shelf 1,rack-1786384587264,Rack E,drawer-1786384587264-1,A,,,box-1786384631692,ULP1 Sumo Protease,,,box-1786384631692,ULP1 Sumo Protease,,,,9x9,,,9x9 grid box,,,,,Box,,,,,
,,,,,,,,-20 Freezer 1 - Central Lab,Shelf 1 / Rack E / A / SOC Media/Dyes,Box,,,,,,,,,,,,,,,,,,,,,,,,,dyn-store-1782413208556-1,-20 Freezer 1 - Central Lab,dyn-shelf-1782413208556-1,Shelf 1,rack-1786384587264,Rack E,drawer-1786384587264-1,A,,,box-1786384639469,SOC Media/Dyes,,,box-1786384639469,SOC Media/Dyes,,,,9x9,,,9x9 grid box,,,,,Box,,,,,
,,,,,,,,-20 Freezer 1 - Central Lab,Shelf 1 / Rack E / B / 1 mg/mL Cy5 hydrazide in DMSO NRS 1/22/16,Box,,,,,,,,,,,,,,,,,,,,,,,,,dyn-store-1782413208556-1,-20 Freezer 1 - Central Lab,dyn-shelf-1782413208556-1,Shelf 1,rack-1786384587264,Rack E,drawer-1786384587264-2,B,,,box-1786384670828,1 mg/mL Cy5 hydrazide in DMSO NRS 1/22/16,,,box-1786384670828,1 mg/mL Cy5 hydrazide in DMSO NRS 1/22/16,,,,9x9,,,9x9 grid box,,,,,Box,,,,,
,,,,,,,,-20 Freezer 1 - Central Lab,Shelf 1 / Rack E / B / Cy3 Maleimide NRS 11/10/15,Box,,,,,,,,,,,,,,,,,,,,,,,,,dyn-store-1782413208556-1,-20 Freezer 1 - Central Lab,dyn-shelf-1782413208556-1,Shelf 1,rack-1786384587264,Rack E,drawer-1786384587264-2,B,,,box-1786384687538,Cy3 Maleimide NRS 11/10/15,,,box-1786384687538,Cy3 Maleimide NRS 11/10/15,,,,9x9,,,9x9 grid box,,,,,Box,,,,,
,,,,,,,,-20 Freezer 1 - Central Lab,Shelf 1 / Rack E / B / Marcelo F-80 Box 1,Box,,,,,,,,,,,,,,,,,,,,,,,,,dyn-store-1782413208556-1,-20 Freezer 1 - Central Lab,dyn-shelf-1782413208556-1,Shelf 1,rack-1786384587264,Rack E,drawer-1786384587264-2,B,,,box-1786384698646,Marcelo F-80 Box 1,,,box-1786384698646,Marcelo F-80 Box 1,,,,9x9,,,9x9 grid box,,,,,Box,,,,,
,,,,,,,,-20 Freezer 1 - Central Lab,Shelf 1 / Rack E / C / Maleimide Cy 5 5 mg/mL,Box,,,,,,,,,,,,,,,,,,,,,,,,,dyn-store-1782413208556-1,-20 Freezer 1 - Central Lab,dyn-shelf-1782413208556-1,Shelf 1,rack-1786384587264,Rack E,drawer-1786384587264-3,C,,,box-1786384718212,Maleimide Cy 5 5 mg/mL,,,box-1786384718212,Maleimide Cy 5 5 mg/mL,,,,9x9,,,9x9 grid box,,,,,Box,,,,,
,,,,,,,,-20 Freezer 1 - Central Lab,Shelf 2 / A / A / Unknown Box 1,Box,,,,,,,,,,,,,,,,,,,,,,,,,dyn-store-1782413208556-1,-20 Freezer 1 - Central Lab,shelf-1786131915535,Shelf 2,rack-1786131915535-1,A,drawer-1786131915535-1-1,A,,,box-1786389364944,Unknown Box 1,,,box-1786389364944,Unknown Box 1,,,,9x9,,,9x9 grid box,,,,,Box,,,,,
,,,,,,,,-20 Freezer 1 - Central Lab,Shelf 2 / A / B / Unknown Box 2,Box,,,,,,,,,,,,,,,,,,,,,,,,,dyn-store-1782413208556-1,-20 Freezer 1 - Central Lab,shelf-1786131915535,Shelf 2,rack-1786131915535-1,A,drawer-1786131915535-1-2,B,,,box-1786389415472,Unknown Box 2,,,box-1786389415472,Unknown Box 2,,,,9x9,,,9x9 grid box,,,,,Box,,,,,
,,,,,,,,-20 Freezer 1 - Central Lab,Shelf 2 / A / A / Unknown Box 1,Box,,,,,,,,,,,,,,,,,,,,,,,,,dyn-store-1782413208556-1,-20 Freezer 1 - Central Lab,shelf-1786131915535,Shelf 2,rack-1786131915535-1,A,drawer-1786131915535-1-1,A,,,box-1786389675668,Unknown Box 1,,,box-1786389675668,Unknown Box 1,,,,9x9,,,9x9 grid box,,,,,Box,,,,,
,,,,,,,,-20 Freezer 1 - Central Lab,Shelf 2 / A / A / RT-PCR Enzymes RNA's,Box,,,,,,,,,,,,,,,,,,,,,,,,,dyn-store-1782413208556-1,-20 Freezer 1 - Central Lab,shelf-1786131915535,Shelf 2,rack-1786131915535-1,A,drawer-1786131915535-1-1,A,,,box-1786389694123,RT-PCR Enzymes RNA's,,,box-1786389694123,RT-PCR Enzymes RNA's,,,,9x9,,,9x9 grid box,,,,,Box,,,,,
,,,,,,,,-20 Freezer 1 - Central Lab,Shelf 2 / A / B / BamB Antibodies,Box,,,,,,,,,,,,,,,,,,,,,,,,,dyn-store-1782413208556-1,-20 Freezer 1 - Central Lab,shelf-1786131915535,Shelf 2,rack-1786131915535-1,A,drawer-1786131915535-1-2,B,,,box-1786389711553,BamB Antibodies,,,box-1786389711553,BamB Antibodies,,,,9x9,,,9x9 grid box,,,,,Box,,,,,
,,,,,,,,-20 Freezer 1 - Central Lab,Shelf 2 / A / C / Tung Cloning,Box,,,,,,,,,,,,,,,,,,,,,,,,,dyn-store-1782413208556-1,-20 Freezer 1 - Central Lab,shelf-1786131915535,Shelf 2,rack-1786131915535-1,A,drawer-1786131915535-1-3,C,,,box-1786389721785,Tung Cloning,,,box-1786389721785,Tung Cloning,,,,9x9,,,9x9 grid box,,,,,Box,,,,,
,,,,,,,,-20 Freezer 1 - Central Lab,Shelf 2 / A / C / Anti LptD Rabbit Antibodies,Box,,,,,,,,,,,,,,,,,,,,,,,,,dyn-store-1782413208556-1,-20 Freezer 1 - Central Lab,shelf-1786131915535,Shelf 2,rack-1786131915535-1,A,drawer-1786131915535-1-3,C,,,box-1786389746091,Anti LptD Rabbit Antibodies,,,box-1786389746091,Anti LptD Rabbit Antibodies,,,,9x9,,,9x9 grid box,,,,,Box,,,,,
,,,,,,,,-20 Freezer 1 - Central Lab,Shelf 2 / A / D / Primers,Box,,,,,,,,,,,,,,,,,,,,,,,,,dyn-store-1782413208556-1,-20 Freezer 1 - Central Lab,shelf-1786131915535,Shelf 2,rack-1786131915535-1,A,drawer-1786131915535-1-4,D,,,box-1786389753885,Primers,,,box-1786389753885,Primers,,,,9x9,,,9x9 grid box,,,,,Box,,,,,
,,,,,,,,-20 Freezer 1 - Central Lab,Shelf 2 / A / D / BamC Exsan Antibodies,Box,,,,,,,,,,,,,,,,,,,,,,,,,dyn-store-1782413208556-1,-20 Freezer 1 - Central Lab,shelf-1786131915535,Shelf 2,rack-1786131915535-1,A,drawer-1786131915535-1-4,D,,,box-1786389766138,BamC Exsan Antibodies,,,box-1786389766138,BamC Exsan Antibodies,,,,9x9,,,9x9 grid box,,,,,Box,,,,,
,,,,,,,,-20 Freezer 1 - Central Lab,Shelf 2 / B / A / Wren Stocks,Box,,,,,,,,,,,,,,,,,,,,,,,,,dyn-store-1782413208556-1,-20 Freezer 1 - Central Lab,shelf-1786131915535,Shelf 2,rack-1786131915535-2,B,drawer-1786131915535-2-1,A,,,box-1786389789209,Wren Stocks,,,box-1786389789209,Wren Stocks,,,,9x9,,,9x9 grid box,,,,,Box,,,,,
,,,,,,,,-20 Freezer 1 - Central Lab,Shelf 2 / B / A / Marc-Andre 6 - Plasmid Stocks,Box,,,,,,,,,,,,,,,,,,,,,,,,,dyn-store-1782413208556-1,-20 Freezer 1 - Central Lab,shelf-1786131915535,Shelf 2,rack-1786131915535-2,B,drawer-1786131915535-2-1,A,,,box-1786389802425,Marc-Andre 6 - Plasmid Stocks,,,box-1786389802425,Marc-Andre 6 - Plasmid Stocks,,,,9x9,,,9x9 grid box,,,,,Box,,,,,
,,,,,,,,-20 Freezer 1 - Central Lab,Shelf 2 / B / A / Marc-Andre Vectors,Box,,,,,,,,,,,,,,,,,,,,,,,,,dyn-store-1782413208556-1,-20 Freezer 1 - Central Lab,shelf-1786131915535,Shelf 2,rack-1786131915535-2,B,drawer-1786131915535-2-1,A,,,box-1786389813277,Marc-Andre Vectors,,,box-1786389813277,Marc-Andre Vectors,,,,9x9,,,9x9 grid box,,,,,Box,,,,,
,,,,,,,,-20 Freezer 1 - Central Lab,Shelf 2 / B / B / MAL 2026,Box,,,,,,,,,,,,,,,,,,,,,,,,,dyn-store-1782413208556-1,-20 Freezer 1 - Central Lab,shelf-1786131915535,Shelf 2,rack-1786131915535-2,B,drawer-1786131915535-2-2,B,,,box-1786389823327,MAL 2026,,,box-1786389823327,MAL 2026,,,,9x9,,,9x9 grid box,,,,,Box,,,,,
,,,,,,,,-20 Freezer 1 - Central Lab,Shelf 2 / B / B / MAL Primers,Box,,,,,,,,,,,,,,,,,,,,,,,,,dyn-store-1782413208556-1,-20 Freezer 1 - Central Lab,shelf-1786131915535,Shelf 2,rack-1786131915535-2,B,drawer-1786131915535-2-2,B,,,box-1786389829410,MAL Primers,,,box-1786389829410,MAL Primers,,,,9x9,,,9x9 grid box,,,,,Box,,,,,
,,,,,,,,-20 Freezer 1 - Central Lab,Shelf 2 / B / B / Morgan 1 - Plasmids,Box,,,,,,,,,,,,,,,,,,,,,,,,,dyn-store-1782413208556-1,-20 Freezer 1 - Central Lab,shelf-1786131915535,Shelf 2,rack-1786131915535-2,B,drawer-1786131915535-2-2,B,,,box-1786389838530,Morgan 1 - Plasmids,,,box-1786389838530,Morgan 1 - Plasmids,,,,9x9,,,9x9 grid box,,,,,Box,,,,,
,,,,,,,,-20 Freezer 1 - Central Lab,Shelf 2 / B / C / MAL Old Plasmids,Box,,,,,,,,,,,,,,,,,,,,,,,,,dyn-store-1782413208556-1,-20 Freezer 1 - Central Lab,shelf-1786131915535,Shelf 2,rack-1786131915535-2,B,drawer-1786131915535-2-3,C,,,box-1786389850410,MAL Old Plasmids,,,box-1786389850410,MAL Old Plasmids,,,,9x9,,,9x9 grid box,,,,,Box,,,,,
,,,,,,,,-20 Freezer 1 - Central Lab,Shelf 2 / B / C / Powdered HIPS Reagents,Box,,,,,,,,,,,,,,,,,,,,,,,,,dyn-store-1782413208556-1,-20 Freezer 1 - Central Lab,shelf-1786131915535,Shelf 2,rack-1786131915535-2,B,drawer-1786131915535-2-3,C,,,box-1786389860790,Powdered HIPS Reagents,,,box-1786389860790,Powdered HIPS Reagents,,,,9x9,,,9x9 grid box,,,,,Box,,,,,
,,,,,,,,-20 Freezer 1 - Central Lab,Shelf 2 / B / D / MAL Old Reagents,Box,,,,,,,,,,,,,,,,,,,,,,,,,dyn-store-1782413208556-1,-20 Freezer 1 - Central Lab,shelf-1786131915535,Shelf 2,rack-1786131915535-2,B,drawer-1786131915535-2-4,D,,,box-1786389881190,MAL Old Reagents,,,box-1786389881190,MAL Old Reagents,,,,9x9,,,9x9 grid box,,,,,Box,,,,,
,,,,,,,,-20 Freezer 1 - Central Lab,Shelf 2 / C / A / Kate D. Cloning Projects,Box,,,,,,,,,,,,,,,,,,,,,,,,,dyn-store-1782413208556-1,-20 Freezer 1 - Central Lab,shelf-1786131915535,Shelf 2,rack-1786131915535-3,C,drawer-1786131915535-3-1,A,,,box-1786389902052,Kate D. Cloning Projects,,,box-1786389902052,Kate D. Cloning Projects,,,,9x9,,,9x9 grid box,,,,,Box,,,,,
,,,,,,,,-20 Freezer 1 - Central Lab,Shelf 2 / C / A / Stephen Cloning Box Overflow,Box,,,,,,,,,,,,,,,,,,,,,,,,,dyn-store-1782413208556-1,-20 Freezer 1 - Central Lab,shelf-1786131915535,Shelf 2,rack-1786131915535-3,C,drawer-1786131915535-3-1,A,,,box-1786389910576,Stephen Cloning Box Overflow,,,box-1786389910576,Stephen Cloning Box Overflow,,,,9x9,,,9x9 grid box,,,,,Box,,,,,
,,,,,,,,-20 Freezer 1 - Central Lab,Shelf 2 / C / B / Kate D Stocks 1,Box,,,,,,,,,,,,,,,,,,,,,,,,,dyn-store-1782413208556-1,-20 Freezer 1 - Central Lab,shelf-1786131915535,Shelf 2,rack-1786131915535-3,C,drawer-1786131915535-3-2,B,,,box-1786389920536,Kate D Stocks 1,,,box-1786389920536,Kate D Stocks 1,,,,9x9,,,9x9 grid box,,,,,Box,,,,,
,,,,,,,,-20 Freezer 1 - Central Lab,Shelf 2 / C / B / BamA Antibodies,Box,,,,,,,,,,,,,,,,,,,,,,,,,dyn-store-1782413208556-1,-20 Freezer 1 - Central Lab,shelf-1786131915535,Shelf 2,rack-1786131915535-3,C,drawer-1786131915535-3-2,B,,,box-1786389928763,BamA Antibodies,,,box-1786389928763,BamA Antibodies,,,,9x9,,,9x9 grid box,,,,,Box,,,,,
,,,,,,,,-20 Freezer 1 - Central Lab,Shelf 2 / C / C / Kate D. Primers 1,Box,,,,,,,,,,,,,,,,,,,,,,,,,dyn-store-1782413208556-1,-20 Freezer 1 - Central Lab,shelf-1786131915535,Shelf 2,rack-1786131915535-3,C,drawer-1786131915535-3-3,C,,,box-1786389940786,Kate D. Primers 1,,,box-1786389940786,Kate D. Primers 1,,,,9x9,,,9x9 grid box,,,,,Box,,,,,
,,,,,,,,-20 Freezer 1 - Central Lab,Shelf 2 / C / C / Kate D. Minipreps 1,Box,,,,,,,,,,,,,,,,,,,,,,,,,dyn-store-1782413208556-1,-20 Freezer 1 - Central Lab,shelf-1786131915535,Shelf 2,rack-1786131915535-3,C,drawer-1786131915535-3-3,C,,,box-1786389949658,Kate D. Minipreps 1,,,box-1786389949658,Kate D. Minipreps 1,,,,9x9,,,9x9 grid box,,,,,Box,,,,,
,,,,,,,,-20 Freezer 1 - Central Lab,Shelf 2 / C / C / Oxygen Scavenging System Enzymes,Box,,,,,,,,,,,,,,,,,,,,,,,,,dyn-store-1782413208556-1,-20 Freezer 1 - Central Lab,shelf-1786131915535,Shelf 2,rack-1786131915535-3,C,drawer-1786131915535-3-3,C,,,box-1786389961246,Oxygen Scavenging System Enzymes,,,box-1786389961246,Oxygen Scavenging System Enzymes,,,,9x9,,,9x9 grid box,,,,,Box,,,,,
,,,,,,,,-20 Freezer 1 - Central Lab,Shelf 2 / C / D / Twist Frags KD,Box,,,,,,,,,,,,,,,,,,,,,,,,,dyn-store-1782413208556-1,-20 Freezer 1 - Central Lab,shelf-1786131915535,Shelf 2,rack-1786131915535-3,C,drawer-1786131915535-3-4,D,,,box-1786389971753,Twist Frags KD,,,box-1786389971753,Twist Frags KD,,,,9x9,,,9x9 grid box,,,,,Box,,,,,
,,,,,,,,-20 Freezer 1 - Central Lab,Shelf 2 / C / D / Megan Stocks,Box,,,,,,,,,,,,,,,,,,,,,,,,,dyn-store-1782413208556-1,-20 Freezer 1 - Central Lab,shelf-1786131915535,Shelf 2,rack-1786131915535-3,C,drawer-1786131915535-3-4,D,,,box-1786389977888,Megan Stocks,,,box-1786389977888,Megan Stocks,,,,9x9,,,9x9 grid box,,,,,Box,,,,,
,,,,,,,,-20 Freezer 1 - Central Lab,Shelf 2 / C / D / Inclusion Bodies,Box,,,,,,,,,,,,,,,,,,,,,,,,,dyn-store-1782413208556-1,-20 Freezer 1 - Central Lab,shelf-1786131915535,Shelf 2,rack-1786131915535-3,C,drawer-1786131915535-3-4,D,,,box-1786389984942,Inclusion Bodies,,,box-1786389984942,Inclusion Bodies,,,,9x9,,,9x9 grid box,,,,,Box,,,,,
,,,,,,,,-20 Freezer 1 - Central Lab,Shelf 2 / D / A / Gel Filtration Standards,Box,,,,,,,,,,,,,,,,,,,,,,,,,dyn-store-1782413208556-1,-20 Freezer 1 - Central Lab,shelf-1786131915535,Shelf 2,rack-1786131915535-4,D,drawer-1786131915535-4-1,A,,,box-1786390020826,Gel Filtration Standards,,,box-1786390020826,Gel Filtration Standards,,,,9x9,,,9x9 grid box,,,,,Box,,,,,
,,,,,,,,-20 Freezer 1 - Central Lab,Shelf 2 / D / A / Whitneys Stocks,Box,,,,,,,,,,,,,,,,,,,,,,,,,dyn-store-1782413208556-1,-20 Freezer 1 - Central Lab,shelf-1786131915535,Shelf 2,rack-1786131915535-4,D,drawer-1786131915535-4-1,A,,,box-1786390028724,Whitneys Stocks,,,box-1786390028724,Whitneys Stocks,,,,9x9,,,9x9 grid box,,,,,Box,,,,,
,,,,,,,,-20 Freezer 1 - Central Lab,Shelf 2 / D / B / Wren Goldman Buffers and Stocks,Box,,,,,,,,,,,,,,,,,,,,,,,,,dyn-store-1782413208556-1,-20 Freezer 1 - Central Lab,shelf-1786131915535,Shelf 2,rack-1786131915535-4,D,drawer-1786131915535-4-2,B,,,box-1786390042068,Wren Goldman Buffers and Stocks,,,box-1786390042068,Wren Goldman Buffers and Stocks,,,,9x9,,,9x9 grid box,,,,,Box,,,,,
,,,,,,,,-20 Freezer 1 - Central Lab,Shelf 2 / D / B / WB Plasmids,Box,,,,,,,,,,,,,,,,,,,,,,,,,dyn-store-1782413208556-1,-20 Freezer 1 - Central Lab,shelf-1786131915535,Shelf 2,rack-1786131915535-4,D,drawer-1786131915535-4-2,B,,,box-1786390048085,WB Plasmids,,,box-1786390048085,WB Plasmids,,,,9x9,,,9x9 grid box,,,,,Box,,,,,
,,,,,,,,-20 Freezer 1 - Central Lab,Shelf 2 / D / B / BAM Proteins First Bleed Pre Bleed,Box,,,,,,,,,,,,,,,,,,,,,,,,,dyn-store-1782413208556-1,-20 Freezer 1 - Central Lab,shelf-1786131915535,Shelf 2,rack-1786131915535-4,D,drawer-1786131915535-4-2,B,,,box-1786390068085,BAM Proteins First Bleed Pre Bleed,,,box-1786390068085,BAM Proteins First Bleed Pre Bleed,,,,9x9,,,9x9 grid box,,,,,Box,,,,,
,,,,,,,,-20 Freezer 1 - Central Lab,Shelf 2 / D / C / Damian DNA,Box,,,,,,,,,,,,,,,,,,,,,,,,,dyn-store-1782413208556-1,-20 Freezer 1 - Central Lab,shelf-1786131915535,Shelf 2,rack-1786131915535-4,D,drawer-1786131915535-4-3,C,,,box-1786390078068,Damian DNA,,,box-1786390078068,Damian DNA,,,,9x9,,,9x9 grid box,,,,,Box,,,,,
,,,,,,,,-20 Freezer 1 - Central Lab,Shelf 2 / D / C / WB Plasmids 2,Box,,,,,,,,,,,,,,,,,,,,,,,,,dyn-store-1782413208556-1,-20 Freezer 1 - Central Lab,shelf-1786131915535,Shelf 2,rack-1786131915535-4,D,drawer-1786131915535-4-3,C,,,box-1786390087165,WB Plasmids 2,,,box-1786390087165,WB Plasmids 2,,,,9x9,,,9x9 grid box,,,,,Box,,,,,
,,,,,,,,-20 Freezer 1 - Central Lab,Shelf 2 / D / D / Whitney's Inclusion Body Stuff,Box,,,,,,,,,,,,,,,,,,,,,,,,,dyn-store-1782413208556-1,-20 Freezer 1 - Central Lab,shelf-1786131915535,Shelf 2,rack-1786131915535-4,D,drawer-1786131915535-4-4,D,,,box-1786390106021,Whitney's Inclusion Body Stuff,,,box-1786390106021,Whitney's Inclusion Body Stuff,,,,9x9,,,9x9 grid box,,,,,Box,,,,,
,,,,,,,,-20 Freezer 1 - Central Lab,Shelf 2 / D / D / Whitneys Inclusion Body Stuff 2,Box,,,,,,,,,,,,,,,,,,,,,,,,,dyn-store-1782413208556-1,-20 Freezer 1 - Central Lab,shelf-1786131915535,Shelf 2,rack-1786131915535-4,D,drawer-1786131915535-4-4,D,,,box-1786390118005,Whitneys Inclusion Body Stuff 2,,,box-1786390118005,Whitneys Inclusion Body Stuff 2,,,,9x9,,,9x9 grid box,,,,,Box,,,,,
,,,,,,,,-20 Freezer 1 - Central Lab,Shelf 2 / E / B / ArnC Purification,Box,,,,,,,,,,,,,,,,,,,,,,,,,dyn-store-1782413208556-1,-20 Freezer 1 - Central Lab,shelf-1786131915535,Shelf 2,rack-1786131915535-5,E,drawer-1786131915535-5-2,B,,,box-1786390440835,ArnC Purification,,,box-1786390440835,ArnC Purification,,,,9x9,,,9x9 grid box,,,,,Box,,,,,
,,,,,,,,-20 Freezer 1 - Central Lab,Shelf 2 / E / C / ADB Stocks 07.27.26,Box,,,,,,,,,,,,,,,,,,,,,,,,,dyn-store-1782413208556-1,-20 Freezer 1 - Central Lab,shelf-1786131915535,Shelf 2,rack-1786131915535-5,E,drawer-1786131915535-5-3,C,,,box-1786390457772,ADB Stocks 07.27.26,,,box-1786390457772,ADB Stocks 07.27.26,,,,9x9,,,9x9 grid box,,,,,Box,,,,,
,,,,,,,,-20 Freezer 1 - Central Lab,Shelf 3 / Rack A / A / Kan 1000x,Box,,,,,,,,,,,,,,,,,,,,,,,,,dyn-store-1782413208556-1,-20 Freezer 1 - Central Lab,shelf-1786131225198,Shelf 3,rack-1786131979241,Rack A,drawer-1786131979242-1,A,,,box-1786390786990,Kan 1000x,,,box-1786390786990,Kan 1000x,,,,9x9,,,9x9 grid box,,,,,Box,,,,,
,,,,,,,,-20 Freezer 1 - Central Lab,Shelf 3 / Rack A / A / Amp 1000x,Box,,,,,,,,,,,,,,,,,,,,,,,,,dyn-store-1782413208556-1,-20 Freezer 1 - Central Lab,shelf-1786131225198,Shelf 3,rack-1786131979241,Rack A,drawer-1786131979242-1,A,,,box-1786390796407,Amp 1000x,,,box-1786390796407,Amp 1000x,,,,9x9,,,9x9 grid box,,,,,Box,,,,,
,,,,,,,,-20 Freezer 1 - Central Lab,Shelf 3 / Rack A / B / Tung PCR + Digested Vectors,Box,,,,,,,,,,,,,,,,,,,,,,,,,dyn-store-1782413208556-1,-20 Freezer 1 - Central Lab,shelf-1786131225198,Shelf 3,rack-1786131979241,Rack A,drawer-1786131979242-2,B,,,box-1786390821323,Tung PCR + Digested Vectors,,,box-1786390821323,Tung PCR + Digested Vectors,,,,9x9,,,9x9 grid box,,,,,Box,,,,,
,,,,,,,,-20 Freezer 1 - Central Lab,Shelf 3 / Rack A / B / Tung Primers 00 Series,Box,,,,,,,,,,,,,,,,,,,,,,,,,dyn-store-1782413208556-1,-20 Freezer 1 - Central Lab,shelf-1786131225198,Shelf 3,rack-1786131979241,Rack A,drawer-1786131979242-2,B,,,box-1786390837409,Tung Primers 00 Series,,,box-1786390837409,Tung Primers 00 Series,,,,9x9,,,9x9 grid box,,,,,Box,,,,,
,,,,,,,,-20 Freezer 1 - Central Lab,Shelf 3 / Rack A / B / Tung Cloning 08/2025,Box,,,,,,,,,,,,,,,,,,,,,,,,,dyn-store-1782413208556-1,-20 Freezer 1 - Central Lab,shelf-1786131225198,Shelf 3,rack-1786131979241,Rack A,drawer-1786131979242-2,B,,,box-1786390848254,Tung Cloning 08/2025,,,box-1786390848254,Tung Cloning 08/2025,,,,9x9,,,9x9 grid box,,,,,Box,,,,,
,,,,,,,,-20 Freezer 1 - Central Lab,Shelf 3 / Rack A / C / 4x SDS PAGE Loading Dye No BME,Box,,,,,,,,,,,,,,,,,,,,,,,,,dyn-store-1782413208556-1,-20 Freezer 1 - Central Lab,shelf-1786131225198,Shelf 3,rack-1786131979241,Rack A,drawer-1786131979242-3,C,,,box-1786390868473,4x SDS PAGE Loading Dye No BME,,,box-1786390868473,4x SDS PAGE Loading Dye No BME,,,,9x9,,,9x9 grid box,,,,,Box,,,,,
,,,,,,,,-20 Freezer 1 - Central Lab,Shelf 3 / Rack B / A / Lipid Box D - E. Coli Polar Lipids,Box,,,,,,,,,,,,,,,,,,,,,,,,,dyn-store-1782413208556-1,-20 Freezer 1 - Central Lab,shelf-1786131225198,Shelf 3,rack-1786131996927,Rack B,drawer-1786131996927-1,A,,,box-1786390893885,Lipid Box D - E. Coli Polar Lipids,,,box-1786390893885,Lipid Box D - E. Coli Polar Lipids,,,,9x9,,,9x9 grid box,,,,,Box,,,,,
,,,,,,,,-20 Freezer 1 - Central Lab,Shelf 3 / Rack B / A / M661 + Lpt-PAM Cherry,Box,,,,,,,,,,,,,,,,,,,,,,,,,dyn-store-1782413208556-1,-20 Freezer 1 - Central Lab,shelf-1786131225198,Shelf 3,rack-1786131996927,Rack B,drawer-1786131996927-1,A,,,box-1786390917976,M661 + Lpt-PAM Cherry,,,box-1786390917976,M661 + Lpt-PAM Cherry,,,,9x9,,,9x9 grid box,,,,,Box,,,,,
,,,,,,,,-20 Freezer 1 - Central Lab,Shelf 3 / Rack B / A / TEV 1019118 + NW9 11/5/18,Box,,,,,,,,,,,,,,,,,,,,,,,,,dyn-store-1782413208556-1,-20 Freezer 1 - Central Lab,shelf-1786131225198,Shelf 3,rack-1786131996927,Rack B,drawer-1786131996927-1,A,,,box-1786390943746,TEV 1019118 + NW9 11/5/18,,,box-1786390943746,TEV 1019118 + NW9 11/5/18,,,,9x9,,,9x9 grid box,,,,,Box,,,,,
,,,,,,,,-20 Freezer 1 - Central Lab,Shelf 3 / Rack B / B / Lipid Box H - PC 10:0 Lipids,Box,,,,,,,,,,,,,,,,,,,,,,,,,dyn-store-1782413208556-1,-20 Freezer 1 - Central Lab,shelf-1786131225198,Shelf 3,rack-1786131996927,Rack B,drawer-1786131996927-2,B,,,box-1786390965113,Lipid Box H - PC 10:0 Lipids,,,box-1786390965113,Lipid Box H - PC 10:0 Lipids,,,,9x9,,,9x9 grid box,,,,,Box,,,,,
,,,,,,,,-20 Freezer 1 - Central Lab,Shelf 3 / Rack B / B / Lipid Box G,Box,,,,,,,,,,,,,,,,,,,,,,,,,dyn-store-1782413208556-1,-20 Freezer 1 - Central Lab,shelf-1786131225198,Shelf 3,rack-1786131996927,Rack B,drawer-1786131996927-2,B,,,box-1786390970866,Lipid Box G,,,box-1786390970866,Lipid Box G,,,,9x9,,,9x9 grid box,,,,,Box,,,,,
,,,,,,,,-20 Freezer 1 - Central Lab,Shelf 3 / Rack B / B / TEV 1 mg/ML,Box,,,,,,,,,,,,,,,,,,,,,,,,,dyn-store-1782413208556-1,-20 Freezer 1 - Central Lab,shelf-1786131225198,Shelf 3,rack-1786131996927,Rack B,drawer-1786131996927-2,B,,,box-1786390982184,TEV 1 mg/ML,,,box-1786390982184,TEV 1 mg/ML,,,,9x9,,,9x9 grid box,,,,,Box,,,,,
,,,,,,,,-20 Freezer 1 - Central Lab,Shelf 3 / Rack B / C / DBCO and Polar Lipids,Box,,,,,,,,,,,,,,,,,,,,,,,,,dyn-store-1782413208556-1,-20 Freezer 1 - Central Lab,shelf-1786131225198,Shelf 3,rack-1786131996927,Rack B,drawer-1786131996927-3,C,,,box-1786391000624,DBCO and Polar Lipids,,,box-1786391000624,DBCO and Polar Lipids,,,,9x9,,,9x9 grid box,,,,,Box,,,,,
,,,,,,,,-20 Freezer 1 - Central Lab,Shelf 3 / Rack B / C / Lipid Box 1 - E. Coli Polar Lipids Small Aliquots,Box,,,,,,,,,,,,,,,,,,,,,,,,,dyn-store-1782413208556-1,-20 Freezer 1 - Central Lab,shelf-1786131225198,Shelf 3,rack-1786131996927,Rack B,drawer-1786131996927-3,C,,,box-1786391014292,Lipid Box 1 - E. Coli Polar Lipids Small Aliquots,,,box-1786391014292,Lipid Box 1 - E. Coli Polar Lipids Small Aliquots,,,,9x9,,,9x9 grid box,,,,,Box,,,,,
,,,,,,,,-20 Freezer 1 - Central Lab,Shelf 3 / Rack B / C / GCAP,Box,,,,,,,,,,,,,,,,,,,,,,,,,dyn-store-1782413208556-1,-20 Freezer 1 - Central Lab,shelf-1786131225198,Shelf 3,rack-1786131996927,Rack B,drawer-1786131996927-3,C,,,box-1786391027395,GCAP,,,box-1786391027395,GCAP,,,,9x9,,,9x9 grid box,,,,,Box,,,,,
,,,,,,,,-20 Freezer 1 - Central Lab,Shelf 3 / Rack B / D / Lipid Box K,Box,,,,,,,,,,,,,,,,,,,,,,,,,dyn-store-1782413208556-1,-20 Freezer 1 - Central Lab,shelf-1786131225198,Shelf 3,rack-1786131996927,Rack B,drawer-1786131996927-4,D,,,box-1786391035585,Lipid Box K,,,box-1786391035585,Lipid Box K,,,,9x9,,,9x9 grid box,,,,,Box,,,,,
,,,,,,,,-20 Freezer 1 - Central Lab,Shelf 3 / Rack B / D / Lipid Box 4,Box,,,,,,,,,,,,,,,,,,,,,,,,,dyn-store-1782413208556-1,-20 Freezer 1 - Central Lab,shelf-1786131225198,Shelf 3,rack-1786131996927,Rack B,drawer-1786131996927-4,D,,,box-1786391045455,Lipid Box 4,,,box-1786391045455,Lipid Box 4,,,,9x9,,,9x9 grid box,,,,,Box,,,,,
,,,,,,,,-20 Freezer 1 - Central Lab,Shelf 3 / Rack B / D / Labeled Protein Stocks,Box,,,,,,,,,,,,,,,,,,,,,,,,,dyn-store-1782413208556-1,-20 Freezer 1 - Central Lab,shelf-1786131225198,Shelf 3,rack-1786131996927,Rack B,drawer-1786131996927-4,D,,,box-1786391055274,Labeled Protein Stocks,,,box-1786391055274,Labeled Protein Stocks,,,,9x9,,,9x9 grid box,,,,,Box,,,,,
,,,,,,,,-20 Freezer 1 - Central Lab,Shelf 3 / Rack C / A / Lipid Box J - PC 14:0,Box,,,,,,,,,,,,,,,,,,,,,,,,,dyn-store-1782413208556-1,-20 Freezer 1 - Central Lab,shelf-1786131225198,Shelf 3,rack-1786132012238,Rack C,drawer-1786132012238-1,A,,,box-1786391075568,Lipid Box J - PC 14:0,,,box-1786391075568,Lipid Box J - PC 14:0,,,,9x9,,,9x9 grid box,,,,,Box,,,,,
,,,,,,,,-20 Freezer 1 - Central Lab,Shelf 3 / Rack C / A / Mixed PC 10/PC 12 Lipids,Box,,,,,,,,,,,,,,,,,,,,,,,,,dyn-store-1782413208556-1,-20 Freezer 1 - Central Lab,shelf-1786131225198,Shelf 3,rack-1786132012238,Rack C,drawer-1786132012238-1,A,,,box-1786391092757,Mixed PC 10/PC 12 Lipids,,,box-1786391092757,Mixed PC 10/PC 12 Lipids,,,,9x9,,,9x9 grid box,,,,,Box,,,,,
,,,,,,,,-20 Freezer 1 - Central Lab,Shelf 3 / Rack C / A / Lipid Box C,Box,,,,,,,,,,,,,,,,,,,,,,,,,dyn-store-1782413208556-1,-20 Freezer 1 - Central Lab,shelf-1786131225198,Shelf 3,rack-1786132012238,Rack C,drawer-1786132012238-1,A,,,box-1786391096793,Lipid Box C,,,box-1786391096793,Lipid Box C,,,,9x9,,,9x9 grid box,,,,,Box,,,,,
,,,,,,,,-20 Freezer 1 - Central Lab,Shelf 3 / Rack C / B / Lipid Box 5 - DMPC Lipids,Box,,,,,,,,,,,,,,,,,,,,,,,,,dyn-store-1782413208556-1,-20 Freezer 1 - Central Lab,shelf-1786131225198,Shelf 3,rack-1786132012238,Rack C,drawer-1786132012238-2,B,,,box-1786391108907,Lipid Box 5 - DMPC Lipids,,,box-1786391108907,Lipid Box 5 - DMPC Lipids,,,,9x9,,,9x9 grid box,,,,,Box,,,,,
,,,,,,,,-20 Freezer 1 - Central Lab,Shelf 3 / Rack C / B / DOPC Lipids,Box,,,,,,,,,,,,,,,,,,,,,,,,,dyn-store-1782413208556-1,-20 Freezer 1 - Central Lab,shelf-1786131225198,Shelf 3,rack-1786132012238,Rack C,drawer-1786132012238-2,B,,,box-1786391119600,DOPC Lipids,,,box-1786391119600,DOPC Lipids,,,,9x9,,,9x9 grid box,,,,,Box,,,,,
,,,,,,,,-20 Freezer 1 - Central Lab,Shelf 3 / Rack C / B / Lipid Box 11,Box,,,,,,,,,,,,,,,,,,,,,,,,,dyn-store-1782413208556-1,-20 Freezer 1 - Central Lab,shelf-1786131225198,Shelf 3,rack-1786132012238,Rack C,drawer-1786132012238-2,B,,,box-1786391125707,Lipid Box 11,,,box-1786391125707,Lipid Box 11,,,,9x9,,,9x9 grid box,,,,,Box,,,,,
,,,,,,,,-20 Freezer 1 - Central Lab,Shelf 3 / Rack C / C / Lipid Box A 1 ppb LRB to PC 10:0,Box,,,,,,,,,,,,,,,,,,,,,,,,,dyn-store-1782413208556-1,-20 Freezer 1 - Central Lab,shelf-1786131225198,Shelf 3,rack-1786132012238,Rack C,drawer-1786132012238-3,C,,,box-1786391159351,Lipid Box A 1 ppb LRB to PC 10:0,,,box-1786391159351,Lipid Box A 1 ppb LRB to PC 10:0,,,,9x9,,,9x9 grid box,,,,,Box,,,,,
,,,,,,,,-20 Freezer 1 - Central Lab,Shelf 3 / Rack C / C / Whitneys Fluorescent Lipids,Box,,,,,,,,,,,,,,,,,,,,,,,,,dyn-store-1782413208556-1,-20 Freezer 1 - Central Lab,shelf-1786131225198,Shelf 3,rack-1786132012238,Rack C,drawer-1786132012238-3,C,,,box-1786391167270,Whitneys Fluorescent Lipids,,,box-1786391167270,Whitneys Fluorescent Lipids,,,,9x9,,,9x9 grid box,,,,,Box,,,,,
,,,,,,,,-20 Freezer 1 - Central Lab,Shelf 3 / Rack C / C / Megan's Fluorescent Lipids Box 8,Box,,,,,,,,,,,,,,,,,,,,,,,,,dyn-store-1782413208556-1,-20 Freezer 1 - Central Lab,shelf-1786131225198,Shelf 3,rack-1786132012238,Rack C,drawer-1786132012238-3,C,,,box-1786391178214,Megan's Fluorescent Lipids Box 8,,,box-1786391178214,Megan's Fluorescent Lipids Box 8,,,,9x9,,,9x9 grid box,,,,,Box,,,,,
,,,,,,,,-20 Freezer 1 - Central Lab,Shelf 3 / Rack C / D / Lipid Box E - 3POPC:2POPG,Box,,,,,,,,,,,,,,,,,,,,,,,,,dyn-store-1782413208556-1,-20 Freezer 1 - Central Lab,shelf-1786131225198,Shelf 3,rack-1786132012238,Rack C,drawer-1786132012238-4,D,,,box-1786391195711,Lipid Box E - 3POPC:2POPG,,,box-1786391195711,Lipid Box E - 3POPC:2POPG,,,,9x9,,,9x9 grid box,,,,,Box,,,,,
,,,,,,,,-20 Freezer 1 - Central Lab,Shelf 3 / Rack C / D / Lipid Box B - E. Coli Polar Lipids,Box,,,,,,,,,,,,,,,,,,,,,,,,,dyn-store-1782413208556-1,-20 Freezer 1 - Central Lab,shelf-1786131225198,Shelf 3,rack-1786132012238,Rack C,drawer-1786132012238-4,D,,,box-1786391208455,Lipid Box B - E. Coli Polar Lipids,,,box-1786391208455,Lipid Box B - E. Coli Polar Lipids,,,,9x9,,,9x9 grid box,,,,,Box,,,,,
,,,,,,,,-20 Freezer 1 - Central Lab,Shelf 3 / Rack C / D / DopC Lipid Films,Box,,,,,,,,,,,,,,,,,,,,,,,,,dyn-store-1782413208556-1,-20 Freezer 1 - Central Lab,shelf-1786131225198,Shelf 3,rack-1786132012238,Rack C,drawer-1786132012238-4,D,,,box-1786391224744,DopC Lipid Films,,,box-1786391224744,DopC Lipid Films,,,,9x9,,,9x9 grid box,,,,,Box,,,,,
,,,,,,,,-20 Freezer 1 - Central Lab,Shelf 3 / Rack D / A / Rotation Stocks,Box,,,,,,,,,,,,,,,,,,,,,,,,,dyn-store-1782413208556-1,-20 Freezer 1 - Central Lab,shelf-1786131225198,Shelf 3,rack-1786132022343,Rack D,drawer-1786132022343-1,A,,,box-1786391243278,Rotation Stocks,,,box-1786391243278,Rotation Stocks,,,,9x9,,,9x9 grid box,,,,,Box,,,,,
,,,,,,,,-20 Freezer 1 - Central Lab,Shelf 3 / Rack D / B / Synthesized Inhibitors Substrate Mimic,Box,,,,,,,,,,,,,,,,,,,,,,,,,dyn-store-1782413208556-1,-20 Freezer 1 - Central Lab,shelf-1786131225198,Shelf 3,rack-1786132022343,Rack D,drawer-1786132022343-2,B,,,box-1786391258607,Synthesized Inhibitors Substrate Mimic,,,box-1786391258607,Synthesized Inhibitors Substrate Mimic,,,,9x9,,,9x9 grid box,,,,,Box,,,,,
,,,,,,,,-20 Freezer 1 - Central Lab,Shelf 3 / Rack D / D / Rotation TD,Box,,,,,,,,,,,,,,,,,,,,,,,,,dyn-store-1782413208556-1,-20 Freezer 1 - Central Lab,shelf-1786131225198,Shelf 3,rack-1786132022343,Rack D,drawer-1786132022343-4,D,,,box-1786391271914,Rotation TD,,,box-1786391271914,Rotation TD,,,,9x9,,,9x9 grid box,,,,,Box,,,,,
,,,,,,,,-20 Freezer 1 - Central Lab,Shelf 3 / Rack D / C / Tetramutant ArnA AK,Box,,,,,,,,,,,,,,,,,,,,,,,,,dyn-store-1782413208556-1,-20 Freezer 1 - Central Lab,shelf-1786131225198,Shelf 3,rack-1786132022343,Rack D,drawer-1786132022343-3,C,,,box-1786391328224,Tetramutant ArnA AK,,,box-1786391328224,Tetramutant ArnA AK,,,,9x9,,,9x9 grid box,,,,,Box,,,,,
,,,,,,,,-20 Freezer 1 - Central Lab,Shelf 3 / Rack D / A / IPTG 1M,Box,,,,,,,,,,,,,,,,,,,,,,,,,dyn-store-1782413208556-1,-20 Freezer 1 - Central Lab,shelf-1786131225198,Shelf 3,rack-1786132022343,Rack D,drawer-1786132022343-1,A,,,box-1786391344018,IPTG 1M,,,box-1786391344018,IPTG 1M,,,,9x9,,,9x9 grid box,,,,,Box,,,,,
,,,,,,,,-20 Freezer 1 - Central Lab,Shelf 3 / Rack D / B / Unknown 3,Box,,,,,,,,,,,,,,,,,,,,,,,,,dyn-store-1782413208556-1,-20 Freezer 1 - Central Lab,shelf-1786131225198,Shelf 3,rack-1786132022343,Rack D,drawer-1786132022343-2,B,,,box-1786391358801,Unknown 3,,,box-1786391358801,Unknown 3,,,,9x9,,,9x9 grid box,,,,,Box,,,,,
,,,,,,,,-80 Freezer,A Shelf / AA / AA3 / AA3-2 WNB Labeled OMP Stocks,Box,,,,,,,,,,,,,,,,,,,,,,,,,dyn-store-1782413261908-0,-80 Freezer,dyn-shelf-1782413261908-0,A Shelf,dyn-rack-1782413261908-0,AA,drawer-1786391575788-3,AA3,,,box-1786392396321,AA3-2 WNB Labeled OMP Stocks,,,box-1786392396321,AA3-2 WNB Labeled OMP Stocks,,,,9x9,,,9x9 grid box,,,,,Box,,,,,
,,,,,,,,-80 Freezer,A Shelf / AB / AB2-3,Box,,,,,,,,,,,,,,,,,,,,,,,,,dyn-store-1782413261908-0,-80 Freezer,dyn-shelf-1782413261908-0,A Shelf,dyn-rack-1782413261932-440,AB,,,,,box-1786392583869,AB2-3,,,box-1786392583869,AB2-3,,,,9x9,,,9x9 grid box,,,,,Box,,,,,
,,,,,,,,-80 Freezer,A Shelf / AB / AB2 / AB2-3,Box,,,,,,,,,,,,,,,,,,,,,,,,,dyn-store-1782413261908-0,-80 Freezer,dyn-shelf-1782413261908-0,A Shelf,dyn-rack-1782413261932-440,AB,drawer-1786392471805-2,AB2,,,box-1786392608252,AB2-3,,,box-1786392608252,AB2-3,,,,9x9,,,9x9 grid box,,,,,Box,,,,,
,,,,,,,,-80 Freezer,A Shelf / AB / AB4 / AB4-2 Mike Tran Box 2,Box,,,,,,,,,,,,,,,,,,,,,,,,,dyn-store-1782413261908-0,-80 Freezer,dyn-shelf-1782413261908-0,A Shelf,dyn-rack-1782413261932-440,AB,drawer-1786392471805-4,AB4,,,box-1786392630790,AB4-2 Mike Tran Box 2,,,box-1786392630790,AB4-2 Mike Tran Box 2,,,,9x9,,,9x9 grid box,,,,,Box,,,,,
,,,,,,,,-80 Freezer,A Shelf / AB / AB4 / AB4-3 Mike Tran Box 3,Box,,,,,,,,,,,,,,,,,,,,,,,,,dyn-store-1782413261908-0,-80 Freezer,dyn-shelf-1782413261908-0,A Shelf,dyn-rack-1782413261932-440,AB,drawer-1786392471805-4,AB4,,,box-1786392646541,AB4-3 Mike Tran Box 3,,,box-1786392646541,AB4-3 Mike Tran Box 3,,,,9x9,,,9x9 grid box,,,,,Box,,,,,
,,,,,,,,-80 Freezer,A Shelf / AB / AB4 / AB4-4 Mike Tran Box 4,Box,,,,,,,,,,,,,,,,,,,,,,,,,dyn-store-1782413261908-0,-80 Freezer,dyn-shelf-1782413261908-0,A Shelf,dyn-rack-1782413261932-440,AB,drawer-1786392471805-4,AB4,,,box-1786392655479,AB4-4 Mike Tran Box 4,,,box-1786392655479,AB4-4 Mike Tran Box 4,,,,9x9,,,9x9 grid box,,,,,Box,,,,,
,,,,,,,,-80 Freezer,A Shelf / AC / AC1 / AC1-1 Arden Box 1,Box,,,,,,,,,,,,,,,,,,,,,,,,,dyn-store-1782413261908-0,-80 Freezer,dyn-shelf-1782413261908-0,A Shelf,dyn-rack-1782413261946-864,AC,drawer-1786392716337-1,AC1,,,box-1786392938775,AC1-1 Arden Box 1,,,box-1786392938775,AC1-1 Arden Box 1,,,,9x9,,,9x9 grid box,,,,,Box,,,,,
,,,,,,,,-80 Freezer,A Shelf / AC / AC1 / AC1-2 Arden Box 2,Box,,,,,,,,,,,,,,,,,,,,,,,,,dyn-store-1782413261908-0,-80 Freezer,dyn-shelf-1782413261908-0,A Shelf,dyn-rack-1782413261946-864,AC,drawer-1786392716337-1,AC1,,,box-1786392946258,AC1-2 Arden Box 2,,,box-1786392946258,AC1-2 Arden Box 2,,,,9x9,,,9x9 grid box,,,,,Box,,,,,
,,,,,,,,-80 Freezer,A Shelf / AC / AC1 / AC1-3 Arden Box 3,Box,,,,,,,,,,,,,,,,,,,,,,,,,dyn-store-1782413261908-0,-80 Freezer,dyn-shelf-1782413261908-0,A Shelf,dyn-rack-1782413261946-864,AC,drawer-1786392716337-1,AC1,,,box-1786392953409,AC1-3 Arden Box 3,,,box-1786392953409,AC1-3 Arden Box 3,,,,9x9,,,9x9 grid box,,,,,Box,,,,,
,,,,,,,,-80 Freezer,A Shelf / AC / AC1 / AC1-4 Arden Box 4,Box,,,,,,,,,,,,,,,,,,,,,,,,,dyn-store-1782413261908-0,-80 Freezer,dyn-shelf-1782413261908-0,A Shelf,dyn-rack-1782413261946-864,AC,drawer-1786392716337-1,AC1,,,box-1786392960524,AC1-4 Arden Box 4,,,box-1786392960524,AC1-4 Arden Box 4,,,,9x9,,,9x9 grid box,,,,,Box,,,,,
,,,,,,,,-80 Freezer,A Shelf / AC / AC2 / AC2-1 Arden Box 5,Box,,,,,,,,,,,,,,,,,,,,,,,,,dyn-store-1782413261908-0,-80 Freezer,dyn-shelf-1782413261908-0,A Shelf,dyn-rack-1782413261946-864,AC,drawer-1786392716337-2,AC2,,,box-1786392972148,AC2-1 Arden Box 5,,,box-1786392972148,AC2-1 Arden Box 5,,,,9x9,,,9x9 grid box,,,,,Box,,,,,
,,,,,,,,-80 Freezer,A Shelf / AC / AC2 / AC2-2 Arden Box 6,Box,,,,,,,,,,,,,,,,,,,,,,,,,dyn-store-1782413261908-0,-80 Freezer,dyn-shelf-1782413261908-0,A Shelf,dyn-rack-1782413261946-864,AC,drawer-1786392716337-2,AC2,,,box-1786392978763,AC2-2 Arden Box 6,,,box-1786392978763,AC2-2 Arden Box 6,,,,9x9,,,9x9 grid box,,,,,Box,,,,,
,,,,,,,,-80 Freezer,A Shelf / AC / AC2 / AC2-3 Arden Box 7,Box,,,,,,,,,,,,,,,,,,,,,,,,,dyn-store-1782413261908-0,-80 Freezer,dyn-shelf-1782413261908-0,A Shelf,dyn-rack-1782413261946-864,AC,drawer-1786392716337-2,AC2,,,box-1786392989808,AC2-3 Arden Box 7,,,box-1786392989808,AC2-3 Arden Box 7,,,,9x9,,,9x9 grid box,,,,,Box,,,,,
,,,,,,,,-80 Freezer,A Shelf / AC / AC2 / AC2-4 Arden Box 8,Box,,,,,,,,,,,,,,,,,,,,,,,,,dyn-store-1782413261908-0,-80 Freezer,dyn-shelf-1782413261908-0,A Shelf,dyn-rack-1782413261946-864,AC,drawer-1786392716337-2,AC2,,,box-1786392997491,AC2-4 Arden Box 8,,,box-1786392997491,AC2-4 Arden Box 8,,,,9x9,,,9x9 grid box,,,,,Box,,,,,
,,,,,,,,-80 Freezer,A Shelf / AC / AC3 / AC3-1 Arden Box 9,Box,,,,,,,,,,,,,,,,,,,,,,,,,dyn-store-1782413261908-0,-80 Freezer,dyn-shelf-1782413261908-0,A Shelf,dyn-rack-1782413261946-864,AC,drawer-1786392716337-3,AC3,,,box-1786393006003,AC3-1 Arden Box 9,,,box-1786393006003,AC3-1 Arden Box 9,,,,9x9,,,9x9 grid box,,,,,Box,,,,,
,,,,,,,,-80 Freezer,A Shelf / AC / AC3 / AC3-2 Arden Box 10,Box,,,,,,,,,,,,,,,,,,,,,,,,,dyn-store-1782413261908-0,-80 Freezer,dyn-shelf-1782413261908-0,A Shelf,dyn-rack-1782413261946-864,AC,drawer-1786392716337-3,AC3,,,box-1786393012971,AC3-2 Arden Box 10,,,box-1786393012971,AC3-2 Arden Box 10,,,,9x9,,,9x9 grid box,,,,,Box,,,,,
,,,,,,,,-80 Freezer,A Shelf / AC / AC3 / AC3-3 Arden Box 11,Box,,,,,,,,,,,,,,,,,,,,,,,,,dyn-store-1782413261908-0,-80 Freezer,dyn-shelf-1782413261908-0,A Shelf,dyn-rack-1782413261946-864,AC,drawer-1786392716337-3,AC3,,,box-1786393019137,AC3-3 Arden Box 11,,,box-1786393019137,AC3-3 Arden Box 11,,,,9x9,,,9x9 grid box,,,,,Box,,,,,
,,,,,,,,-80 Freezer,A Shelf / AC / AC3 / AC3-4 Arden Box 12,Box,,,,,,,,,,,,,,,,,,,,,,,,,dyn-store-1782413261908-0,-80 Freezer,dyn-shelf-1782413261908-0,A Shelf,dyn-rack-1782413261946-864,AC,drawer-1786392716337-3,AC3,,,box-1786393026276,AC3-4 Arden Box 12,,,box-1786393026276,AC3-4 Arden Box 12,,,,9x9,,,9x9 grid box,,,,,Box,,,,,
,,,,,,,,-80 Freezer,A Shelf / AC / AC4 / AC4-1 Arden Box 13,Box,,,,,,,,,,,,,,,,,,,,,,,,,dyn-store-1782413261908-0,-80 Freezer,dyn-shelf-1782413261908-0,A Shelf,dyn-rack-1782413261946-864,AC,drawer-1786392716337-4,AC4,,,box-1786393036169,AC4-1 Arden Box 13,,,box-1786393036169,AC4-1 Arden Box 13,,,,9x9,,,9x9 grid box,,,,,Box,,,,,
,,,,,,,,-80 Freezer,A Shelf / AC / AC4 / AC4-2 Arden Box 14,Box,,,,,,,,,,,,,,,,,,,,,,,,,dyn-store-1782413261908-0,-80 Freezer,dyn-shelf-1782413261908-0,A Shelf,dyn-rack-1782413261946-864,AC,drawer-1786392716337-4,AC4,,,box-1786393043796,AC4-2 Arden Box 14,,,box-1786393043796,AC4-2 Arden Box 14,,,,9x9,,,9x9 grid box,,,,,Box,,,,,
,,,,,,,,-80 Freezer,A Shelf / AC / AC4 / AC4-3 Arden Box 15,Box,,,,,,,,,,,,,,,,,,,,,,,,,dyn-store-1782413261908-0,-80 Freezer,dyn-shelf-1782413261908-0,A Shelf,dyn-rack-1782413261946-864,AC,drawer-1786392716337-4,AC4,,,box-1786393057567,AC4-3 Arden Box 15,,,box-1786393057567,AC4-3 Arden Box 15,,,,9x9,,,9x9 grid box,,,,,Box,,,,,
,,,,,,,,-80 Freezer,A Shelf / AG / AG2 / AG2-2 Marc-Andre AFM Proteins,Box,,,,,,,,,,,,,,,,,,,,,,,,,dyn-store-1782413261908-0,-80 Freezer,dyn-shelf-1782413261908-0,A Shelf,dyn-rack-1782413261935-529,AG,drawer-1783440980783,AG2,,,box-1786394417140,AG2-2 Marc-Andre AFM Proteins,,,box-1786394417140,AG2-2 Marc-Andre AFM Proteins,,,,9x9,,,9x9 grid box,,,,,Box,,,,,
,Row #1 item,,Main Lab,1,vials,,,,,Available,,,,,,,,,,,,,,,,,,,,,,,,,,,,,,,,,,,,,,,,Row #1 item,,,,,,2026-08-10T20:26:30.793Z,,,,,,Sample,,,,,
,Row #2 item,,Main Lab,1,vials,,,,,Available,,,,,,,,,,,,,,,,,,,,,,,,,,,,,,,,,,,,,,,,Row #2 item,,,,,,2026-08-10T20:26:30.793Z,,,,,,Sample,,,,,
,Row #3 item,,Main Lab,1,vials,,,,,Available,,,,,,,,,,,,,,,,,,,,,,,,,,,,,,,,,,,,,,,,Row #3 item,,,,,,2026-08-10T20:26:30.793Z,,,,,,Sample,,,,,
,Row #4 item,,Main Lab,1,vials,,,,,Available,,,,,,,,,,,,,,,,,,,,,,,,,,,,,,,,,,,,,,,,Row #4 item,,,,,,2026-08-10T20:26:30.793Z,,,,,,Sample,,,,,
,Row #5 item,,Main Lab,1,vials,,,,,Available,,,,,,,,,,,,,,,,,,,,,,,,,,,,,,,,,,,,,,,,Row #5 item,,,,,,2026-08-10T20:26:30.793Z,,,,,,Sample,,,,,
,Row #6 item,,Main Lab,1,vials,,,,,Available,,,,,,,,,,,,,,,,,,,,,,,,,,,,,,,,,,,,,,,,Row #6 item,,,,,,2026-08-10T20:26:30.793Z,,,,,,Sample,,,,,
,Row #7 item,,Main Lab,1,vials,,,,,Available,,,,,,,,,,,,,,,,,,,,,,,,,,,,,,,,,,,,,,,,Row #7 item,,,,,,2026-08-10T20:26:30.793Z,,,,,,Sample,,,,,
,Row #8 item,,Main Lab,1,vials,,,,,Available,,,,,,,,,,,,,,,,,,,,,,,,,,,,,,,,,,,,,,,,Row #8 item,,,,,,2026-08-10T20:26:30.793Z,,,,,,Sample,,,,,
,Row #9 item,,Main Lab,1,vials,,,,,Available,,,,,,,,,,,,,,,,,,,,,,,,,,,,,,,,,,,,,,,,Row #9 item,,,,,,2026-08-10T20:26:30.793Z,,,,,,Sample,,,,,
,Row #10 item,,Main Lab,1,vials,,,,,Available,,,,,,,,,,,,,,,,,,,,,,,,,,,,,,,,,,,,,,,,Row #10 item,,,,,,2026-08-10T20:26:30.793Z,,,,,,Sample,,,,,
,Row #11 item,,Main Lab,1,vials,,,,,Available,,,,,,,,,,,,,,,,,,,,,,,,,,,,,,,,,,,,,,,,Row #11 item,,,,,,2026-08-10T20:26:30.793Z,,,,,,Sample,,,,,
,Row #12 item,,Main Lab,1,vials,,,,,Available,,,,,,,,,,,,,,,,,,,,,,,,,,,,,,,,,,,,,,,,Row #12 item,,,,,,2026-08-10T20:26:30.793Z,,,,,,Sample,,,,,
,Row #13 item,,Main Lab,1,vials,,,,,Available,,,,,,,,,,,,,,,,,,,,,,,,,,,,,,,,,,,,,,,,Row #13 item,,,,,,2026-08-10T20:26:30.793Z,,,,,,Sample,,,,,
,Row #14 item,,Main Lab,1,vials,,,,,Available,,,,,,,,,,,,,,,,,,,,,,,,,,,,,,,,,,,,,,,,Row #14 item,,,,,,2026-08-10T20:26:30.793Z,,,,,,Sample,,,,,
,Row #15 item,,Main Lab,1,vials,,,,,Available,,,,,,,,,,,,,,,,,,,,,,,,,,,,,,,,,,,,,,,,Row #15 item,,,,,,2026-08-10T20:26:30.793Z,,,,,,Sample,,,,,
,Row #16 item,,Main Lab,1,vials,,,,,Available,,,,,,,,,,,,,,,,,,,,,,,,,,,,,,,,,,,,,,,,Row #16 item,,,,,,2026-08-10T20:26:30.793Z,,,,,,Sample,,,,,
,Row #17 item,,Main Lab,1,vials,,,,,Available,,,,,,,,,,,,,,,,,,,,,,,,,,,,,,,,,,,,,,,,Row #17 item,,,,,,2026-08-10T20:26:30.793Z,,,,,,Sample,,,,,
,Row #18 item,,Main Lab,1,vials,,,,,Available,,,,,,,,,,,,,,,,,,,,,,,,,,,,,,,,,,,,,,,,Row #18 item,,,,,,2026-08-10T20:26:30.793Z,,,,,,Sample,,,,,
,Row #19 item,,Main Lab,1,vials,,,,,Available,,,,,,,,,,,,,,,,,,,,,,,,,,,,,,,,,,,,,,,,Row #19 item,,,,,,2026-08-10T20:26:30.793Z,,,,,,Sample,,,,,
,Row #20 item,,Main Lab,1,vials,,,,,Available,,,,,,,,,,,,,,,,,,,,,,,,,,,,,,,,,,,,,,,,Row #20 item,,,,,,2026-08-10T20:26:30.793Z,,,,,,Sample,,,,,
,Row #21 item,,Main Lab,1,vials,,,,,Available,,,,,,,,,,,,,,,,,,,,,,,,,,,,,,,,,,,,,,,,Row #21 item,,,,,,2026-08-10T20:26:30.793Z,,,,,,Sample,,,,,
,Row #22 item,,Main Lab,1,vials,,,,,Available,,,,,,,,,,,,,,,,,,,,,,,,,,,,,,,,,,,,,,,,Row #22 item,,,,,,2026-08-10T20:26:30.793Z,,,,,,Sample,,,,,
,Row #23 item,,Main Lab,1,vials,,,,,Available,,,,,,,,,,,,,,,,,,,,,,,,,,,,,,,,,,,,,,,,Row #23 item,,,,,,2026-08-10T20:26:30.793Z,,,,,,Sample,,,,,
,Row #24 item,,Main Lab,1,vials,,,,,Available,,,,,,,,,,,,,,,,,,,,,,,,,,,,,,,,,,,,,,,,Row #24 item,,,,,,2026-08-10T20:26:30.793Z,,,,,,Sample,,,,,
,Sodium Chloride (NaCl),7647-14-5,Main Bio Lab,1,bottle (500g),,Room 402,Chemical Cabinet (Room Temp) / Aisle A - Row 1,Chemical Cabinet (Room Temp) / Aisle A - Row 1,Available,,,,,,,,,,,,,,,,,,,,,,,,,store-3,Chemical Cabinet (Room Temp),shelf-3-1,Aisle A - Row 1,,,,,,,,,,,,Sodium Chloride (NaCl),,,,,,2026-06-25T18:46:03.360Z,"Sigma Aldrich, analytical grade",S7653,,$45.00,,Chemical,,,,,
,"Agarose, Molecular Biology Grade",9012-36-6,Main Bio Lab,2,bottles (100g),,Room 402,Chemical Cabinet (Room Temp) / Aisle A - Row 2,Chemical Cabinet (Room Temp) / Aisle A - Row 2,Available,,,,,,,,,,,,,,,,,,,,,,,,,store-3,Chemical Cabinet (Room Temp),shelf-3-2,Aisle A - Row 2,,,,,,,,,,,,"Agarose, Molecular Biology Grade",,,,,,2026-06-25T18:46:03.360Z,For gel electrophoresis,AGA-100,,,,Chemical,,,,,
,"1,2-Didodecanoyl-sn-glycero-3-phosphocholine",,Main Lab,1,units,,,-20 Freezer 2 (F2),Freezer #2 - Close to Shakers / Shelf 1,Available,,,,,,,,Megan Mitchell,,,,,,,,,,,,,,http://www.sigmaaldrich.com/catalog/product/sigma/p1263?lang=en&region=US,Sigma-Aldrich,,dyn-store-1782413208558-31,Freezer #2 - Close to Shakers,dyn-shelf-1782413208558-31,Shelf 1,,,,,,,,,,,,"1,2-Didodecanoyl-sn-glycero-3-phosphocholine",,,,25 mg,,2026-06-25T18:46:48.552Z,URL: http://www.sigmaaldrich.com/catalog/product/sigma/p1263?lang=en&region=US,P1263-25MG,,67.92,,Sample,,,,,
,TCEP hydrochloride,,Main Lab,1,units,,,-20 Freezer 1 (F1),-20 Freezer 1 - Central Lab / Shelf 1,Available,,,,,,,,Morgan Fink,,,,,,,,,,,,,,https://www.biobasic.com/us/tcep-hydrochloride-4820,Bio Basic,,dyn-store-1782413208556-1,-20 Freezer 1 - Central Lab,dyn-shelf-1782413208556-1,Shelf 1,,,,,,,,,,,,TCEP hydrochloride,,,,5 g,,2026-06-25T18:46:48.552Z,URL: https://www.biobasic.com/us/tcep-hydrochloride-4820,TB0974,,146.80,,Sample,,,,,
,"EGTA, Ethylene glycol-bis(B-aminoethylether)-N,N,N,N-tetraacetic acid",67-42-5,Main Lab,100,units,,,New Chemical Shelf,Shelf #2,Available,,,,,,,,Daniel Munoz,,,,,,,,,,,,,,,,,dyn-store-1782413208556-2,Chemical Shelfs,dyn-shelf-1782413208556-2,Middle Shelf,,,,,,,,,,,,"EGTA, Ethylene glycol-bis(B-aminoethylether)-N,N,N,N-tetraacetic acid",,,,g,,2026-06-25T18:46:48.552Z,Physical State: Solid,,,,,Sample,,,,,
,(+)-Sodium L-ascorbate,134-03-2,Main Lab,25,units,,,New Chemical Shelf,Shelf #3,Available,,,,,,,,Daniel Munoz,,,,,,,,,,,,,,,,,dyn-store-1782413208556-2,Chemical Shelfs,dyn-shelf-1782413208557-3,Bottom Shelf,,,,,,,,,,,,(+)-Sodium L-ascorbate,,,,g,,2026-06-25T18:46:48.552Z,Physical State: Solid,,,,,Sample,,,,,
,"1-Butanol, 99%",71-36-3,Main Lab,500,units,,,Flammable Cabinet #1,Flammable Cabinet #1 / Shelf 1,Available,,,,,,,,Daniel Munoz,,,,,,,,,,,,,,,,,dyn-store-1782413208557-5,Flammable Cabinet #1,dyn-shelf-1782413208557-5,Shelf 1,,,,,,,,,,,,"1-Butanol, 99%",,,,mL,,2026-06-25T18:46:48.552Z,Physical State: Liquid,,,,,Sample,,,,,
,"1-Butanol, 99%",71-36-3,Main Lab,500,units,,,Sousa RM.A480A EQ034923 Fumehood,Fumehood / Shelf 1,Available,,,,,,,,Daniel Munoz,,,,,,,,,,,,,,,,,dyn-store-1782413208557-6,Fumehood,dyn-shelf-1782413208557-6,Shelf 1,,,,,,,,,,,,"1-Butanol, 99%",,,,mL,,2026-06-25T18:46:48.552Z,Physical State: Liquid,,,,,Sample,,,,,
,"1,10-Phenanthroline, 99%",66-71-7,Main Lab,25,units,,,New Chemical Shelf,Shelf #3,Available,,,,,,,,Daniel Munoz,,,,,,,,,,,,,,,,,dyn-store-1782413208556-2,Chemical Shelfs,dyn-shelf-1782413208557-3,Bottom Shelf,,,,,,,,,,,,"1,10-Phenanthroline, 99%",,,,g,,2026-06-25T18:46:48.552Z,Physical State: Solid,,,,,Sample,,,,,
,"1,2,6-Hexanetriol, 97%",,Main Lab,100,units,,,New Chemical Shelf,Shelf #2,Available,,,,,,,,Daniel Munoz,,,,,,,,,,,,,,,,,dyn-store-1782413208556-2,Chemical Shelfs,dyn-shelf-1782413208556-2,Middle Shelf,,,,,,,,,,,,"1,2,6-Hexanetriol, 97%",,,,g,,2026-06-25T18:46:48.552Z,,,,,,Sample,,,,,
,"1,3-Propanediol, 98%",504-63-2,Main Lab,250,units,,,New Chemical Shelf,Shelf #3,Available,,,,,,,,Daniel Munoz,,,,,,,,,,,,,,,,,dyn-store-1782413208556-2,Chemical Shelfs,dyn-shelf-1782413208557-3,Bottom Shelf,,,,,,,,,,,,"1,3-Propanediol, 98%",,,,mL,,2026-06-25T18:46:48.552Z,Physical State: Liquid,,,,,Sample,,,,,
,"1,4-Butanediol, 99%",110-63-4,Main Lab,1,units,,,New Chemical Shelf,Shelf #2,Available,,,,,,,,Daniel Munoz,,,,,,,,,,,,,,,,,dyn-store-1782413208556-2,Chemical Shelfs,dyn-shelf-1782413208556-2,Middle Shelf,,,,,,,,,,,,"1,4-Butanediol, 99%",,,,L,,2026-06-25T18:46:48.552Z,Physical State: Liquid,,,,,Sample,,,,,
,"1,4-Dioxane, 99%",123-91-1,Main Lab,500,units,,,Flammable Cabinet #1,Flammable Cabinet #1 / Shelf 1,Available,,,,,,,,Daniel Munoz,,,,,,,,,,,,,,,,,dyn-store-1782413208557-5,Flammable Cabinet #1,dyn-shelf-1782413208557-5,Shelf 1,,,,,,,,,,,,"1,4-Dioxane, 99%",,,,mL,,2026-06-25T18:46:48.552Z,Physical State: Liquid,,,,,Sample,,,,,
,"1,6-Hexanediol",629-11-8,Main Lab,1,units,,,New Chemical Shelf,Shelf #2,Available,,,,,,,,Daniel Munoz,,,,,,,,,,,,,,,,,dyn-store-1782413208556-2,Chemical Shelfs,dyn-shelf-1782413208556-2,Middle Shelf,,,,,,,,,,,,"1,6-Hexanediol",,,,kg,,2026-06-25T18:46:48.552Z,Physical State: Solid,,,,,Sample,,,,,
,"1,7-Heptanediol, 95%",629-30-1,Main Lab,10,units,,,New Chemical Shelf,Shelf #2,Available,,,,,,,,Daniel Munoz,,,,,,,,,,,,,,,,,dyn-store-1782413208556-2,Chemical Shelfs,dyn-shelf-1782413208556-2,Middle Shelf,,,,,,,,,,,,"1,7-Heptanediol, 95%",,,,g,,2026-06-25T18:46:48.552Z,Physical State: Solid,,,,,Sample,,,,,
,"1,8-Diaminooctane 98%",373-44-4,Main Lab,25,units,,,New Chemical Shelf,Shelf #2,Available,,,,,,,,Daniel Munoz,,,,,,,,,,,,,,,,,dyn-store-1782413208556-2,Chemical Shelfs,dyn-shelf-1782413208556-2,Middle Shelf,,,,,,,,,,,,"1,8-Diaminooctane 98%",,,,g,,2026-06-25T18:46:48.552Z,Physical State: Solid,,,,,Sample,,,,,
,100% Tacsimate,,Main Lab,200,units,,,New Chemical Shelf,Shelf #3,Available,,,,,,,,Daniel Munoz,,,,,,,,,,,,,,,,,dyn-store-1782413208556-2,Chemical Shelfs,dyn-shelf-1782413208557-3,Bottom Shelf,,,,,,,,,,,,100% Tacsimate,,,,mL,,2026-06-25T18:46:48.552Z,Physical State: liquid,,,,,Sample,,,,,
,100% Tacsimate,,Main Lab,200,units,,,New Chemical Shelf,Shelf #3,Available,,,,,,,,Daniel Munoz,,,,,,,,,,,,,,,,,dyn-store-1782413208556-2,Chemical Shelfs,dyn-shelf-1782413208557-3,Bottom Shelf,,,,,,,,,,,,100% Tacsimate,,,,mL,,2026-06-25T18:46:48.552Z,,,,,,Sample,,,,,
,"2-Amino-2-methyl-1-propanol, 99%",124-68-5,Main Lab,500,units,,,New Chemical Shelf,Shelf #1,Available,,,,,,,,Daniel Munoz,,,,,,,,,,,,,,,,,dyn-store-1782413208556-2,Chemical Shelfs,dyn-shelf-1782413208558-18,Top Shelf,,,,,,,,,,,,"2-Amino-2-methyl-1-propanol, 99%",,,,mL,,2026-06-25T18:46:48.552Z,Physical State: Liquid,,,,,Sample,,,,,
,"2-Methyl-1-propanol, 99.5%",78-83-1,Main Lab,1,units,,,Flammable Cabinet #1,Flammable Cabinet #1 / Shelf 1,Available,,,,,,,,Daniel Munoz,,,,,,,,,,,,,,,,,dyn-store-1782413208557-5,Flammable Cabinet #1,dyn-shelf-1782413208557-5,Shelf 1,,,,,,,,,,,,"2-Methyl-1-propanol, 99.5%",,,,L,,2026-06-25T18:46:48.552Z,Physical State: Liquid,,,,,Sample,,,,,
,"2-Methyl-2,4-pentanediol, 99%",107-41-5,Main Lab,1,units,,,New Chemical Shelf,Shelf #2,Available,,,,,,,,Daniel Munoz,,,,,,,,,,,,,,,,,dyn-store-1782413208556-2,Chemical Shelfs,dyn-shelf-1782413208556-2,Middle Shelf,,,,,,,,,,,,"2-Methyl-2,4-pentanediol, 99%",,,,L,,2026-06-25T18:46:48.552Z,Physical State: Liquid,,,,,Sample,,,,,
,"2-Propanol, 99%",67-63-0,Main Lab,1,units,,,Flammable Cabinet #1,Flammable Cabinet #1 / Shelf 1,Available,,,,,,,,Daniel Munoz,,,,,,,,,,,,,,,,,dyn-store-1782413208557-5,Flammable Cabinet #1,dyn-shelf-1782413208557-5,Shelf 1,,,,,,,,,,,,"2-Propanol, 99%",,,,L,,2026-06-25T18:46:48.552Z,Physical State: Liquid,,,,,Sample,,,,,
,"2-Propanol, 99%",67-63-0,Main Lab,4,units,,,Sousa RM.A480A EQ034923 Fumehood,Fumehood / Shelf 1,Available,,,,,,,,Daniel Munoz,,,,,,,,,,,,,,,,,dyn-store-1782413208557-6,Fumehood,dyn-shelf-1782413208557-6,Shelf 1,,,,,,,,,,,,"2-Propanol, 99%",,,,L,,2026-06-25T18:46:48.552Z,Physical State: Liquid,,,,,Sample,,,,,
,"2,2-Dipyridyl, 99%",366-18-7,Main Lab,25,units,,,New Chemical Shelf,Shelf #2,Available,,,,,,,,Daniel Munoz,,,,,,,,,,,,,,,,,dyn-store-1782413208556-2,Chemical Shelfs,dyn-shelf-1782413208556-2,Middle Shelf,,,,,,,,,,,,"2,2-Dipyridyl, 99%",,,,g,,2026-06-25T18:46:48.552Z,Physical State: Solid,,,,,Sample,,,,,
,"2,3-Butanediol, 98%",513-85-9,Main Lab,100,units,,,New Chemical Shelf,Shelf #2,Available,,,,,,,,Daniel Munoz,,,,,,,,,,,,,,,,,dyn-store-1782413208556-2,Chemical Shelfs,dyn-shelf-1782413208556-2,Middle Shelf,,,,,,,,,,,,"2,3-Butanediol, 98%",,,,mL,,2026-06-25T18:46:48.552Z,Physical State: Liquid,,,,,Sample,,,,,
,"2,6-Dimethylphenol",576-26-1,Main Lab,100,units,,,Flammable Cabinet #1,Flammable Cabinet #1 / Shelf 1,Available,,,,,,,,Daniel Munoz,,,,,,,,,,,,,,,,,dyn-store-1782413208557-5,Flammable Cabinet #1,dyn-shelf-1782413208557-5,Shelf 1,,,,,,,,,,,,"2,6-Dimethylphenol",,,,g,,2026-06-25T18:46:48.552Z,,,,,,Sample,,,,,
,2'-Deoxyadenosine 5'-monophosphate,,Main Lab,100,units,,,Freezer #2,Jar 1,Available,,,,,,,,Daniel Munoz,,,,,,,,,,,,,,,,,dyn-store-1782413208558-31,Freezer #2 - Close to Shakers,dyn-shelf-1782413208558-31,Shelf 1,,,,,,,dyn-box-1782413208558-31,Jar 1,,,,2'-Deoxyadenosine 5'-monophosphate,,,,mg,,2026-06-25T18:46:48.552Z,Physical State: solid,,,,,Sample,,,,,
,2'-Deoxycytidine 5'-monophosphate,,Main Lab,100,units,,,Freezer #2,Jar 1,Available,,,,,,,,Daniel Munoz,,,,,,,,,,,,,,,,,dyn-store-1782413208558-31,Freezer #2 - Close to Shakers,dyn-shelf-1782413208558-31,Shelf 1,,,,,,,dyn-box-1782413208558-31,Jar 1,,,,2'-Deoxycytidine 5'-monophosphate,,,,mg,,2026-06-25T18:46:48.552Z,Physical State: solid,,,,,Sample,,,,,
,2'-Deoxyguanosine 5'-monophosphate,,Main Lab,100,units,,,Freezer #2,Jar 1,Available,,,,,,,,Daniel Munoz,,,,,,,,,,,,,,,,,dyn-store-1782413208558-31,Freezer #2 - Close to Shakers,dyn-shelf-1782413208558-31,Shelf 1,,,,,,,dyn-box-1782413208558-31,Jar 1,,,,2'-Deoxyguanosine 5'-monophosphate,,,,mg,,2026-06-25T18:46:48.552Z,Physical State: solid,,,,,Sample,,,,,
,2'-Deoxyuridine 5'-monophosphate disodium salt,,Main Lab,100,units,,,Freezer #2,Jar 1,Available,,,,,,,,Daniel Munoz,,,,,,,,,,,,,,,,,dyn-store-1782413208558-31,Freezer #2 - Close to Shakers,dyn-shelf-1782413208558-31,Shelf 1,,,,,,,dyn-box-1782413208558-31,Jar 1,,,,2'-Deoxyuridine 5'-monophosphate disodium salt,,,,mg,,2026-06-25T18:46:48.552Z,Physical State: solid,,,,,Sample,,,,,
,"3-(1-Pyridinio)-1-propanesulfonate, 99%",15471-17-7,Main Lab,5,units,,,New Chemical Shelf,Shelf #2,Available,,,,,,,,Daniel Munoz,,,,,,,,,,,,,,,,,dyn-store-1782413208556-2,Chemical Shelfs,dyn-shelf-1782413208556-2,Middle Shelf,,,,,,,,,,,,"3-(1-Pyridinio)-1-propanesulfonate, 99%",,,,g,,2026-06-25T18:46:48.552Z,Physical State: Solid,,,,,Sample,,,,,
,3-Isobutyl-1-methylxanthine (IBMX),28822-58-4,Main Lab,250,units,,,Freezer #2,Jar 2,Available,,,,,,,,Daniel Munoz,,,,,,,,,,,,,,,,,dyn-store-1782413208558-31,Freezer #2 - Close to Shakers,dyn-shelf-1782413208558-31,Shelf 1,,,,,,,dyn-box-1782413208558-36,Jar 2,,,,3-Isobutyl-1-methylxanthine (IBMX),,,,mg,,2026-06-25T18:46:48.552Z,Physical State: Solid,,,,,Sample,,,,,
,3-Isobutyl-1-methylxanthine (IBMX),,Main Lab,1,units,,,Freezer #2,Jar 2,Available,,,,,,,,Daniel Munoz,,,,,,,,,,,,,,,,,dyn-store-1782413208558-31,Freezer #2 - Close to Shakers,dyn-shelf-1782413208558-31,Shelf 1,,,,,,,dyn-box-1782413208558-36,Jar 2,,,,3-Isobutyl-1-methylxanthine (IBMX),,,,g,,2026-06-25T18:46:48.552Z,,,,,,Sample,,,,,
,3:1 Agarose,0,Main Lab,25,units,,,New Chemical Shelf,Shelf #1,Available,,,,,,,,Daniel Munoz,,,,,,,,,,,,,,,,,dyn-store-1782413208556-2,Chemical Shelfs,dyn-shelf-1782413208558-18,Top Shelf,,,,,,,,,,,,3:1 Agarose,,,,g,,2026-06-25T18:46:48.552Z,Physical State: Solid,,,,,Sample,,,,,
,4-(2-Hydroxyethyl)-1-Piperazinepropanesulfonic Acid,16052-06-5,Main Lab,50,units,,,New Chemical Shelf,Shelf #2,Available,,,,,,,,Daniel Munoz,,,,,,,,,,,,,,,,,dyn-store-1782413208556-2,Chemical Shelfs,dyn-shelf-1782413208556-2,Middle Shelf,,,,,,,,,,,,4-(2-Hydroxyethyl)-1-Piperazinepropanesulfonic Acid,,,,g,,2026-06-25T18:46:48.552Z,Physical State: Solid,,,,,Sample,,,,,
,4-Iodo-L-phenylalanine,,Main Lab,5,units,,,Freezer #2,Jar 2,Available,,,,,,,,Daniel Munoz,,,,,,,,,,,,,,,,,dyn-store-1782413208558-31,Freezer #2 - Close to Shakers,dyn-shelf-1782413208558-31,Shelf 1,,,,,,,dyn-box-1782413208558-36,Jar 2,,,,4-Iodo-L-phenylalanine,,,,g,,2026-06-25T18:46:48.552Z,Physical State: solid,,,,,Sample,,,,,
,5-dimethylaminonaphthalene-1-sulfonyl aziridine,,Main Lab,100,units,,,Freezer #2,Jar 3,Available,,,,,,,,Daniel Munoz,,,,,,,,,,,,,,,,,dyn-store-1782413208558-31,Freezer #2 - Close to Shakers,dyn-shelf-1782413208558-31,Shelf 1,,,,,,,dyn-box-1782413208559-42,Jar 3,,,,5-dimethylaminonaphthalene-1-sulfonyl aziridine,,,,mg,,2026-06-25T18:46:48.552Z,Physical State: solid,,,,,Sample,,,,,
,50% Jeffamine ED-2001,,Main Lab,200,units,,,New Chemical Shelf,Shelf #2,Available,,,,,,,,Daniel Munoz,,,,,,,,,,,,,,,,,dyn-store-1782413208556-2,Chemical Shelfs,dyn-shelf-1782413208556-2,Middle Shelf,,,,,,,,,,,,50% Jeffamine ED-2001,,,,mL,,2026-06-25T18:46:48.552Z,Physical State: liquid,,,,,Sample,,,,,
,50% v/v Pentaerythritol ethoxylate,,Main Lab,200,units,,,New Chemical Shelf,Shelf #3,Available,,,,,,,,Daniel Munoz,,,,,,,,,,,,,,,,,dyn-store-1782413208556-2,Chemical Shelfs,dyn-shelf-1782413208557-3,Bottom Shelf,,,,,,,,,,,,50% v/v Pentaerythritol ethoxylate,,,,mL,,2026-06-25T18:46:48.552Z,Physical State: liquid,,,,,Sample,,,,,
,50% v/v Pentaerythritol propoxylate,,Main Lab,200,units,,,New Chemical Shelf,Shelf #3,Available,,,,,,,,Daniel Munoz,,,,,,,,,,,,,,,,,dyn-store-1782413208556-2,Chemical Shelfs,dyn-shelf-1782413208557-3,Bottom Shelf,,,,,,,,,,,,50% v/v Pentaerythritol propoxylate,,,,mL,,2026-06-25T18:46:48.552Z,Physical State: liquid,,,,,Sample,,,,,
,50% v/v Polyvinylpyrrolidone K 15,,Main Lab,200,units,,,New Chemical Shelf,Shelf #3,Available,,,,,,,,Daniel Munoz,,,,,,,,,,,,,,,,,dyn-store-1782413208556-2,Chemical Shelfs,dyn-shelf-1782413208557-3,Bottom Shelf,,,,,,,,,,,,50% v/v Polyvinylpyrrolidone K 15,,,,mL,,2026-06-25T18:46:48.552Z,Physical State: liquid,,,,,Sample,,,,,
,"50% w/v Poly(acrylic acid sodium salt) 5,100",,Main Lab,200,units,,,New Chemical Shelf,Shelf #3,Available,,,,,,,,Daniel Munoz,,,,,,,,,,,,,,,,,dyn-store-1782413208556-2,Chemical Shelfs,dyn-shelf-1782413208557-3,Bottom Shelf,,,,,,,,,,,,"50% w/v Poly(acrylic acid sodium salt) 5,100",,,,mL,,2026-06-25T18:46:48.552Z,Physical State: liquid,,,,,Sample,,,,,
,a-Lactalbumin from bovine milk,,Main Lab,100,units,,,Freezer #2,Jar 3,Available,,,,,,,,Daniel Munoz,,,,,,,,,,,,,,,,,dyn-store-1782413208558-31,Freezer #2 - Close to Shakers,dyn-shelf-1782413208558-31,Shelf 1,,,,,,,dyn-box-1782413208559-42,Jar 3,,,,a-Lactalbumin from bovine milk,,,,mg,,2026-06-25T18:46:48.552Z,Physical State: solid,,,,,Sample,,,,,
,"Acenaphthene, 99%",0,Main Lab,5,units,,,New Chemical Shelf,Shelf #1,Available,,,,,,,,Daniel Munoz,,,,,,,,,,,,,,,,,dyn-store-1782413208556-2,Chemical Shelfs,dyn-shelf-1782413208558-18,Top Shelf,,,,,,,,,,,,"Acenaphthene, 99%",,,,g,,2026-06-25T18:46:48.552Z,Physical State: Solid,,,,,Sample,,,,,
,"Acetic Acid, 99%",64-19-7,Main Lab,500,units,,,Dessicator Jar #1,Dessicator Jar #1 / Shelf 1,Available,,,,,,,,Daniel Munoz,,,,,,,,,,,,,,,,,dyn-store-1782413208559-53,Dessicator Jar #1,dyn-shelf-1782413208559-53,Shelf 1,,,,,,,,,,,,"Acetic Acid, 99%",,,,g,,2026-06-25T18:46:48.552Z,Physical State: Solid,,,,,Sample,,,,,
,"Acetic Acid, 99%",64-19-7,Main Lab,100,units,,,Sousa RM.A480A EQ034923 Fumehood,Fumehood / Shelf 1,Available,,,,,,,,Daniel Munoz,,,,,,,,,,,,,,,,,dyn-store-1782413208557-6,Fumehood,dyn-shelf-1782413208557-6,Shelf 1,,,,,,,,,,,,"Acetic Acid, 99%",,,,mL,,2026-06-25T18:46:48.552Z,Physical State: Liquid,,,,,Sample,,,,,
,"Acetic Acid, 99%",64-19-7,Main Lab,3,units,,,Sousa RM.A480A EQ034923 Fumehood,Fumehood / Shelf 1,Available,,,,,,,,Daniel Munoz,,,,,,,,,,,,,,,,,dyn-store-1782413208557-6,Fumehood,dyn-shelf-1782413208557-6,Shelf 1,,,,,,,,,,,,"Acetic Acid, 99%",,,,L,,2026-06-25T18:46:48.552Z,Physical State: Liquid,,,,,Sample,,,,,
,"Acetone, 99%",67-64-1,Main Lab,4,units,,,Flammable Cabinet #1,Flammable Cabinet #1 / Shelf 1,Available,,,,,,,,Daniel Munoz,,,,,,,,,,,,,,,,,dyn-store-1782413208557-5,Flammable Cabinet #1,dyn-shelf-1782413208557-5,Shelf 1,,,,,,,,,,,,"Acetone, 99%",,,,L,,2026-06-25T18:46:48.552Z,Physical State: Liquid,,,,,Sample,,,,,
,ACETONITRILE REAG,75-05-8,Main Lab,1,units,,,Flammable Cabinet #1,Batey/Sousa RM.A450 Flammable Cabinet #1 Sousa Shelf,Available,,,,,,,,Daniel Munoz,,,,,,,,,,,,,,,,,dyn-store-1782413208557-5,Flammable Cabinet #1,dyn-shelf-1782413208559-57,Batey/Sousa RM.A450 Flammable Cabinet #1 Sousa Shelf,,,,,,,,,,,,ACETONITRILE REAG,,,,L,,2026-06-25T18:46:48.552Z,,,,,,Sample,,,,,
,"Acetonitrile, 99%",75-05-8,Main Lab,4,units,,,Flammable Cabinet #1,Flammable Cabinet #1 / Shelf 1,Available,,,,,,,,Daniel Munoz,,,,,,,,,,,,,,,,,dyn-store-1782413208557-5,Flammable Cabinet #1,dyn-shelf-1782413208557-5,Shelf 1,,,,,,,,,,,,"Acetonitrile, 99%",,,,L,,2026-06-25T18:46:48.552Z,Physical State: Liquid,,,,,Sample,,,,,
,"Acetonitrile, 99%",75-05-8,Main Lab,1,units,,,Flammable Cabinet #1,Flammable Cabinet #1 / Shelf 1,Available,,,,,,,,Daniel Munoz,,,,,,,,,,,,,,,,,dyn-store-1782413208557-5,Flammable Cabinet #1,dyn-shelf-1782413208557-5,Shelf 1,,,,,,,,,,,,"Acetonitrile, 99%",,,,L,,2026-06-25T18:46:48.552Z,Physical State: Liquid,,,,,Sample,,,,,
,"Acetonitrile, 99%",75-05-8,Main Lab,1,units,,,Flammable Cabinet #1,Flammable Cabinet #1 / Shelf 1,Available,,,,,,,,Daniel Munoz,,,,,,,,,,,,,,,,,dyn-store-1782413208557-5,Flammable Cabinet #1,dyn-shelf-1782413208557-5,Shelf 1,,,,,,,,,,,,"Acetonitrile, 99%",,,,L,,2026-06-25T18:46:48.552Z,Physical State: Liquid,,,,,Sample,,,,,
,Acrylaid cross linker,0,Main Lab,250,units,,,New Chemical Shelf,Shelf #1,Available,,,,,,,,Daniel Munoz,,,,,,,,,,,,,,,,,dyn-store-1782413208556-2,Chemical Shelfs,dyn-shelf-1782413208558-18,Top Shelf,,,,,,,,,,,,Acrylaid cross linker,,,,mL,,2026-06-25T18:46:48.552Z,Physical State: Liquid,,,,,Sample,,,,,
,Acrylamide,,Main Lab,1,units,,,Refrigerator #2,Top Rack,Available,,,,,,,,Daniel Munoz,,,,,,,,,,,,,,,,,dyn-store-1782413208559-62,Refrigerator #2,dyn-shelf-1782413208559-62,Shelf 1,dyn-rack-1782413208559-62,Top Rack,,,,,,,,,,Acrylamide,,,,kg,,2026-06-25T18:46:48.552Z,Physical State: Solid,,,,,Sample,,,,,
,ADA Buffer,26239-55-4,Main Lab,50,units,,,New Chemical Shelf,Shelf #1,Available,,,,,,,,Daniel Munoz,,,,,,,,,,,,,,,,,dyn-store-1782413208556-2,Chemical Shelfs,dyn-shelf-1782413208558-18,Top Shelf,,,,,,,,,,,,ADA Buffer,,,,g,,2026-06-25T18:46:48.552Z,Physical State: Solid,,,,,Sample,,,,,
,AG 50W-X8 Resin,69011-20-7,Main Lab,100,units,,,New Chemical Shelf,Shelf #1,Available,,,,,,,,Daniel Munoz,,,,,,,,,,,,,,,,,dyn-store-1782413208556-2,Chemical Shelfs,dyn-shelf-1782413208558-18,Top Shelf,,,,,,,,,,,,AG 50W-X8 Resin,,,,g,,2026-06-25T18:46:48.552Z,Physical State: Solid,,,,,Sample,,,,,
,Agarose,--,Main Lab,50,units,,,New Chemical Shelf,Shelf #1,Available,,,,,,,,Daniel Munoz,,,,,,,,,,,,,,,,,dyn-store-1782413208556-2,Chemical Shelfs,dyn-shelf-1782413208558-18,Top Shelf,,,,,,,,,,,,Agarose,,,,g,,2026-06-25T18:46:48.552Z,Physical State: Solid,,,,,Sample,,,,,
,"Agarose, 99%",9012-36-6,Main Lab,100,units,,,New Chemical Shelf,Shelf #1,Available,,,,,,,,Daniel Munoz,,,,,,,,,,,,,,,,,dyn-store-1782413208556-2,Chemical Shelfs,dyn-shelf-1782413208558-18,Top Shelf,,,,,,,,,,,,"Agarose, 99%",,,,g,,2026-06-25T18:46:48.552Z,Physical State: Solid,,,,,Sample,,,,,
,"Albumin from bovine serum, 99%",9048-46-8,Main Lab,10,units,,,New Chemical Shelf,Shelf #1,Available,,,,,,,,Daniel Munoz,,,,,,,,,,,,,,,,,dyn-store-1782413208556-2,Chemical Shelfs,dyn-shelf-1782413208558-18,Top Shelf,,,,,,,,,,,,"Albumin from bovine serum, 99%",,,,mL,,2026-06-25T18:46:48.552Z,Physical State: Liquid,,,,,Sample,,,,,
,Albumin Standard,0,Main Lab,10,units,,,New Chemical Shelf,Shelf #1,Available,,,,,,,,Daniel Munoz,,,,,,,,,,,,,,,,,dyn-store-1782413208556-2,Chemical Shelfs,dyn-shelf-1782413208558-18,Top Shelf,,,,,,,,,,,,Albumin Standard,,,,mL,,2026-06-25T18:46:48.552Z,Physical State: Liquid,,,,,Sample,,,,,
,Albumin Standard,9006-59-1,Main Lab,10,units,,,New Chemical Shelf,Shelf #1,Available,,,,,,,,Daniel Munoz,,,,,,,,,,,,,,,,,dyn-store-1782413208556-2,Chemical Shelfs,dyn-shelf-1782413208558-18,Top Shelf,,,,,,,,,,,,Albumin Standard,,,,mL,,2026-06-25T18:46:48.552Z,Physical State: Liquid,,,,,Sample,,,,,
,Albumin Standard,9006-59-1,Main Lab,10,units,,,New Chemical Shelf,Shelf #1,Available,,,,,,,,Daniel Munoz,,,,,,,,,,,,,,,,,dyn-store-1782413208556-2,Chemical Shelfs,dyn-shelf-1782413208558-18,Top Shelf,,,,,,,,,,,,Albumin Standard,,,,mL,,2026-06-25T18:46:48.552Z,Physical State: Liquid,,,,,Sample,,,,,
,Albumin Standard,9006-59-1,Main Lab,10,units,,,New Chemical Shelf,Shelf #1,Available,,,,,,,,Daniel Munoz,,,,,,,,,,,,,,,,,dyn-store-1782413208556-2,Chemical Shelfs,dyn-shelf-1782413208558-18,Top Shelf,,,,,,,,,,,,Albumin Standard,,,,mL,,2026-06-25T18:46:48.552Z,Physical State: Liquid,,,,,Sample,,,,,
,Albumin Standard,9006-59-1,Main Lab,10,units,,,New Chemical Shelf,Shelf #1,Available,,,,,,,,Daniel Munoz,,,,,,,,,,,,,,,,,dyn-store-1782413208556-2,Chemical Shelfs,dyn-shelf-1782413208558-18,Top Shelf,,,,,,,,,,,,Albumin Standard,,,,mL,,2026-06-25T18:46:48.552Z,Physical State: Liquid,,,,,Sample,,,,,
,Albumin Standard,9006-59-1,Main Lab,10,units,,,New Chemical Shelf,Shelf #1,Available,,,,,,,,Daniel Munoz,,,,,,,,,,,,,,,,,dyn-store-1782413208556-2,Chemical Shelfs,dyn-shelf-1782413208558-18,Top Shelf,,,,,,,,,,,,Albumin Standard,,,,mL,,2026-06-25T18:46:48.552Z,Physical State: Liquid,,,,,Sample,,,,,
,Albumin Standard,9006-59-1,Main Lab,10,units,,,New Chemical Shelf,Shelf #1,Available,,,,,,,,Daniel Munoz,,,,,,,,,,,,,,,,,dyn-store-1782413208556-2,Chemical Shelfs,dyn-shelf-1782413208558-18,Top Shelf,,,,,,,,,,,,Albumin Standard,,,,mL,,2026-06-25T18:46:48.552Z,Physical State: Liquid,,,,,Sample,,,,,
,Alcohol Dehydrogenase,,Main Lab,25,units,,,Freezer #2,Jar 1,Available,,,,,,,,Daniel Munoz,,,,,,,,,,,,,,,,,dyn-store-1782413208558-31,Freezer #2 - Close to Shakers,dyn-shelf-1782413208558-31,Shelf 1,,,,,,,dyn-box-1782413208558-31,Jar 1,,,,Alcohol Dehydrogenase,,,,mg,,2026-06-25T18:46:48.552Z,Physical State: solid,,,,,Sample,,,,,
,"Alpha Lactose Monohydrate, 99%",,Main Lab,1,units,,,New Chemical Shelf,Shelf #2,Available,,,,,,,,Daniel Munoz,,,,,,,,,,,,,,,,,dyn-store-1782413208556-2,Chemical Shelfs,dyn-shelf-1782413208556-2,Middle Shelf,,,,,,,,,,,,"Alpha Lactose Monohydrate, 99%",,,,kg,,2026-06-25T18:46:48.552Z,,,,,,Sample,,,,,
,"Aluminum chloride, 99%",0,Main Lab,5,units,,,New Chemical Shelf,Shelf #1,Available,,,,,,,,Daniel Munoz,,,,,,,,,,,,,,,,,dyn-store-1782413208556-2,Chemical Shelfs,dyn-shelf-1782413208558-18,Top Shelf,,,,,,,,,,,,"Aluminum chloride, 99%",,,,g,,2026-06-25T18:46:48.552Z,Physical State: Solid,,,,,Sample,,,,,
,"Ammonium acetate, 97%",631-61-8,Main Lab,250,units,,,New Chemical Shelf,Shelf #1,Available,,,,,,,,Daniel Munoz,,,,,,,,,,,,,,,,,dyn-store-1782413208556-2,Chemical Shelfs,dyn-shelf-1782413208558-18,Top Shelf,,,,,,,,,,,,"Ammonium acetate, 97%",,,,g,,2026-06-25T18:46:48.552Z,Physical State: Solid,,,,,Sample,,,,,
,"Ammonium bicarbonate, 99%",1066-33-7,Main Lab,1,units,,,New Chemical Shelf,Shelf #1,Available,,,,,,,,Daniel Munoz,,,,,,,,,,,,,,,,,dyn-store-1782413208556-2,Chemical Shelfs,dyn-shelf-1782413208558-18,Top Shelf,,,,,,,,,,,,"Ammonium bicarbonate, 99%",,,,kg,,2026-06-25T18:46:48.552Z,Physical State: Solid,,,,,Sample,,,,,
,"Ammonium bromide, 99%",12124-97-9,Main Lab,250,units,,,New Chemical Shelf,Shelf #1,Available,,,,,,,,Daniel Munoz,,,,,,,,,,,,,,,,,dyn-store-1782413208556-2,Chemical Shelfs,dyn-shelf-1782413208558-18,Top Shelf,,,,,,,,,,,,"Ammonium bromide, 99%",,,,g,,2026-06-25T18:46:48.552Z,Physical State: Solid,,,,,Sample,,,,,
,"Ammonium chloride, 99%",12125-02-9,Main Lab,500,units,,,New Chemical Shelf,Shelf #1,Available,,,,,,,,Daniel Munoz,,,,,,,,,,,,,,,,,dyn-store-1782413208556-2,Chemical Shelfs,dyn-shelf-1782413208558-18,Top Shelf,,,,,,,,,,,,"Ammonium chloride, 99%",,,,g,,2026-06-25T18:46:48.552Z,Physical State: Solid,,,,,Sample,,,,,
,"Ammonium citrate dibasic, 98%",3012-65-5,Main Lab,100,units,,,New Chemical Shelf,Shelf #1,Available,,,,,,,,Daniel Munoz,,,,,,,,,,,,,,,,,dyn-store-1782413208556-2,Chemical Shelfs,dyn-shelf-1782413208558-18,Top Shelf,,,,,,,,,,,,"Ammonium citrate dibasic, 98%",,,,g,,2026-06-25T18:46:48.552Z,Physical State: Solid,,,,,Sample,,,,,
,"Ammonium citrate tribasic, 99%",3458-72-8,Main Lab,100,units,,,New Chemical Shelf,Shelf #1,Available,,,,,,,,Daniel Munoz,,,,,,,,,,,,,,,,,dyn-store-1782413208556-2,Chemical Shelfs,dyn-shelf-1782413208558-18,Top Shelf,,,,,,,,,,,,"Ammonium citrate tribasic, 99%",,,,g,,2026-06-25T18:46:48.552Z,Physical State: Solid,,,,,Sample,,,,,
,"Ammonium dihydrogen phosphate, 99%",7722-76-1,Main Lab,500,units,,,New Chemical Shelf,Shelf #1,Available,,,,,,,,Daniel Munoz,,,,,,,,,,,,,,,,,dyn-store-1782413208556-2,Chemical Shelfs,dyn-shelf-1782413208558-18,Top Shelf,,,,,,,,,,,,"Ammonium dihydrogen phosphate, 99%",,,,g,,2026-06-25T18:46:48.552Z,Physical State: Solid,,,,,Sample,,,,,
,"Ammonium fluoride, 98%",12125-01-8,Main Lab,100,units,,,New Chemical Shelf,Shelf #1,Available,,,,,,,,Daniel Munoz,,,,,,,,,,,,,,,,,dyn-store-1782413208556-2,Chemical Shelfs,dyn-shelf-1782413208558-18,Top Shelf,,,,,,,,,,,,"Ammonium fluoride, 98%",,,,g,,2026-06-25T18:46:48.552Z,Physical State: Solid,,,,,Sample,,,,,
,"Ammonium iodide puriss, 99%",12027-06-4,Main Lab,100,units,,,New Chemical Shelf,Shelf #1,Available,,,,,,,,Daniel Munoz,,,,,,,,,,,,,,,,,dyn-store-1782413208556-2,Chemical Shelfs,dyn-shelf-1782413208558-18,Top Shelf,,,,,,,,,,,,"Ammonium iodide puriss, 99%",,,,g,,2026-06-25T18:46:48.552Z,Physical State: Solid,,,,,Sample,,,,,
,"Ammonium iodide, 99%",12027-06-4,Main Lab,100,units,,,New Chemical Shelf,Shelf #1,Available,,,,,,,,Daniel Munoz,,,,,,,,,,,,,,,,,dyn-store-1782413208556-2,Chemical Shelfs,dyn-shelf-1782413208558-18,Top Shelf,,,,,,,,,,,,"Ammonium iodide, 99%",,,,g,,2026-06-25T18:46:48.552Z,Physical State: Solid,,,,,Sample,,,,,
,"Ammonium iron (II) sulfte hexahydrate, 99%",7783-85-9,Main Lab,500,units,,,New Chemical Shelf,Shelf #1,Available,,,,,,,,Daniel Munoz,,,,,,,,,,,,,,,,,dyn-store-1782413208556-2,Chemical Shelfs,dyn-shelf-1782413208558-18,Top Shelf,,,,,,,,,,,,"Ammonium iron (II) sulfte hexahydrate, 99%",,,,g,,2026-06-25T18:46:48.552Z,Physical State: Solid,,,,,Sample,,,,,
,"Ammonium nitrate, 99%",6484-52-2,Main Lab,500,units,,,New Chemical Shelf,Shelf #1,Available,,,,,,,,Daniel Munoz,,,,,,,,,,,,,,,,,dyn-store-1782413208556-2,Chemical Shelfs,dyn-shelf-1782413208558-18,Top Shelf,,,,,,,,,,,,"Ammonium nitrate, 99%",,,,g,,2026-06-25T18:46:48.552Z,Physical State: Solid,,,,,Sample,,,,,
,"Ammonium Persulfate, 99%",7727-54-0,Main Lab,100,units,,,New Chemical Shelf,Shelf #1,Available,,,,,,,,Daniel Munoz,,,,,,,,,,,,,,,,,dyn-store-1782413208556-2,Chemical Shelfs,dyn-shelf-1782413208558-18,Top Shelf,,,,,,,,,,,,"Ammonium Persulfate, 99%",,,,g,,2026-06-25T18:46:48.552Z,Physical State: Solid,,,,,Sample,,,,,
,"Ammonium phosphate monobasic, 99%",7722-76-1,Main Lab,500,units,,,New Chemical Shelf,Shelf #1,Available,,,,,,,,Daniel Munoz,,,,,,,,,,,,,,,,,dyn-store-1782413208556-2,Chemical Shelfs,dyn-shelf-1782413208558-18,Top Shelf,,,,,,,,,,,,"Ammonium phosphate monobasic, 99%",,,,g,,2026-06-25T18:46:48.552Z,Physical State: Solid,,,,,Sample,,,,,
,"Ammonium sulfate, granular,  99%",0,Main Lab,500,units,,,New Chemical Shelf,Shelf #1,Available,,,,,,,,Daniel Munoz,,,,,,,,,,,,,,,,,dyn-store-1782413208556-2,Chemical Shelfs,dyn-shelf-1782413208558-18,Top Shelf,,,,,,,,,,,,"Ammonium sulfate, granular,  99%",,,,g,,2026-06-25T18:46:48.552Z,Physical State: Solid,,,,,Sample,,,,,
,"Ammonium-15N chloride, 99%",39466-62-1,Main Lab,10,units,,,New Chemical Shelf,Shelf #1,Available,,,,,,,,Daniel Munoz,,,,,,,,,,,,,,,,,dyn-store-1782413208556-2,Chemical Shelfs,dyn-shelf-1782413208558-18,Top Shelf,,,,,,,,,,,,"Ammonium-15N chloride, 99%",,,,g,,2026-06-25T18:46:48.552Z,Physical State: Solid,,,,,Sample,,,,,
,"Ammonium-15N2 sulfate, 99%",43086-58-4,Main Lab,10,units,,,New Chemical Shelf,Shelf #1,Available,,,,,,,,Daniel Munoz,,,,,,,,,,,,,,,,,dyn-store-1782413208556-2,Chemical Shelfs,dyn-shelf-1782413208558-18,Top Shelf,,,,,,,,,,,,"Ammonium-15N2 sulfate, 99%",,,,g,,2026-06-25T18:46:48.552Z,Physical State: Solid,,,,,Sample,,,,,
,Ampicillin,69-53-4,Main Lab,300,units,,,Freezer #2,Jar 3,Available,,,,,,,,Daniel Munoz,,,,,,,,,,,,,,,,,dyn-store-1782413208558-31,Freezer #2 - Close to Shakers,dyn-shelf-1782413208558-31,Shelf 1,,,,,,,dyn-box-1782413208559-42,Jar 3,,,,Ampicillin,,,,mg,,2026-06-25T18:46:48.552Z,Physical State: Solid,,,,,Sample,,,,,
,Anhydrotetracycline hydrochloride certified refere,13803-65-1,Main Lab,100,units,,,Dessicator Jar #1,Dessicator Jar #1 / Shelf 1,Available,,,,,,,,Daniel Munoz,,,,,,,,,,,,,,,,,dyn-store-1782413208559-53,Dessicator Jar #1,dyn-shelf-1782413208559-53,Shelf 1,,,,,,,,,,,,Anhydrotetracycline hydrochloride certified refere,,,,mg,,2026-06-25T18:46:48.552Z,Physical State: Solid,,,,,Sample,,,,,
,"Aniline, ACS reagent",62-53-3,Main Lab,100,units,,,New Chemical Shelf,Shelf #1,Available,,,,,,,,Daniel Munoz,,,,,,,,,,,,,,,,,dyn-store-1782413208556-2,Chemical Shelfs,dyn-shelf-1782413208558-18,Top Shelf,,,,,,,,,,,,"Aniline, ACS reagent",,,,mL,,2026-06-25T18:46:48.552Z,,,,,,Sample,,,,,
,"Anthranilic acid, 99%",0,Main Lab,1,units,,,New Chemical Shelf,Shelf #1,Available,,,,,,,,Daniel Munoz,,,,,,,,,,,,,,,,,dyn-store-1782413208556-2,Chemical Shelfs,dyn-shelf-1782413208558-18,Top Shelf,,,,,,,,,,,,"Anthranilic acid, 99%",,,,g,,2026-06-25T18:46:48.552Z,Physical State: Solid,,,,,Sample,,,,,
,b-Amylase from sweet potato,,Main Lab,15,units,,,Freezer #2,Jar 1,Available,,,,,,,,Daniel Munoz,,,,,,,,,,,,,,,,,dyn-store-1782413208558-31,Freezer #2 - Close to Shakers,dyn-shelf-1782413208558-31,Shelf 1,,,,,,,dyn-box-1782413208558-31,Jar 1,,,,b-Amylase from sweet potato,,,,mg,,2026-06-25T18:46:48.552Z,Physical State: solid,,,,,Sample,,,,,
,"B-Nicotinamide adenine dinucleotide, reduced disodium salt",606-68-8,Main Lab,1,units,,,Freezer #2,Jar 4,Available,,,,,,,,Daniel Munoz,,,,,,,,,,,,,,,,,dyn-store-1782413208558-31,Freezer #2 - Close to Shakers,dyn-shelf-1782413208558-31,Shelf 1,,,,,,,dyn-box-1782413208562-109,Jar 4,,,,"B-Nicotinamide adenine dinucleotide, reduced disodium salt",,,,g,,2026-06-25T18:46:48.552Z,,,,,,Sample,,,,,
,Badan (6-Bromoacetyl-2-Dimethylaminonaphthalene),,Main Lab,10,units,,,Freezer #2,Jar 2,Available,,,,,,,,Daniel Munoz,,,,,,,,,,,,,,,,,dyn-store-1782413208558-31,Freezer #2 - Close to Shakers,dyn-shelf-1782413208558-31,Shelf 1,,,,,,,dyn-box-1782413208558-36,Jar 2,,,,Badan (6-Bromoacetyl-2-Dimethylaminonaphthalene),,,,mg,,2026-06-25T18:46:48.552Z,,,,,,Sample,,,,,
,benzophenone-4-maleimide,,Main Lab,100,units,,,Freezer #2,Jar 3,Available,,,,,,,,Daniel Munoz,,,,,,,,,,,,,,,,,dyn-store-1782413208558-31,Freezer #2 - Close to Shakers,dyn-shelf-1782413208558-31,Shelf 1,,,,,,,dyn-box-1782413208559-42,Jar 3,,,,benzophenone-4-maleimide,,,,mg,,2026-06-25T18:46:48.552Z,Physical State: solid,,,,,Sample,,,,,
,"Benzophenone, 99%",119-61-9,Main Lab,25,units,,,New Chemical Shelf,Shelf #2,Available,,,,,,,,Daniel Munoz,,,,,,,,,,,,,,,,,dyn-store-1782413208556-2,Chemical Shelfs,dyn-shelf-1782413208556-2,Middle Shelf,,,,,,,,,,,,"Benzophenone, 99%",,,,g,,2026-06-25T18:46:48.552Z,Physical State: Solid,,,,,Sample,,,,,
,Beta-Glycerophosphate,,Main Lab,45,units,,,New Chemical Shelf,Shelf #2,Available,,,,,,,,Daniel Munoz,,,,,,,,,,,,,,,,,dyn-store-1782413208556-2,Chemical Shelfs,dyn-shelf-1782413208556-2,Middle Shelf,,,,,,,,,,,,Beta-Glycerophosphate,,,,mL,,2026-06-25T18:46:48.552Z,,,,,,Sample,,,,,
,"Betaine, 99%",107-43-7,Main Lab,1,units,,,New Chemical Shelf,Shelf #1,Available,,,,,,,,Daniel Munoz,,,,,,,,,,,,,,,,,dyn-store-1782413208556-2,Chemical Shelfs,dyn-shelf-1782413208558-18,Top Shelf,,,,,,,,,,,,"Betaine, 99%",,,,kg,,2026-06-25T18:46:48.552Z,Physical State: Solid,,,,,Sample,,,,,
,Bicinchoninic acid disodium salt hydrate,979884,Main Lab,5,units,,,New Chemical Shelf,Shelf #2,Available,,,,,,,,Daniel Munoz,,,,,,,,,,,,,,,,,dyn-store-1782413208556-2,Chemical Shelfs,dyn-shelf-1782413208556-2,Middle Shelf,,,,,,,,,,,,Bicinchoninic acid disodium salt hydrate,,,,g,,2026-06-25T18:46:48.552Z,Physical State: Solid,,,,,Sample,,,,,
,BICINE >=99.5% (titration),150-25-4,Main Lab,100,units,,,New Chemical Shelf,Shelf #2,Available,,,,,,,,Daniel Munoz,,,,,,,,,,,,,,,,,dyn-store-1782413208556-2,Chemical Shelfs,dyn-shelf-1782413208556-2,Middle Shelf,,,,,,,,,,,,BICINE >=99.5% (titration),,,,g,,2026-06-25T18:46:48.552Z,Physical State: Solid,,,,,Sample,,,,,
,"Bio-Beads SM-2, Poly(styrene-co-divinylbenzene) 99% styrene - 1% D",9003-70-7,Main Lab,100,units,,,New Chemical Shelf,Shelf #2,Available,,,,,,,,Daniel Munoz,,,,,,,,,,,,,,,,,dyn-store-1782413208556-2,Chemical Shelfs,dyn-shelf-1782413208556-2,Middle Shelf,,,,,,,,,,,,"Bio-Beads SM-2, Poly(styrene-co-divinylbenzene) 99% styrene - 1% D",,,,g,,2026-06-25T18:46:48.552Z,Physical State: Solid,,,,,Sample,,,,,
,"BIS-TRIS propane, >=99.0% (titration)",64431-96-5,Main Lab,150,units,,,New Chemical Shelf,Shelf #2,Available,,,,,,,,Daniel Munoz,,,,,,,,,,,,,,,,,dyn-store-1782413208556-2,Chemical Shelfs,dyn-shelf-1782413208556-2,Middle Shelf,,,,,,,,,,,,"BIS-TRIS propane, >=99.0% (titration)",,,,g,,2026-06-25T18:46:48.552Z,Physical State: Solid,,,,,Sample,,,,,
,"BIS-TRIS, 99%",6976-37-0,Main Lab,100,units,,,New Chemical Shelf,Shelf #2,Available,,,,,,,,Daniel Munoz,,,,,,,,,,,,,,,,,dyn-store-1782413208556-2,Chemical Shelfs,dyn-shelf-1782413208556-2,Middle Shelf,,,,,,,,,,,,"BIS-TRIS, 99%",,,,g,,2026-06-25T18:46:48.552Z,Physical State: Solid,,,,,Sample,,,,,
,Blocking Reagent,0,Main Lab,5,units,,,New Chemical Shelf,Shelf #1,Available,,,,,,,,Daniel Munoz,,,,,,,,,,,,,,,,,dyn-store-1782413208556-2,Chemical Shelfs,dyn-shelf-1782413208558-18,Top Shelf,,,,,,,,,,,,Blocking Reagent,,,,g,,2026-06-25T18:46:48.552Z,Physical State: Solid,,,,,Sample,,,,,
,Blocking reagent,0,Main Lab,5,units,,,New Chemical Shelf,Shelf #2,Available,,,,,,,,Daniel Munoz,,,,,,,,,,,,,,,,,dyn-store-1782413208556-2,Chemical Shelfs,dyn-shelf-1782413208556-2,Middle Shelf,,,,,,,,,,,,Blocking reagent,,,,g,,2026-06-25T18:46:48.552Z,Physical State: Solid,,,,,Sample,,,,,
,"Blocking reagent buffer, 10x",0,Main Lab,55,units,,,New Chemical Shelf,Shelf #2,Available,,,,,,,,Daniel Munoz,,,,,,,,,,,,,,,,,dyn-store-1782413208556-2,Chemical Shelfs,dyn-shelf-1782413208556-2,Middle Shelf,,,,,,,,,,,,"Blocking reagent buffer, 10x",,,,mL,,2026-06-25T18:46:48.552Z,Physical State: Liquid,,,,,Sample,,,,,
,"Blocking reagent buffer, 10x",0,Main Lab,55,units,,,New Chemical Shelf,Shelf #1,Available,,,,,,,,Daniel Munoz,,,,,,,,,,,,,,,,,dyn-store-1782413208556-2,Chemical Shelfs,dyn-shelf-1782413208558-18,Top Shelf,,,,,,,,,,,,"Blocking reagent buffer, 10x",,,,mL,,2026-06-25T18:46:48.552Z,Physical State: Liquid,,,,,Sample,,,,,
,"Blocking reagent buffer, 10x",0,Main Lab,55,units,,,New Chemical Shelf,Shelf #1,Available,,,,,,,,Daniel Munoz,,,,,,,,,,,,,,,,,dyn-store-1782413208556-2,Chemical Shelfs,dyn-shelf-1782413208558-18,Top Shelf,,,,,,,,,,,,"Blocking reagent buffer, 10x",,,,mL,,2026-06-25T18:46:48.552Z,Physical State: Liquid,,,,,Sample,,,,,
,"Boric acid, 99%",10043-35-3,Main Lab,1,units,,,New Chemical Shelf,Shelf #1,Available,,,,,,,,Daniel Munoz,,,,,,,,,,,,,,,,,dyn-store-1782413208556-2,Chemical Shelfs,dyn-shelf-1782413208558-18,Top Shelf,,,,,,,,,,,,"Boric acid, 99%",,,,kg,,2026-06-25T18:46:48.552Z,Physical State: Solid,,,,,Sample,,,,,
,"Bovine Serum Albumin Solution, 20mg/mL",,Main Lab,20,units,,,Freezer #2,Jar 2,Available,,,,,,,,Daniel Munoz,,,,,,,,,,,,,,,,,dyn-store-1782413208558-31,Freezer #2 - Close to Shakers,dyn-shelf-1782413208558-31,Shelf 1,,,,,,,dyn-box-1782413208558-36,Jar 2,,,,"Bovine Serum Albumin Solution, 20mg/mL",,,,mg,,2026-06-25T18:46:48.552Z,Physical State: solid,,,,,Sample,,,,,
,"Brilliant Blue G 250, 99%",6104-58-1,Main Lab,250,units,,,New Chemical Shelf,Shelf #2,Available,,,,,,,,Daniel Munoz,,,,,,,,,,,,,,,,,dyn-store-1782413208556-2,Chemical Shelfs,dyn-shelf-1782413208556-2,Middle Shelf,,,,,,,,,,,,"Brilliant Blue G 250, 99%",,,,g,,2026-06-25T18:46:48.552Z,Physical State: Solid,,,,,Sample,,,,,
,"Brilliant Blue R 250, 99%",6104-59-2,Main Lab,25,units,,,New Chemical Shelf,Shelf #2,Available,,,,,,,,Daniel Munoz,,,,,,,,,,,,,,,,,dyn-store-1782413208556-2,Chemical Shelfs,dyn-shelf-1782413208556-2,Middle Shelf,,,,,,,,,,,,"Brilliant Blue R 250, 99%",,,,g,,2026-06-25T18:46:48.552Z,Physical State: Solid,,,,,Sample,,,,,
,"Brilliant Blue R 250, 99%",,Main Lab,50,units,,,New Chemical Shelf,Shelf #2,Available,,,,,,,,Daniel Munoz,,,,,,,,,,,,,,,,,dyn-store-1782413208556-2,Chemical Shelfs,dyn-shelf-1782413208556-2,Middle Shelf,,,,,,,,,,,,"Brilliant Blue R 250, 99%",,,,g,,2026-06-25T18:46:48.552Z,,,,,,Sample,,,,,
,"Bromophenol Blue, 99%",115-39-9,Main Lab,25,units,,,New Chemical Shelf,Shelf #2,Available,,,,,,,,Daniel Munoz,,,,,,,,,,,,,,,,,dyn-store-1782413208556-2,Chemical Shelfs,dyn-shelf-1782413208556-2,Middle Shelf,,,,,,,,,,,,"Bromophenol Blue, 99%",,,,g,,2026-06-25T18:46:48.552Z,Physical State: Solid,,,,,Sample,,,,,
,"BT Chelex 100 RESIN, iron form",68954-42-7,Main Lab,100,units,,,New Chemical Shelf,Shelf #2,Available,,,,,,,,Daniel Munoz,,,,,,,,,,,,,,,,,dyn-store-1782413208556-2,Chemical Shelfs,dyn-shelf-1782413208556-2,Middle Shelf,,,,,,,,,,,,"BT Chelex 100 RESIN, iron form",,,,g,,2026-06-25T18:46:48.552Z,Physical State: Solid,,,,,Sample,,,,,
,Bugbuster 10X Protein extraction reagent,0,Main Lab,50,units,,,New Chemical Shelf,Shelf #2,Available,,,,,,,,Daniel Munoz,,,,,,,,,,,,,,,,,dyn-store-1782413208556-2,Chemical Shelfs,dyn-shelf-1782413208556-2,Middle Shelf,,,,,,,,,,,,Bugbuster 10X Protein extraction reagent,,,,mL,,2026-06-25T18:46:48.552Z,Physical State: Liquid,,,,,Sample,,,,,
,BugBuster Protein extraction Reagent,0,Main Lab,100,units,,,New Chemical Shelf,Shelf #2,Available,,,,,,,,Daniel Munoz,,,,,,,,,,,,,,,,,dyn-store-1782413208556-2,Chemical Shelfs,dyn-shelf-1782413208556-2,Middle Shelf,,,,,,,,,,,,BugBuster Protein extraction Reagent,,,,mL,,2026-06-25T18:46:48.552Z,,,,,,Sample,,,,,
,"Cacodylic acid, 98%",75-60-5,Main Lab,50,units,,,Dessicator Jar #1,Dessicator Jar #1 / Shelf 1,Available,,,,,,,,Daniel Munoz,,,,,,,,,,,,,,,,,dyn-store-1782413208559-53,Dessicator Jar #1,dyn-shelf-1782413208559-53,Shelf 1,,,,,,,,,,,,"Cacodylic acid, 98%",,,,g,,2026-06-25T18:46:48.552Z,Physical State: Solid,,,,,Sample,,,,,
,"Cadmium chloride anhydrous, 99%",10108-64-2,Main Lab,100,units,,,New Chemical Shelf,Shelf #2,Available,,,,,,,,Daniel Munoz,,,,,,,,,,,,,,,,,dyn-store-1782413208556-2,Chemical Shelfs,dyn-shelf-1782413208556-2,Middle Shelf,,,,,,,,,,,,"Cadmium chloride anhydrous, 99%",,,,g,,2026-06-25T18:46:48.552Z,Physical State: Solid,,,,,Sample,,,,,
,Cadmium sulfate Hydrate,7790-84-3,Main Lab,100,units,,,New Chemical Shelf,Shelf #2,Available,,,,,,,,Daniel Munoz,,,,,,,,,,,,,,,,,dyn-store-1782413208556-2,Chemical Shelfs,dyn-shelf-1782413208556-2,Middle Shelf,,,,,,,,,,,,Cadmium sulfate Hydrate,,,,g,,2026-06-25T18:46:48.552Z,Physical State: Solid,,,,,Sample,,,,,
,Calcium acetate Hydrate,62-54-4,Main Lab,250,units,,,New Chemical Shelf,Shelf #2,Available,,,,,,,,Daniel Munoz,,,,,,,,,,,,,,,,,dyn-store-1782413208556-2,Chemical Shelfs,dyn-shelf-1782413208556-2,Middle Shelf,,,,,,,,,,,,Calcium acetate Hydrate,,,,g,,2026-06-25T18:46:48.552Z,Physical State: Solid,,,,,Sample,,,,,
,"Calcium carbonate, 99%",471-34-1,Main Lab,100,units,,,New Chemical Shelf,Shelf #2,Available,,,,,,,,Daniel Munoz,,,,,,,,,,,,,,,,,dyn-store-1782413208556-2,Chemical Shelfs,dyn-shelf-1782413208556-2,Middle Shelf,,,,,,,,,,,,"Calcium carbonate, 99%",,,,g,,2026-06-25T18:46:48.552Z,Physical State: Solid,,,,,Sample,,,,,
,"Calcium Chloride, 99%",10043-52-4,Main Lab,100,units,,,New Chemical Shelf,Shelf #2,Available,,,,,,,,Daniel Munoz,,,,,,,,,,,,,,,,,dyn-store-1782413208556-2,Chemical Shelfs,dyn-shelf-1782413208556-2,Middle Shelf,,,,,,,,,,,,"Calcium Chloride, 99%",,,,g,,2026-06-25T18:46:48.552Z,Physical State: Solid,,,,,Sample,,,,,
,CAPS,1135-40-6,Main Lab,100,units,,,New Chemical Shelf,Shelf #2,Available,,,,,,,,Daniel Munoz,,,,,,,,,,,,,,,,,dyn-store-1782413208556-2,Chemical Shelfs,dyn-shelf-1782413208556-2,Middle Shelf,,,,,,,,,,,,CAPS,,,,g,,2026-06-25T18:46:48.552Z,Physical State: Solid,,,,,Sample,,,,,
,Carboxypeptidase Y,,Main Lab,1,units,,,Freezer #2,Jar 3,Available,,,,,,,,Daniel Munoz,,,,,,,,,,,,,,,,,dyn-store-1782413208558-31,Freezer #2 - Close to Shakers,dyn-shelf-1782413208558-31,Shelf 1,,,,,,,dyn-box-1782413208559-42,Jar 3,,,,Carboxypeptidase Y,,,,mg,,2026-06-25T18:46:48.552Z,,,,,,Sample,,,,,
,Carboxypeptidase Y,,Main Lab,1,units,,,Freezer #2,Jar 3,Available,,,,,,,,Daniel Munoz,,,,,,,,,,,,,,,,,dyn-store-1782413208558-31,Freezer #2 - Close to Shakers,dyn-shelf-1782413208558-31,Shelf 1,,,,,,,dyn-box-1782413208559-42,Jar 3,,,,Carboxypeptidase Y,,,,mg,,2026-06-25T18:46:48.552Z,,,,,,Sample,,,,,
,Casein Powder,,Main Lab,40,units,,,New Chemical Shelf,Shelf #2,Available,,,,,,,,Daniel Munoz,,,,,,,,,,,,,,,,,dyn-store-1782413208556-2,Chemical Shelfs,dyn-shelf-1782413208556-2,Middle Shelf,,,,,,,,,,,,Casein Powder,,,,mL,,2026-06-25T18:46:48.552Z,,,,,,Sample,,,,,
,Catalase from bovine liver,"May 2, 2001",Main Lab,100,units,,,Freezer #2,Jar 3,Available,,,,,,,,Daniel Munoz,,,,,,,,,,,,,,,,,dyn-store-1782413208558-31,Freezer #2 - Close to Shakers,dyn-shelf-1782413208558-31,Shelf 1,,,,,,,dyn-box-1782413208559-42,Jar 3,,,,Catalase from bovine liver,,,,mg,,2026-06-25T18:46:48.552Z,,,,,,Sample,,,,,
,Cellfectin Reagent (1mg/mL),,Main Lab,1,units,,,Freezer #2,Tray 1,Available,,,,,,,,Daniel Munoz,,,,,,,,,,,,,,,,,dyn-store-1782413208558-31,Freezer #2 - Close to Shakers,dyn-shelf-1782413208558-31,Shelf 1,,,,,,,dyn-box-1782413208564-159,Tray 1,,,,Cellfectin Reagent (1mg/mL),,,,mL,,2026-06-25T18:46:48.552Z,,,,,,Sample,,,,,
,Cellulose Phosphate,9015-14-9,Main Lab,500,units,,,New Chemical Shelf,Shelf #2,Available,,,,,,,,Daniel Munoz,,,,,,,,,,,,,,,,,dyn-store-1782413208556-2,Chemical Shelfs,dyn-shelf-1782413208556-2,Middle Shelf,,,,,,,,,,,,Cellulose Phosphate,,,,g,,2026-06-25T18:46:48.552Z,Physical State: Solid,,,,,Sample,,,,,
,"Cesium chloride, 99%",7647-17-8,Main Lab,50,units,,,New Chemical Shelf,Shelf #2,Available,,,,,,,,Daniel Munoz,,,,,,,,,,,,,,,,,dyn-store-1782413208556-2,Chemical Shelfs,dyn-shelf-1782413208556-2,Middle Shelf,,,,,,,,,,,,"Cesium chloride, 99%",,,,g,,2026-06-25T18:46:48.552Z,Physical State: Solid,,,,,Sample,,,,,
,"Cesium chloride, 99%",7647-17-8,Main Lab,50,units,,,New Chemical Shelf,Shelf #2,Available,,,,,,,,Daniel Munoz,,,,,,,,,,,,,,,,,dyn-store-1782413208556-2,Chemical Shelfs,dyn-shelf-1782413208556-2,Middle Shelf,,,,,,,,,,,,"Cesium chloride, 99%",,,,g,,2026-06-25T18:46:48.552Z,Physical State: Solid,,,,,Sample,,,,,
,"CHAPS, 99%",75621-03-3,Main Lab,100,units,,,New Chemical Shelf,Shelf #2,Available,,,,,,,,Daniel Munoz,,,,,,,,,,,,,,,,,dyn-store-1782413208556-2,Chemical Shelfs,dyn-shelf-1782413208556-2,Middle Shelf,,,,,,,,,,,,"CHAPS, 99%",,,,g,,2026-06-25T18:46:48.552Z,Physical State: Solid,,,,,Sample,,,,,
,"CHES SigmaUltra, >=99.5% (titration)",103-47-9,Main Lab,100,units,,,New Chemical Shelf,Shelf #2,Available,,,,,,,,Daniel Munoz,,,,,,,,,,,,,,,,,dyn-store-1782413208556-2,Chemical Shelfs,dyn-shelf-1782413208556-2,Middle Shelf,,,,,,,,,,,,"CHES SigmaUltra, >=99.5% (titration)",,,,g,,2026-06-25T18:46:48.552Z,Physical State: Solid,,,,,Sample,,,,,
,"CHES, 99%",103-47-9,Main Lab,100,units,,,New Chemical Shelf,Shelf #2,Available,,,,,,,,Daniel Munoz,,,,,,,,,,,,,,,,,dyn-store-1782413208556-2,Chemical Shelfs,dyn-shelf-1782413208556-2,Middle Shelf,,,,,,,,,,,,"CHES, 99%",,,,g,,2026-06-25T18:46:48.552Z,Physical State: Solid,,,,,Sample,,,,,
,"Chloramphenicol, 98%",56-75-7,Main Lab,100,units,,,New Chemical Shelf,Shelf #2,Available,,,,,,,,Daniel Munoz,,,,,,,,,,,,,,,,,dyn-store-1782413208556-2,Chemical Shelfs,dyn-shelf-1782413208556-2,Middle Shelf,,,,,,,,,,,,"Chloramphenicol, 98%",,,,g,,2026-06-25T18:46:48.552Z,Physical State: Solid,,,,,Sample,,,,,
,"Chloroform, 99.8%",67-66-3,Main Lab,4,units,,,Sousa RM.A480A EQ034923 Fumehood,Fumehood / Shelf 1,Available,,,,,,,,Daniel Munoz,,,,,,,,,,,,,,,,,dyn-store-1782413208557-6,Fumehood,dyn-shelf-1782413208557-6,Shelf 1,,,,,,,,,,,,"Chloroform, 99.8%",,,,L,,2026-06-25T18:46:48.552Z,Physical State: Liquid,,,,,Sample,,,,,
,"Citric acid, monohydrate, 99%",5949-29-1,Main Lab,500,units,,,New Chemical Shelf,Shelf #2,Available,,,,,,,,Daniel Munoz,,,,,,,,,,,,,,,,,dyn-store-1782413208556-2,Chemical Shelfs,dyn-shelf-1782413208556-2,Middle Shelf,,,,,,,,,,,,"Citric acid, monohydrate, 99%",,,,g,,2026-06-25T18:46:48.552Z,Physical State: Solid,,,,,Sample,,,,,
,"Cobalt chloride, hexahydrate, 98%",7791-13-1,Main Lab,125,units,,,New Chemical Shelf,Shelf #2,Available,,,,,,,,Daniel Munoz,,,,,,,,,,,,,,,,,dyn-store-1782413208556-2,Chemical Shelfs,dyn-shelf-1782413208556-2,Middle Shelf,,,,,,,,,,,,"Cobalt chloride, hexahydrate, 98%",,,,g,,2026-06-25T18:46:48.552Z,Physical State: Solid,,,,,Sample,,,,,
,"Copper (II) Sulfate, Pentahydrate, 98%",7758-99-8,Main Lab,250,units,,,New Chemical Shelf,Shelf #2,Available,,,,,,,,Daniel Munoz,,,,,,,,,,,,,,,,,dyn-store-1782413208556-2,Chemical Shelfs,dyn-shelf-1782413208556-2,Middle Shelf,,,,,,,,,,,,"Copper (II) Sulfate, Pentahydrate, 98%",,,,g,,2026-06-25T18:46:48.552Z,Physical State: Solid,,,,,Sample,,,,,
,"Copper(II) sulfate, 99%",7758-98-7,Main Lab,10,units,,,New Chemical Shelf,Shelf #2,Available,,,,,,,,Daniel Munoz,,,,,,,,,,,,,,,,,dyn-store-1782413208556-2,Chemical Shelfs,dyn-shelf-1782413208556-2,Middle Shelf,,,,,,,,,,,,"Copper(II) sulfate, 99%",,,,g,,2026-06-25T18:46:48.552Z,Physical State: Solid,,,,,Sample,,,,,
,CTAB extraction solution,0,Main Lab,250,units,,,New Chemical Shelf,Shelf #2,Available,,,,,,,,Daniel Munoz,,,,,,,,,,,,,,,,,dyn-store-1782413208556-2,Chemical Shelfs,dyn-shelf-1782413208556-2,Middle Shelf,,,,,,,,,,,,CTAB extraction solution,,,,mL,,2026-06-25T18:46:48.552Z,Physical State: Liquid,,,,,Sample,,,,,
,"CYMAL-7, ANAGRADE",349477-49-2,Main Lab,1,units,,,Freezer #2,Jar 5,Available,,,,,,,,Daniel Munoz,,,,,,,,,,,,,,,,,dyn-store-1782413208558-31,Freezer #2 - Close to Shakers,dyn-shelf-1782413208558-31,Shelf 1,,,,,,,dyn-box-1782413208564-176,Jar 5,,,,"CYMAL-7, ANAGRADE",,,,g,,2026-06-25T18:46:48.552Z,,,,,,Sample,,,,,
,D-(+)-Fucose,3615-37-0,Main Lab,1,units,,,New Chemical Shelf,Shelf #2,Available,,,,,,,,Daniel Munoz,,,,,,,,,,,,,,,,,dyn-store-1782413208556-2,Chemical Shelfs,dyn-shelf-1782413208556-2,Middle Shelf,,,,,,,,,,,,D-(+)-Fucose,,,,g,,2026-06-25T18:46:48.552Z,Physical State: Solid,,,,,Sample,,,,,
,D-(+)-Fucose,3615-37-0,Main Lab,5,units,,,New Chemical Shelf,Shelf #2,Available,,,,,,,,Daniel Munoz,,,,,,,,,,,,,,,,,dyn-store-1782413208556-2,Chemical Shelfs,dyn-shelf-1782413208556-2,Middle Shelf,,,,,,,,,,,,D-(+)-Fucose,,,,g,,2026-06-25T18:46:48.552Z,Physical State: Solid,,,,,Sample,,,,,
,D-(+)-Glucose monohydrate,14431-43-7,Main Lab,250,units,,,New Chemical Shelf,Shelf #2,Available,,,,,,,,Daniel Munoz,,,,,,,,,,,,,,,,,dyn-store-1782413208556-2,Chemical Shelfs,dyn-shelf-1782413208556-2,Middle Shelf,,,,,,,,,,,,D-(+)-Glucose monohydrate,,,,g,,2026-06-25T18:46:48.552Z,Physical State: Solid,,,,,Sample,,,,,
,"D-(+)-Maltose monohydrate, 99%",6363-53-7,Main Lab,100,units,,,New Chemical Shelf,Shelf #2,Available,,,,,,,,Daniel Munoz,,,,,,,,,,,,,,,,,dyn-store-1782413208556-2,Chemical Shelfs,dyn-shelf-1782413208556-2,Middle Shelf,,,,,,,,,,,,"D-(+)-Maltose monohydrate, 99%",,,,g,,2026-06-25T18:46:48.552Z,Physical State: Solid,,,,,Sample,,,,,
,"D-(+)-Raffinose, 99%",17629-30-0,Main Lab,25,units,,,New Chemical Shelf,Shelf #3,Available,,,,,,,,Daniel Munoz,,,,,,,,,,,,,,,,,dyn-store-1782413208556-2,Chemical Shelfs,dyn-shelf-1782413208557-3,Bottom Shelf,,,,,,,,,,,,"D-(+)-Raffinose, 99%",,,,g,,2026-06-25T18:46:48.552Z,Physical State: Solid,,,,,Sample,,,,,
,"D-(+)-Trehalose dihydrate, 99%",6138-23-4,Main Lab,10,units,,,New Chemical Shelf,Shelf #3,Available,,,,,,,,Daniel Munoz,,,,,,,,,,,,,,,,,dyn-store-1782413208556-2,Chemical Shelfs,dyn-shelf-1782413208557-3,Bottom Shelf,,,,,,,,,,,,"D-(+)-Trehalose dihydrate, 99%",,,,g,,2026-06-25T18:46:48.552Z,Physical State: Solid,,,,,Sample,,,,,
,D-Glucose-13C6,110187-42-3,Main Lab,10,units,,,New Chemical Shelf,Shelf #2,Available,,,,,,,,Daniel Munoz,,,,,,,,,,,,,,,,,dyn-store-1782413208556-2,Chemical Shelfs,dyn-shelf-1782413208556-2,Middle Shelf,,,,,,,,,,,,D-Glucose-13C6,,,,g,,2026-06-25T18:46:48.552Z,Physical State: Solid,,,,,Sample,,,,,
,"D-Glucose-c13, 99%",201417-01-8,Main Lab,5,units,,,New Chemical Shelf,Shelf #2,Available,,,,,,,,Daniel Munoz,,,,,,,,,,,,,,,,,dyn-store-1782413208556-2,Chemical Shelfs,dyn-shelf-1782413208556-2,Middle Shelf,,,,,,,,,,,,"D-Glucose-c13, 99%",,,,g,,2026-06-25T18:46:48.552Z,Physical State: Solid,,,,,Sample,,,,,
,D-Glucuronic acid,"December 3, 1956",Main Lab,10,units,,,Freezer #2,Jar 3,Available,,,,,,,,Daniel Munoz,,,,,,,,,,,,,,,,,dyn-store-1782413208558-31,Freezer #2 - Close to Shakers,dyn-shelf-1782413208558-31,Shelf 1,,,,,,,dyn-box-1782413208559-42,Jar 3,,,,D-Glucuronic acid,,,,mg,,2026-06-25T18:46:48.552Z,Physical State: liquid,,,,,Sample,,,,,
,"D-Mannitol, ACS Reagent, 98%",69-65-8,Main Lab,250,units,,,New Chemical Shelf,Shelf #2,Available,,,,,,,,Daniel Munoz,,,,,,,,,,,,,,,,,dyn-store-1782413208556-2,Chemical Shelfs,dyn-shelf-1782413208556-2,Middle Shelf,,,,,,,,,,,,"D-Mannitol, ACS Reagent, 98%",,,,g,,2026-06-25T18:46:48.552Z,Physical State: Solid,,,,,Sample,,,,,
,"D-Sorbitol, 98%",50-70-4,Main Lab,1,units,,,New Chemical Shelf,Shelf #3,Available,,,,,,,,Daniel Munoz,,,,,,,,,,,,,,,,,dyn-store-1782413208556-2,Chemical Shelfs,dyn-shelf-1782413208557-3,Bottom Shelf,,,,,,,,,,,,"D-Sorbitol, 98%",,,,kg,,2026-06-25T18:46:48.552Z,Physical State: Solid,,,,,Sample,,,,,
,DBCO-amine,1255942-06-3,Main Lab,100,units,,,Freezer #2,Jar 3,Available,,,,,,,,Daniel Munoz,,,,,,,,,,,,,,,,,dyn-store-1782413208558-31,Freezer #2 - Close to Shakers,dyn-shelf-1782413208558-31,Shelf 1,,,,,,,dyn-box-1782413208559-42,Jar 3,,,,DBCO-amine,,,,mg,,2026-06-25T18:46:48.552Z,,,,,,Sample,,,,,
,Deoxyribonuclease I from bovine pancreas,9003-98-9,Main Lab,7,units,,,Freezer #2,Jar 2,Available,,,,,,,,Daniel Munoz,,,,,,,,,,,,,,,,,dyn-store-1782413208558-31,Freezer #2 - Close to Shakers,dyn-shelf-1782413208558-31,Shelf 1,,,,,,,dyn-box-1782413208558-36,Jar 2,,,,Deoxyribonuclease I from bovine pancreas,,,,mg,,2026-06-25T18:46:48.552Z,Physical State: Solid,,,,,Sample,,,,,
,"Deuterium oxide, 100%",7789-20-0,Main Lab,100,units,,,New Chemical Shelf,Shelf #2,Available,,,,,,,,Daniel Munoz,,,,,,,,,,,,,,,,,dyn-store-1782413208556-2,Chemical Shelfs,dyn-shelf-1782413208556-2,Middle Shelf,,,,,,,,,,,,"Deuterium oxide, 100%",,,,g,,2026-06-25T18:46:48.552Z,Physical State: Solid,,,,,Sample,,,,,
,"Deuterium oxide, 100%",7789-20-0,Main Lab,100,units,,,New Chemical Shelf,Shelf #2,Available,,,,,,,,Daniel Munoz,,,,,,,,,,,,,,,,,dyn-store-1782413208556-2,Chemical Shelfs,dyn-shelf-1782413208556-2,Middle Shelf,,,,,,,,,,,,"Deuterium oxide, 100%",,,,g,,2026-06-25T18:46:48.552Z,Physical State: Solid,,,,,Sample,,,,,
,Dextran from Leuconostoc mesenteroides,9004-54-0,Main Lab,10,units,,,New Chemical Shelf,Shelf #2,Available,,,,,,,,Daniel Munoz,,,,,,,,,,,,,,,,,dyn-store-1782413208556-2,Chemical Shelfs,dyn-shelf-1782413208556-2,Middle Shelf,,,,,,,,,,,,Dextran from Leuconostoc mesenteroides,,,,g,,2026-06-25T18:46:48.552Z,Physical State: Solid,,,,,Sample,,,,,
,Dextran sulfate sodium salt from Leuconostoc spp.,9011-18-1,Main Lab,5,units,,,New Chemical Shelf,Shelf #2,Available,,,,,,,,Daniel Munoz,,,,,,,,,,,,,,,,,dyn-store-1782413208556-2,Chemical Shelfs,dyn-shelf-1782413208556-2,Middle Shelf,,,,,,,,,,,,Dextran sulfate sodium salt from Leuconostoc spp.,,,,g,,2026-06-25T18:46:48.552Z,Physical State: Solid,,,,,Sample,,,,,
,Dextrose (D-Glucose) Anhydrous,50-99-7,Main Lab,500,units,,,New Chemical Shelf,Shelf #2,Available,,,,,,,,Daniel Munoz,,,,,,,,,,,,,,,,,dyn-store-1782413208556-2,Chemical Shelfs,dyn-shelf-1782413208556-2,Middle Shelf,,,,,,,,,,,,Dextrose (D-Glucose) Anhydrous,,,,g,,2026-06-25T18:46:48.552Z,Physical State: Solid,,,,,Sample,,,,,
,Dextrose (D-Glucose) Anhydrous,50-99-7,Main Lab,500,units,,,New Chemical Shelf,Shelf #2,Available,,,,,,,,Daniel Munoz,,,,,,,,,,,,,,,,,dyn-store-1782413208556-2,Chemical Shelfs,dyn-shelf-1782413208556-2,Middle Shelf,,,,,,,,,,,,Dextrose (D-Glucose) Anhydrous,,,,g,,2026-06-25T18:46:48.552Z,Physical State: Solid,,,,,Sample,,,,,
,di-Ammonium hydrogen phosphate,--,Main Lab,250,units,,,New Chemical Shelf,Shelf #1,Available,,,,,,,,Daniel Munoz,,,,,,,,,,,,,,,,,dyn-store-1782413208556-2,Chemical Shelfs,dyn-shelf-1782413208558-18,Top Shelf,,,,,,,,,,,,di-Ammonium hydrogen phosphate,,,,g,,2026-06-25T18:46:48.552Z,Physical State: Solid,,,,,Sample,,,,,
,di-Ammonium tartrate,3164-29-2,Main Lab,50,units,,,New Chemical Shelf,Shelf #1,Available,,,,,,,,Daniel Munoz,,,,,,,,,,,,,,,,,dyn-store-1782413208556-2,Chemical Shelfs,dyn-shelf-1782413208558-18,Top Shelf,,,,,,,,,,,,di-Ammonium tartrate,,,,g,,2026-06-25T18:46:48.552Z,Physical State: Solid,,,,,Sample,,,,,
,"di-Sodium hydrogen phosphate dihydrate, 99%",0,Main Lab,250,units,,,New Chemical Shelf,Shelf #3,Available,,,,,,,,Daniel Munoz,,,,,,,,,,,,,,,,,dyn-store-1782413208556-2,Chemical Shelfs,dyn-shelf-1782413208557-3,Bottom Shelf,,,,,,,,,,,,"di-Sodium hydrogen phosphate dihydrate, 99%",,,,g,,2026-06-25T18:46:48.552Z,Physical State: Solid,,,,,Sample,,,,,
,DIMETHYL FORMAMIDE CERT ACS,68-12-2,Main Lab,4,units,,,Flammable Cabinet #1,Batey/Sousa RM.A450 Flammable Cabinet #1 Sousa Shelf,Available,,,,,,,,Daniel Munoz,,,,,,,,,,,,,,,,,dyn-store-1782413208557-5,Flammable Cabinet #1,dyn-shelf-1782413208559-57,Batey/Sousa RM.A450 Flammable Cabinet #1 Sousa Shelf,,,,,,,,,,,,DIMETHYL FORMAMIDE CERT ACS,,,,L,,2026-06-25T18:46:48.552Z,,,,,,Sample,,,,,
,"Dimethyl sulfoxide ?99.9%, for molecular biology",67-68-5,Main Lab,100,units,,,Flammable Cabinet #1,Batey/Sousa RM.A450 Flammable Cabinet #1 Sousa Shelf,Available,,,,,,,,Daniel Munoz,,,,,,,,,,,,,,,,,dyn-store-1782413208557-5,Flammable Cabinet #1,dyn-shelf-1782413208559-57,Batey/Sousa RM.A450 Flammable Cabinet #1 Sousa Shelf,,,,,,,,,,,,"Dimethyl sulfoxide ?99.9%, for molecular biology",,,,mL,,2026-06-25T18:46:48.552Z,,,,,,Sample,,,,,
,"Dimethyl Sulfoxide, 99%",67-68-5,Main Lab,500,units,,,Flammable Cabinet #1,Flammable Cabinet #1 / Shelf 1,Available,,,,,,,,Daniel Munoz,,,,,,,,,,,,,,,,,dyn-store-1782413208557-5,Flammable Cabinet #1,dyn-shelf-1782413208557-5,Shelf 1,,,,,,,,,,,,"Dimethyl Sulfoxide, 99%",,,,mL,,2026-06-25T18:46:48.552Z,Physical State: Liquid,,,,,Sample,,,,,
,"Dimethyl Sulfoxide, 99%",67-68-5,Main Lab,100,units,,,Flammable Cabinet #1,Flammable Cabinet #1 / Shelf 1,Available,,,,,,,,Daniel Munoz,,,,,,,,,,,,,,,,,dyn-store-1782413208557-5,Flammable Cabinet #1,dyn-shelf-1782413208557-5,Shelf 1,,,,,,,,,,,,"Dimethyl Sulfoxide, 99%",,,,mL,,2026-06-25T18:46:48.552Z,Physical State: Liquid,,,,,Sample,,,,,
,Dioxane 99%,123-91-1,Main Lab,500,units,,,Flammable Cabinet #1,Flammable Cabinet #1 / Shelf 1,Available,,,,,,,,Daniel Munoz,,,,,,,,,,,,,,,,,dyn-store-1782413208557-5,Flammable Cabinet #1,dyn-shelf-1782413208557-5,Shelf 1,,,,,,,,,,,,Dioxane 99%,,,,mL,,2026-06-25T18:46:48.552Z,Physical State: Liquid,,,,,Sample,,,,,
,"DL-Malic acid, 98%",6915-15-7,Main Lab,250,units,,,New Chemical Shelf,Shelf #2,Available,,,,,,,,Daniel Munoz,,,,,,,,,,,,,,,,,dyn-store-1782413208556-2,Chemical Shelfs,dyn-shelf-1782413208556-2,Middle Shelf,,,,,,,,,,,,"DL-Malic acid, 98%",,,,g,,2026-06-25T18:46:48.552Z,Physical State: Solid,,,,,Sample,,,,,
,"Dnase 1, Amplification Grade",,Main Lab,1,units,,,Freezer #2,Freezer #2 - Close to Shakers / Shelf 1,Available,,,,,,,,Daniel Munoz,,,,,,,,,,,,,,,,,dyn-store-1782413208558-31,Freezer #2 - Close to Shakers,dyn-shelf-1782413208558-31,Shelf 1,,,,,,,,,,,,"Dnase 1, Amplification Grade",,,,kit,,2026-06-25T18:46:48.552Z,,,,,,Sample,,,,,
,"DTT, DL-Dithiothreitol",27565-41-9,Main Lab,100,units,,,Freezer #2,Tray 1,Available,,,,,,,,Daniel Munoz,,,,,,,,,,,,,,,,,dyn-store-1782413208558-31,Freezer #2 - Close to Shakers,dyn-shelf-1782413208558-31,Shelf 1,,,,,,,dyn-box-1782413208564-159,Tray 1,,,,"DTT, DL-Dithiothreitol",,,,g,,2026-06-25T18:46:48.552Z,Physical State: Solid,,,,,Sample,,,,,
,"EDC, 1-Ethyl-3-(-3-dimethylaminopropyl) cabodiimide HCl",0,Main Lab,5,units,,,Freezer #2,Jar 2,Available,,,,,,,,Daniel Munoz,,,,,,,,,,,,,,,,,dyn-store-1782413208558-31,Freezer #2 - Close to Shakers,dyn-shelf-1782413208558-31,Shelf 1,,,,,,,dyn-box-1782413208558-36,Jar 2,,,,"EDC, 1-Ethyl-3-(-3-dimethylaminopropyl) cabodiimide HCl",,,,g,,2026-06-25T18:46:48.552Z,Physical State: Solid,,,,,Sample,,,,,
,"EDTA, Ethylenediamine Tetreaacetic Acid, Disodium Slat Dihydrate",6381-92-6,Main Lab,500,units,,,New Chemical Shelf,Shelf #2,Available,,,,,,,,Daniel Munoz,,,,,,,,,,,,,,,,,dyn-store-1782413208556-2,Chemical Shelfs,dyn-shelf-1782413208556-2,Middle Shelf,,,,,,,,,,,,"EDTA, Ethylenediamine Tetreaacetic Acid, Disodium Slat Dihydrate",,,,g,,2026-06-25T18:46:48.552Z,Physical State: Solid,,,,,Sample,,,,,
,Elugent Detergent Solution,132778-08-6,Main Lab,100,units,,,New Chemical Shelf,Shelf #2,Available,,,,,,,,Daniel Munoz,,,,,,,,,,,,,,,,,dyn-store-1782413208556-2,Chemical Shelfs,dyn-shelf-1782413208556-2,Middle Shelf,,,,,,,,,,,,Elugent Detergent Solution,,,,mL,,2026-06-25T18:46:48.552Z,Physical State: Liquid,,,,,Sample,,,,,
,Ethanol,64-17-5,Main Lab,1,units,,,Sousa RM.A480A EQ034923 Fumehood,Fumehood / Shelf 1,Available,,,,,,,,Daniel Munoz,,,,,,,,,,,,,,,,,dyn-store-1782413208557-6,Fumehood,dyn-shelf-1782413208557-6,Shelf 1,,,,,,,,,,,,Ethanol,,,,g,,2026-06-25T18:46:48.552Z,Physical State: Solid,,,,,Sample,,,,,
,"Ethanolamine, 99%",141-43-5,Main Lab,25,units,,,New Chemical Shelf,Shelf #2,Available,,,,,,,,Daniel Munoz,,,,,,,,,,,,,,,,,dyn-store-1782413208556-2,Chemical Shelfs,dyn-shelf-1782413208556-2,Middle Shelf,,,,,,,,,,,,"Ethanolamine, 99%",,,,mL,,2026-06-25T18:46:48.552Z,Physical State: Liquid,,,,,Sample,,,,,
,Ethidium bromide,58880-05-0,Main Lab,5,units,,,New Chemical Shelf,Shelf #2,Available,,,,,,,,Daniel Munoz,,,,,,,,,,,,,,,,,dyn-store-1782413208556-2,Chemical Shelfs,dyn-shelf-1782413208556-2,Middle Shelf,,,,,,,,,,,,Ethidium bromide,,,,g,,2026-06-25T18:46:48.552Z,Physical State: Solid,,,,,Sample,,,,,
,"Ethyl acetate, 99%",141-78-6,Main Lab,500,units,,,Flammable Cabinet #1,Flammable Cabinet #1 / Shelf 1,Available,,,,,,,,Daniel Munoz,,,,,,,,,,,,,,,,,dyn-store-1782413208557-5,Flammable Cabinet #1,dyn-shelf-1782413208557-5,Shelf 1,,,,,,,,,,,,"Ethyl acetate, 99%",,,,mL,,2026-06-25T18:46:48.552Z,Physical State: Liquid,,,,,Sample,,,,,
,ETHYL ALCOHOL ABSOLUTE USP 1 GALLON,64-17-5,Main Lab,1,units,,,Flammable Cabinet #1,Batey/Sousa RM.A450 Flammable Cabinet #1 Sousa Shelf,Available,,,,,,,,Daniel Munoz,,,,,,,,,,,,,,,,,dyn-store-1782413208557-5,Flammable Cabinet #1,dyn-shelf-1782413208559-57,Batey/Sousa RM.A450 Flammable Cabinet #1 Sousa Shelf,,,,,,,,,,,,ETHYL ALCOHOL ABSOLUTE USP 1 GALLON,,,,GAL,,2026-06-25T18:46:48.552Z,,,,,,Sample,,,,,
,Ethylene glycol,107-21-1,Main Lab,1,units,,,New Chemical Shelf,Shelf #2,Available,,,,,,,,Daniel Munoz,,,,,,,,,,,,,,,,,dyn-store-1782413208556-2,Chemical Shelfs,dyn-shelf-1782413208556-2,Middle Shelf,,,,,,,,,,,,Ethylene glycol,,,,L,,2026-06-25T18:46:48.552Z,Physical State: Liquid,,,,,Sample,,,,,
,"Ethylene glycol, 99%",107-21-1,Main Lab,1,units,,,New Chemical Shelf,Shelf #2,Available,,,,,,,,Daniel Munoz,,,,,,,,,,,,,,,,,dyn-store-1782413208556-2,Chemical Shelfs,dyn-shelf-1782413208556-2,Middle Shelf,,,,,,,,,,,,"Ethylene glycol, 99%",,,,L,,2026-06-25T18:46:48.552Z,Physical State: Liquid,,,,,Sample,,,,,
,Ethylene imine polymer Solution,9002-98-6,Main Lab,100,units,,,New Chemical Shelf,Shelf #2,Available,,,,,,,,Daniel Munoz,,,,,,,,,,,,,,,,,dyn-store-1782413208556-2,Chemical Shelfs,dyn-shelf-1782413208556-2,Middle Shelf,,,,,,,,,,,,Ethylene imine polymer Solution,,,,mL,,2026-06-25T18:46:48.552Z,Physical State: Liquid,,,,,Sample,,,,,
,"Ethylenediamine Tetraacetic Acid Disodium Salt Dihydrate, 99%",6381-92-6,Main Lab,500,units,,,New Chemical Shelf,Shelf #2,Available,,,,,,,,Daniel Munoz,,,,,,,,,,,,,,,,,dyn-store-1782413208556-2,Chemical Shelfs,dyn-shelf-1782413208556-2,Middle Shelf,,,,,,,,,,,,"Ethylenediamine Tetraacetic Acid Disodium Salt Dihydrate, 99%",,,,g,,2026-06-25T18:46:48.552Z,Physical State: Solid,,,,,Sample,,,,,
,Ficoll 400 DL 5g,26873-85-8,Main Lab,5,units,,,New Chemical Shelf,Shelf #2,Available,,,,,,,,Daniel Munoz,,,,,,,,,,,,,,,,,dyn-store-1782413208556-2,Chemical Shelfs,dyn-shelf-1782413208556-2,Middle Shelf,,,,,,,,,,,,Ficoll 400 DL 5g,,,,g,,2026-06-25T18:46:48.552Z,Physical State: Solid,,,,,Sample,,,,,
,"Folic acid, 97%",59-30-3,Main Lab,10,units,,,New Chemical Shelf,Shelf #2,Available,,,,,,,,Daniel Munoz,,,,,,,,,,,,,,,,,dyn-store-1782413208556-2,Chemical Shelfs,dyn-shelf-1782413208556-2,Middle Shelf,,,,,,,,,,,,"Folic acid, 97%",,,,g,,2026-06-25T18:46:48.552Z,Physical State: Solid,,,,,Sample,,,,,
,Folin & Ciocalteu's Phenol reagent,521-24-4,Main Lab,500,units,,,New Chemical Shelf,Shelf #2,Available,,,,,,,,Daniel Munoz,,,,,,,,,,,,,,,,,dyn-store-1782413208556-2,Chemical Shelfs,dyn-shelf-1782413208556-2,Middle Shelf,,,,,,,,,,,,Folin & Ciocalteu's Phenol reagent,,,,mL,,2026-06-25T18:46:48.552Z,Physical State: Liquid,,,,,Sample,,,,,
,Folinic acid calcium salt hydrate,6035-45-6,Main Lab,500,units,,,New Chemical Shelf,Shelf #2,Available,,,,,,,,Daniel Munoz,,,,,,,,,,,,,,,,,dyn-store-1782413208556-2,Chemical Shelfs,dyn-shelf-1782413208556-2,Middle Shelf,,,,,,,,,,,,Folinic acid calcium salt hydrate,,,,mg,,2026-06-25T18:46:48.552Z,Physical State: Solid,,,,,Sample,,,,,
,Formaldehyde 37%,67-56-1,Main Lab,20,units,,,New Chemical Shelf,Shelf #2,Available,,,,,,,,Daniel Munoz,,,,,,,,,,,,,,,,,dyn-store-1782413208556-2,Chemical Shelfs,dyn-shelf-1782413208556-2,Middle Shelf,,,,,,,,,,,,Formaldehyde 37%,,,,g,,2026-06-25T18:46:48.552Z,Physical State: Solid,,,,,Sample,,,,,
,Formaldehyde solution,0,Main Lab,500,units,,,New Chemical Shelf,Shelf #2,Available,,,,,,,,Daniel Munoz,,,,,,,,,,,,,,,,,dyn-store-1782413208556-2,Chemical Shelfs,dyn-shelf-1782413208556-2,Middle Shelf,,,,,,,,,,,,Formaldehyde solution,,,,mL,,2026-06-25T18:46:48.552Z,Physical State: Liquid,,,,,Sample,,,,,
,"Formaldehyde, 16%",50-00-0,Main Lab,100,units,,,New Chemical Shelf,Shelf #2,Available,,,,,,,,Daniel Munoz,,,,,,,,,,,,,,,,,dyn-store-1782413208556-2,Chemical Shelfs,dyn-shelf-1782413208556-2,Middle Shelf,,,,,,,,,,,,"Formaldehyde, 16%",,,,mL,,2026-06-25T18:46:48.552Z,Physical State: Liquid,,,,,Sample,,,,,
,"Formic acid, 95%",64-18-6,Main Lab,500,units,,,Sousa RM.A480A EQ034923 Fumehood,Fumehood / Shelf 1,Available,,,,,,,,Daniel Munoz,,,,,,,,,,,,,,,,,dyn-store-1782413208557-6,Fumehood,dyn-shelf-1782413208557-6,Shelf 1,,,,,,,,,,,,"Formic acid, 95%",,,,mL,,2026-06-25T18:46:48.552Z,Physical State: Liquid,,,,,Sample,,,,,
,"Formic acid, 95%",64-18-6,Main Lab,1,units,,,Sousa RM.A480A EQ034923 Fumehood,Fumehood / Shelf 1,Available,,,,,,,,Daniel Munoz,,,,,,,,,,,,,,,,,dyn-store-1782413208557-6,Fumehood,dyn-shelf-1782413208557-6,Shelf 1,,,,,,,,,,,,"Formic acid, 95%",,,,L,,2026-06-25T18:46:48.552Z,Physical State: Liquid,,,,,Sample,,,,,
,Glutathione oxidized,,Main Lab,5,units,,,Freezer #2,Jar 1,Available,,,,,,,,Daniel Munoz,,,,,,,,,,,,,,,,,dyn-store-1782413208558-31,Freezer #2 - Close to Shakers,dyn-shelf-1782413208558-31,Shelf 1,,,,,,,dyn-box-1782413208558-31,Jar 1,,,,Glutathione oxidized,,,,g,,2026-06-25T18:46:48.552Z,Physical State: solid,,,,,Sample,,,,,
,"Glycine, 99%",56-40-6,Main Lab,5,units,,,New Chemical Shelf,Under bench #1,Available,,,,,,,,Daniel Munoz,,,,,,,,,,,,,,,,,dyn-store-1782413208556-2,Chemical Shelfs,dyn-shelf-1782413208566-236,Under Bench Storage,,,,,,,dyn-box-1782413208566-236,Under bench #1,,,,"Glycine, 99%",,,,kg,,2026-06-25T18:46:48.552Z,Physical State: Solid,,,,,Sample,,,,,
,"Glycine, 99%",56-40-6,Main Lab,1,units,,,New Chemical Shelf,Shelf #2,Available,,,,,,,,Daniel Munoz,,,,,,,,,,,,,,,,,dyn-store-1782413208556-2,Chemical Shelfs,dyn-shelf-1782413208556-2,Middle Shelf,,,,,,,,,,,,"Glycine, 99%",,,,kg,,2026-06-25T18:46:48.552Z,Physical State: Solid,,,,,Sample,,,,,
,Glycogen,,Main Lab,100,units,,,Freezer #2,Freezer #2 - Close to Shakers / Shelf 1,Available,,,,,,,,Daniel Munoz,,,,,,,,,,,,,,,,,dyn-store-1782413208558-31,Freezer #2 - Close to Shakers,dyn-shelf-1782413208558-31,Shelf 1,,,,,,,,,,,,Glycogen,,,,μL,,2026-06-25T18:46:48.552Z,,,,,,Sample,,,,,
,"Guanidine hydrochloride, 98%",50-01-1,Main Lab,1,units,,,New Chemical Shelf,Under bench #1,Available,,,,,,,,Daniel Munoz,,,,,,,,,,,,,,,,,dyn-store-1782413208556-2,Chemical Shelfs,dyn-shelf-1782413208566-236,Under Bench Storage,,,,,,,dyn-box-1782413208566-236,Under bench #1,,,,"Guanidine hydrochloride, 98%",,,,kg,,2026-06-25T18:46:48.552Z,Physical State: Solid,,,,,Sample,,,,,
,Guanosine 5'-triphosphate sodium salt hydrate,,Main Lab,5,units,,,Freezer #2,Jar 2,Available,,,,,,,,Daniel Munoz,,,,,,,,,,,,,,,,,dyn-store-1782413208558-31,Freezer #2 - Close to Shakers,dyn-shelf-1782413208558-31,Shelf 1,,,,,,,dyn-box-1782413208558-36,Jar 2,,,,Guanosine 5'-triphosphate sodium salt hydrate,,,,mg,,2026-06-25T18:46:48.552Z,Physical State: solid,,,,,Sample,,,,,
,Guanosine 5'-triphosphate trisodium salt hydrate,,Main Lab,25,units,,,Freezer #2,Jar 2,Available,,,,,,,,Daniel Munoz,,,,,,,,,,,,,,,,,dyn-store-1782413208558-31,Freezer #2 - Close to Shakers,dyn-shelf-1782413208558-31,Shelf 1,,,,,,,dyn-box-1782413208558-36,Jar 2,,,,Guanosine 5'-triphosphate trisodium salt hydrate,,,,mg,,2026-06-25T18:46:48.552Z,Physical State: solid,,,,,Sample,,,,,
,Heparin sodium salt from porcine intestinal mucosa,"August 1, 1941",Main Lab,10,units,,,New Chemical Shelf,Shelf #2,Available,,,,,,,,Daniel Munoz,,,,,,,,,,,,,,,,,dyn-store-1782413208556-2,Chemical Shelfs,dyn-shelf-1782413208556-2,Middle Shelf,,,,,,,,,,,,Heparin sodium salt from porcine intestinal mucosa,,,,g,,2026-06-25T18:46:48.552Z,Physical State: Solid,,,,,Sample,,,,,
,"HEPES, 4-(2-hydroxyethyl)-1-piperazineethanesulfonic acid",7365-45-9,Main Lab,1,units,,,New Chemical Shelf,Shelf #2,Available,,,,,,,,Daniel Munoz,,,,,,,,,,,,,,,,,dyn-store-1782413208556-2,Chemical Shelfs,dyn-shelf-1782413208556-2,Middle Shelf,,,,,,,,,,,,"HEPES, 4-(2-hydroxyethyl)-1-piperazineethanesulfonic acid",,,,kg,,2026-06-25T18:46:48.552Z,Physical State: Solid,,,,,Sample,,,,,
,"HEPES, 4-(2-hydroxyethyl)-1-piperazineethanesulfonic acid",7365-45-9,Main Lab,500,units,,,New Chemical Shelf,Shelf #2,Available,,,,,,,,Daniel Munoz,,,,,,,,,,,,,,,,,dyn-store-1782413208556-2,Chemical Shelfs,dyn-shelf-1782413208556-2,Middle Shelf,,,,,,,,,,,,"HEPES, 4-(2-hydroxyethyl)-1-piperazineethanesulfonic acid",,,,g,,2026-06-25T18:46:48.552Z,Physical State: Solid,,,,,Sample,,,,,
,"Hexadecyltrimethylammonium bromide, 98%",57-09-0,Main Lab,50,units,,,New Chemical Shelf,Shelf #2,Available,,,,,,,,Daniel Munoz,,,,,,,,,,,,,,,,,dyn-store-1782413208556-2,Chemical Shelfs,dyn-shelf-1782413208556-2,Middle Shelf,,,,,,,,,,,,"Hexadecyltrimethylammonium bromide, 98%",,,,g,,2026-06-25T18:46:48.552Z,Physical State: Solid,,,,,Sample,,,,,
,"Hexadecyltrimethylammonium bromide, 98%",57-09-0,Main Lab,50,units,,,New Chemical Shelf,Shelf #2,Available,,,,,,,,Daniel Munoz,,,,,,,,,,,,,,,,,dyn-store-1782413208556-2,Chemical Shelfs,dyn-shelf-1782413208556-2,Middle Shelf,,,,,,,,,,,,"Hexadecyltrimethylammonium bromide, 98%",,,,g,,2026-06-25T18:46:48.552Z,Physical State: Solid,,,,,Sample,,,,,
,Hydrochloric Acid,7647-01-0,Main Lab,500,units,,,Sousa RM.A480A EQ034923 Fumehood,Fumehood / Shelf 1,Available,,,,,,,,Daniel Munoz,,,,,,,,,,,,,,,,,dyn-store-1782413208557-6,Fumehood,dyn-shelf-1782413208557-6,Shelf 1,,,,,,,,,,,,Hydrochloric Acid,,,,g,,2026-06-25T18:46:48.552Z,Physical State: Solid,,,,,Sample,,,,,
,"Igepal CA-630, for molecular biology",9036-19-5,Main Lab,100,units,,,New Chemical Shelf,Shelf #2,Available,,,,,,,,Daniel Munoz,,,,,,,,,,,,,,,,,dyn-store-1782413208556-2,Chemical Shelfs,dyn-shelf-1782413208556-2,Middle Shelf,,,,,,,,,,,,"Igepal CA-630, for molecular biology",,,,mL,,2026-06-25T18:46:48.552Z,Physical State: Liquid,,,,,Sample,,,,,
,"Igepal CA-630, for molecular biology",9036-19-5,Main Lab,100,units,,,New Chemical Shelf,Shelf #2,Available,,,,,,,,Daniel Munoz,,,,,,,,,,,,,,,,,dyn-store-1782413208556-2,Chemical Shelfs,dyn-shelf-1782413208556-2,Middle Shelf,,,,,,,,,,,,"Igepal CA-630, for molecular biology",,,,mL,,2026-06-25T18:46:48.552Z,Physical State: Liquid,,,,,Sample,,,,,
,Imidazole,,Main Lab,1,units,,,New Chemical Shelf,Under bench #1,Available,,,,,,,,Daniel Munoz,,,,,,,,,,,,,,,,,dyn-store-1782413208556-2,Chemical Shelfs,dyn-shelf-1782413208566-236,Under Bench Storage,,,,,,,dyn-box-1782413208566-236,Under bench #1,,,,Imidazole,,,,kg,,2026-06-25T18:46:48.552Z,Physical State: Solid,,,,,Sample,,,,,
,Imidazole,288-32-4,Main Lab,500,units,,,New Chemical Shelf,Shelf #2,Available,,,,,,,,Daniel Munoz,,,,,,,,,,,,,,,,,dyn-store-1782413208556-2,Chemical Shelfs,dyn-shelf-1782413208556-2,Middle Shelf,,,,,,,,,,,,Imidazole,,,,g,,2026-06-25T18:46:48.552Z,Physical State: Solid,,,,,Sample,,,,,
,Insect PopCulture® Reagent,,Main Lab,50,units,,,New Chemical Shelf,Shelf #2,Available,,,,,,,,Daniel Munoz,,,,,,,,,,,,,,,,,dyn-store-1782413208556-2,Chemical Shelfs,dyn-shelf-1782413208556-2,Middle Shelf,,,,,,,,,,,,Insect PopCulture® Reagent,,,,mL,,2026-06-25T18:46:48.552Z,Physical State: liquid,,,,,Sample,,,,,
,Iodoacetamide azide,,Main Lab,1,units,,,Freezer #2,Tray 1,Available,,,,,,,,Daniel Munoz,,,,,,,,,,,,,,,,,dyn-store-1782413208558-31,Freezer #2 - Close to Shakers,dyn-shelf-1782413208558-31,Shelf 1,,,,,,,dyn-box-1782413208564-159,Tray 1,,,,Iodoacetamide azide,,,,mg,,2026-06-25T18:46:48.552Z,,,,,,Sample,,,,,
,"IPTG, Isopropyl β-D-Thiogalactoside",367-93-1,Main Lab,100,units,,,Freezer #2,Tray 1,Available,,,,,,,,Daniel Munoz,,,,,,,,,,,,,,,,,dyn-store-1782413208558-31,Freezer #2 - Close to Shakers,dyn-shelf-1782413208558-31,Shelf 1,,,,,,,dyn-box-1782413208564-159,Tray 1,,,,"IPTG, Isopropyl β-D-Thiogalactoside",,,,g,,2026-06-25T18:46:48.552Z,,,,,,Sample,,,,,
,IPTG/X-Gal Solution,0,Main Lab,10,units,,,Freezer #2,Jar 3,Available,,,,,,,,Daniel Munoz,,,,,,,,,,,,,,,,,dyn-store-1782413208558-31,Freezer #2 - Close to Shakers,dyn-shelf-1782413208558-31,Shelf 1,,,,,,,dyn-box-1782413208559-42,Jar 3,,,,IPTG/X-Gal Solution,,,,mL,,2026-06-25T18:46:48.552Z,,,,,,Sample,,,,,
,IPTG/X-Gal Solution,0,Main Lab,10,units,,,Freezer #2,Jar 3,Available,,,,,,,,Daniel Munoz,,,,,,,,,,,,,,,,,dyn-store-1782413208558-31,Freezer #2 - Close to Shakers,dyn-shelf-1782413208558-31,Shelf 1,,,,,,,dyn-box-1782413208559-42,Jar 3,,,,IPTG/X-Gal Solution,,,,mL,,2026-06-25T18:46:48.552Z,,,,,,Sample,,,,,
,"Iron(III) chloride hexahydrate, 97%",10025-77-1,Main Lab,250,units,,,New Chemical Shelf,Shelf #2,Available,,,,,,,,Daniel Munoz,,,,,,,,,,,,,,,,,dyn-store-1782413208556-2,Chemical Shelfs,dyn-shelf-1782413208556-2,Middle Shelf,,,,,,,,,,,,"Iron(III) chloride hexahydrate, 97%",,,,g,,2026-06-25T18:46:48.552Z,Physical State: Solid,,,,,Sample,,,,,
,Jeffamine M-600,,Main Lab,200,units,,,New Chemical Shelf,Shelf #2,Available,,,,,,,,Daniel Munoz,,,,,,,,,,,,,,,,,dyn-store-1782413208556-2,Chemical Shelfs,dyn-shelf-1782413208556-2,Middle Shelf,,,,,,,,,,,,Jeffamine M-600,,,,mL,,2026-06-25T18:46:48.552Z,Physical State: liquid,,,,,Sample,,,,,
,Kanamycin Monosulfate,25389-94-0,Main Lab,25,units,,,New Chemical Shelf,Shelf #2,Available,,,,,,,,Daniel Munoz,,,,,,,,,,,,,,,,,dyn-store-1782413208556-2,Chemical Shelfs,dyn-shelf-1782413208556-2,Middle Shelf,,,,,,,,,,,,Kanamycin Monosulfate,,,,g,,2026-06-25T18:46:48.552Z,Physical State: Solid,,,,,Sample,,,,,
,L-(+)-Arabinose,5328-37-0,Main Lab,1,units,,,New Chemical Shelf,Shelf #1,Available,,,,,,,,Daniel Munoz,,,,,,,,,,,,,,,,,dyn-store-1782413208556-2,Chemical Shelfs,dyn-shelf-1782413208558-18,Top Shelf,,,,,,,,,,,,L-(+)-Arabinose,,,,kg,,2026-06-25T18:46:48.552Z,Physical State: Solid,,,,,Sample,,,,,
,L-a-Phosphatidic acid sodium salt,,Main Lab,5,units,,,Freezer #2,Jar 3,Available,,,,,,,,Daniel Munoz,,,,,,,,,,,,,,,,,dyn-store-1782413208558-31,Freezer #2 - Close to Shakers,dyn-shelf-1782413208558-31,Shelf 1,,,,,,,dyn-box-1782413208559-42,Jar 3,,,,L-a-Phosphatidic acid sodium salt,,,,mg,,2026-06-25T18:46:48.552Z,Physical State: solid,,,,,Sample,,,,,
,L-a-Phosphatidylcholine,,Main Lab,25,units,,,Freezer #2,Jar 3,Available,,,,,,,,Daniel Munoz,,,,,,,,,,,,,,,,,dyn-store-1782413208558-31,Freezer #2 - Close to Shakers,dyn-shelf-1782413208558-31,Shelf 1,,,,,,,dyn-box-1782413208559-42,Jar 3,,,,L-a-Phosphatidylcholine,,,,mg,,2026-06-25T18:46:48.552Z,Physical State: solid,,,,,Sample,,,,,
,"L-Rhamnose monohydrate, 99%",10030-85-0,Main Lab,10,units,,,New Chemical Shelf,Shelf #3,Available,,,,,,,,Daniel Munoz,,,,,,,,,,,,,,,,,dyn-store-1782413208556-2,Chemical Shelfs,dyn-shelf-1782413208557-3,Bottom Shelf,,,,,,,,,,,,"L-Rhamnose monohydrate, 99%",,,,g,,2026-06-25T18:46:48.552Z,Physical State: Solid,,,,,Sample,,,,,
,"L(+)-Arabinose, 99%",87-72-9,Main Lab,25,units,,,New Chemical Shelf,Shelf #1,Available,,,,,,,,Daniel Munoz,,,,,,,,,,,,,,,,,dyn-store-1782413208556-2,Chemical Shelfs,dyn-shelf-1782413208558-18,Top Shelf,,,,,,,,,,,,"L(+)-Arabinose, 99%",,,,g,,2026-06-25T18:46:48.552Z,Physical State: Solid,,,,,Sample,,,,,
,Lactic Acid,50-21-5,Main Lab,250,units,,,Sousa RM.A480A EQ034923 Fumehood,Fumehood / Shelf 1,Available,,,,,,,,Daniel Munoz,,,,,,,,,,,,,,,,,dyn-store-1782413208557-6,Fumehood,dyn-shelf-1782413208557-6,Shelf 1,,,,,,,,,,,,Lactic Acid,,,,mL,,2026-06-25T18:46:48.552Z,Physical State: Liquid,,,,,Sample,,,,,
,"LDAO detergent (n-Dodecyl-N, N-dimethylamine-N-oxide)",1643-20-5,Main Lab,5,units,,,Freezer #2,Jar 5,Available,,,,,,,,Daniel Munoz,,,,,,,,,,,,,,,,,dyn-store-1782413208558-31,Freezer #2 - Close to Shakers,dyn-shelf-1782413208558-31,Shelf 1,,,,,,,dyn-box-1782413208564-176,Jar 5,,,,"LDAO detergent (n-Dodecyl-N, N-dimethylamine-N-oxide)",,,,g,,2026-06-25T18:46:48.552Z,,,,,,Sample,,,,,
,Light Mineral Oil,8012-95-1,Main Lab,1,units,,,New Chemical Shelf,Shelf #2,Available,,,,,,,,Daniel Munoz,,,,,,,,,,,,,,,,,dyn-store-1782413208556-2,Chemical Shelfs,dyn-shelf-1782413208556-2,Middle Shelf,,,,,,,,,,,,Light Mineral Oil,,,,L,,2026-06-25T18:46:48.552Z,Physical State: Liquid,,,,,Sample,,,,,
,"Lithium acetate dihydrate, 99%",6108-17-4,Main Lab,100,units,,,New Chemical Shelf,Shelf #2,Available,,,,,,,,Daniel Munoz,,,,,,,,,,,,,,,,,dyn-store-1782413208556-2,Chemical Shelfs,dyn-shelf-1782413208556-2,Middle Shelf,,,,,,,,,,,,"Lithium acetate dihydrate, 99%",,,,g,,2026-06-25T18:46:48.552Z,Physical State: Solid,,,,,Sample,,,,,
,Lithium bromide,7550-35-8,Main Lab,100,units,,,New Chemical Shelf,Shelf #2,Available,,,,,,,,Daniel Munoz,,,,,,,,,,,,,,,,,dyn-store-1782413208556-2,Chemical Shelfs,dyn-shelf-1782413208556-2,Middle Shelf,,,,,,,,,,,,Lithium bromide,,,,g,,2026-06-25T18:46:48.552Z,Physical State: Solid,,,,,Sample,,,,,
,"Lithium chloride, 99%",7447-41-8,Main Lab,100,units,,,New Chemical Shelf,Shelf #2,Available,,,,,,,,Daniel Munoz,,,,,,,,,,,,,,,,,dyn-store-1782413208556-2,Chemical Shelfs,dyn-shelf-1782413208556-2,Middle Shelf,,,,,,,,,,,,"Lithium chloride, 99%",,,,g,,2026-06-25T18:46:48.552Z,Physical State: Solid,,,,,Sample,,,,,
,Lithium citrate tribasic tetrahydrate - 1.5 M,,Main Lab,200,units,,,New Chemical Shelf,Shelf #2,Available,,,,,,,,Daniel Munoz,,,,,,,,,,,,,,,,,dyn-store-1782413208556-2,Chemical Shelfs,dyn-shelf-1782413208556-2,Middle Shelf,,,,,,,,,,,,Lithium citrate tribasic tetrahydrate - 1.5 M,,,,mL,,2026-06-25T18:46:48.552Z,Physical State: liquid,,,,,Sample,,,,,
,"Lithium sulfate monohydrate, 99%",10102-25-7,Main Lab,100,units,,,New Chemical Shelf,Shelf #2,Available,,,,,,,,Daniel Munoz,,,,,,,,,,,,,,,,,dyn-store-1782413208556-2,Chemical Shelfs,dyn-shelf-1782413208556-2,Middle Shelf,,,,,,,,,,,,"Lithium sulfate monohydrate, 99%",,,,g,,2026-06-25T18:46:48.552Z,Physical State: Solid,,,,,Sample,,,,,
,Low Melting Point Agarose,0,Main Lab,50,units,,,New Chemical Shelf,Shelf #1,Available,,,,,,,,Daniel Munoz,,,,,,,,,,,,,,,,,dyn-store-1782413208556-2,Chemical Shelfs,dyn-shelf-1782413208558-18,Top Shelf,,,,,,,,,,,,Low Melting Point Agarose,,,,g,,2026-06-25T18:46:48.552Z,Physical State: Solid,,,,,Sample,,,,,
,"Lubrol, 99%",--,Main Lab,100,units,,,New Chemical Shelf,Shelf #2,Available,,,,,,,,Daniel Munoz,,,,,,,,,,,,,,,,,dyn-store-1782413208556-2,Chemical Shelfs,dyn-shelf-1782413208556-2,Middle Shelf,,,,,,,,,,,,"Lubrol, 99%",,,,g,,2026-06-25T18:46:48.552Z,Physical State: Solid,,,,,Sample,,,,,
,"Lysozyme from chicken egg white, lyophilized powder",12650-88-3,Main Lab,10,units,,,Freezer #2,Tray 1,Available,,,,,,,,Daniel Munoz,,,,,,,,,,,,,,,,,dyn-store-1782413208558-31,Freezer #2 - Close to Shakers,dyn-shelf-1782413208558-31,Shelf 1,,,,,,,dyn-box-1782413208564-159,Tray 1,,,,"Lysozyme from chicken egg white, lyophilized powder",,,,g,,2026-06-25T18:46:48.552Z,Physical State: Solid,,,,,Sample,,,,,
,"Lysozyme, from chicken egg white",,Main Lab,5,units,,,Freezer #2,Tray 1,Available,,,,,,,,Daniel Munoz,,,,,,,,,,,,,,,,,dyn-store-1782413208558-31,Freezer #2 - Close to Shakers,dyn-shelf-1782413208558-31,Shelf 1,,,,,,,dyn-box-1782413208564-159,Tray 1,,,,"Lysozyme, from chicken egg white",,,,g,,2026-06-25T18:46:48.552Z,,,,,,Sample,,,,,
,"Lysozyme, from chicken egg white",,Main Lab,10,units,,,Freezer #2,Tray 1,Available,,,,,,,,Daniel Munoz,,,,,,,,,,,,,,,,,dyn-store-1782413208558-31,Freezer #2 - Close to Shakers,dyn-shelf-1782413208558-31,Shelf 1,,,,,,,dyn-box-1782413208564-159,Tray 1,,,,"Lysozyme, from chicken egg white",,,,g,,2026-06-25T18:46:48.552Z,,,,,,Sample,,,,,
,"Lysozyme, from chicken egg white",,Main Lab,5,units,,,Freezer #2,Tray 1,Available,,,,,,,,Daniel Munoz,,,,,,,,,,,,,,,,,dyn-store-1782413208558-31,Freezer #2 - Close to Shakers,dyn-shelf-1782413208558-31,Shelf 1,,,,,,,dyn-box-1782413208564-159,Tray 1,,,,"Lysozyme, from chicken egg white",,,,g,,2026-06-25T18:46:48.552Z,,,,,,Sample,,,,,
,"m-Phenylenediamine, 99%",108-45-2,Main Lab,100,units,,,New Chemical Shelf,Shelf #2,Available,,,,,,,,Daniel Munoz,,,,,,,,,,,,,,,,,dyn-store-1782413208556-2,Chemical Shelfs,dyn-shelf-1782413208556-2,Middle Shelf,,,,,,,,,,,,"m-Phenylenediamine, 99%",,,,g,,2026-06-25T18:46:48.552Z,Physical State: solid,,,,,Sample,,,,,
,"Magnesium acetate-4-hydrate, 99%",16674-78-5,Main Lab,250,units,,,New Chemical Shelf,Shelf #2,Available,,,,,,,,Daniel Munoz,,,,,,,,,,,,,,,,,dyn-store-1782413208556-2,Chemical Shelfs,dyn-shelf-1782413208556-2,Middle Shelf,,,,,,,,,,,,"Magnesium acetate-4-hydrate, 99%",,,,g,,2026-06-25T18:46:48.552Z,Physical State: Solid,,,,,Sample,,,,,
,"Magnesium chloride hexahydrate, 99%",7791-18-6,Main Lab,500,units,,,New Chemical Shelf,Shelf #2,Available,,,,,,,,Daniel Munoz,,,,,,,,,,,,,,,,,dyn-store-1782413208556-2,Chemical Shelfs,dyn-shelf-1782413208556-2,Middle Shelf,,,,,,,,,,,,"Magnesium chloride hexahydrate, 99%",,,,g,,2026-06-25T18:46:48.552Z,Physical State: Solid,,,,,Sample,,,,,
,"Magnesium chloride hexahydrate, 99%",7791-18-6,Main Lab,500,units,,,New Chemical Shelf,Shelf #2,Available,,,,,,,,Daniel Munoz,,,,,,,,,,,,,,,,,dyn-store-1782413208556-2,Chemical Shelfs,dyn-shelf-1782413208556-2,Middle Shelf,,,,,,,,,,,,"Magnesium chloride hexahydrate, 99%",,,,g,,2026-06-25T18:46:48.552Z,Physical State: Solid,,,,,Sample,,,,,
,Magnesium formate dihydrate,6150-82-9,Main Lab,100,units,,,New Chemical Shelf,Shelf #2,Available,,,,,,,,Daniel Munoz,,,,,,,,,,,,,,,,,dyn-store-1782413208556-2,Chemical Shelfs,dyn-shelf-1782413208556-2,Middle Shelf,,,,,,,,,,,,Magnesium formate dihydrate,,,,g,,2026-06-25T18:46:48.552Z,Physical State: Solid,,,,,Sample,,,,,
,"Magnesium nitrate hexahydrate, 99%",13446-18-9,Main Lab,100,units,,,New Chemical Shelf,Shelf #2,Available,,,,,,,,Daniel Munoz,,,,,,,,,,,,,,,,,dyn-store-1782413208556-2,Chemical Shelfs,dyn-shelf-1782413208556-2,Middle Shelf,,,,,,,,,,,,"Magnesium nitrate hexahydrate, 99%",,,,g,,2026-06-25T18:46:48.552Z,Physical State: Solid,,,,,Sample,,,,,
,"Magnesium sulfate heptahydrate, 99%",10034-99-8,Main Lab,250,units,,,New Chemical Shelf,Shelf #2,Available,,,,,,,,Daniel Munoz,,,,,,,,,,,,,,,,,dyn-store-1782413208556-2,Chemical Shelfs,dyn-shelf-1782413208556-2,Middle Shelf,,,,,,,,,,,,"Magnesium sulfate heptahydrate, 99%",,,,g,,2026-06-25T18:46:48.552Z,Physical State: Solid,,,,,Sample,,,,,
,"Malonic acid, 99%",141-82-2,Main Lab,100,units,,,New Chemical Shelf,Shelf #2,Available,,,,,,,,Daniel Munoz,,,,,,,,,,,,,,,,,dyn-store-1782413208556-2,Chemical Shelfs,dyn-shelf-1782413208556-2,Middle Shelf,,,,,,,,,,,,"Malonic acid, 99%",,,,g,,2026-06-25T18:46:48.552Z,Physical State: Solid,,,,,Sample,,,,,
,Maltodextrin,9050-36-6,Main Lab,500,units,,,New Chemical Shelf,Shelf #2,Available,,,,,,,,Daniel Munoz,,,,,,,,,,,,,,,,,dyn-store-1782413208556-2,Chemical Shelfs,dyn-shelf-1782413208556-2,Middle Shelf,,,,,,,,,,,,Maltodextrin,,,,g,,2026-06-25T18:46:48.552Z,Physical State: Solid,,,,,Sample,,,,,
,Maltose,6363-53-7,Main Lab,500,units,,,New Chemical Shelf,Shelf #2,Available,,,,,,,,Daniel Munoz,,,,,,,,,,,,,,,,,dyn-store-1782413208556-2,Chemical Shelfs,dyn-shelf-1782413208556-2,Middle Shelf,,,,,,,,,,,,Maltose,,,,g,,2026-06-25T18:46:48.552Z,Physical State: Solid,,,,,Sample,,,,,
,Mark12 Unstained Standard (1X),,Main Lab,1,units,,,Refrigerator #1,Fridge Door,Available,,,,,,,,Daniel Munoz,,,,,,,,,,,,,,,,,dyn-store-1782413208557-4,Refrigerator #1,shelf-1786383135559,Fridge door,,,,,,,,,,,,Mark12 Unstained Standard (1X),,,,mL,,2026-06-25T18:46:48.552Z,,,,,,Sample,,,,,
,"MES hydrate, 99%",145224-94-8,Main Lab,500,units,,,New Chemical Shelf,Shelf #2,Available,,,,,,,,Daniel Munoz,,,,,,,,,,,,,,,,,dyn-store-1782413208556-2,Chemical Shelfs,dyn-shelf-1782413208556-2,Middle Shelf,,,,,,,,,,,,"MES hydrate, 99%",,,,g,,2026-06-25T18:46:48.552Z,Physical State: Solid,,,,,Sample,,,,,
,"Methanol, 99%",67-56-1,Main Lab,4,units,,,Sousa RM.A480A EQ034923 Fumehood,Fumehood / Shelf 1,Available,,,,,,,,Daniel Munoz,,,,,,,,,,,,,,,,,dyn-store-1782413208557-6,Fumehood,dyn-shelf-1782413208557-6,Shelf 1,,,,,,,,,,,,"Methanol, 99%",,,,L,,2026-06-25T18:46:48.552Z,Physical State: Liquid,,,,,Sample,,,,,
,Methoxypolyethylene glycol 5000 maleimide,99126-64-4,Main Lab,1,units,,,Freezer #2,Jar 1,Available,,,,,,,,Daniel Munoz,,,,,,,,,,,,,,,,,dyn-store-1782413208558-31,Freezer #2 - Close to Shakers,dyn-shelf-1782413208558-31,Shelf 1,,,,,,,dyn-box-1782413208558-31,Jar 1,,,,Methoxypolyethylene glycol 5000 maleimide,,,,g,,2026-06-25T18:46:48.552Z,Physical State: Solid,,,,,Sample,,,,,
,"Methyl alpha-D-mannopyranoside, 99%",617-04-9,Main Lab,100,units,,,New Chemical Shelf,Shelf #2,Available,,,,,,,,Daniel Munoz,,,,,,,,,,,,,,,,,dyn-store-1782413208556-2,Chemical Shelfs,dyn-shelf-1782413208556-2,Middle Shelf,,,,,,,,,,,,"Methyl alpha-D-mannopyranoside, 99%",,,,g,,2026-06-25T18:46:48.552Z,Physical State: Solid,,,,,Sample,,,,,
,"Micro-90, Concentrated Cleaning Solution",,Main Lab,225,units,,,New Chemical Shelf,Shelf #2,Available,,,,,,,,Daniel Munoz,,,,,,,,,,,,,,,,,dyn-store-1782413208556-2,Chemical Shelfs,dyn-shelf-1782413208556-2,Middle Shelf,,,,,,,,,,,,"Micro-90, Concentrated Cleaning Solution",,,,mL,,2026-06-25T18:46:48.552Z,,,,,,Sample,,,,,
,"MOPS (3-morpholinopropane-1-sulfonic acid),99%",1132-61-2,Main Lab,500,units,,,New Chemical Shelf,Shelf #2,Available,,,,,,,,Daniel Munoz,,,,,,,,,,,,,,,,,dyn-store-1782413208556-2,Chemical Shelfs,dyn-shelf-1782413208556-2,Middle Shelf,,,,,,,,,,,,"MOPS (3-morpholinopropane-1-sulfonic acid),99%",,,,g,,2026-06-25T18:46:48.552Z,Physical State: Solid,,,,,Sample,,,,,
,"MP Alumina TSC, 99%",0,Main Lab,500,units,,,New Chemical Shelf,Shelf #1,Available,,,,,,,,Daniel Munoz,,,,,,,,,,,,,,,,,dyn-store-1782413208556-2,Chemical Shelfs,dyn-shelf-1782413208558-18,Top Shelf,,,,,,,,,,,,"MP Alumina TSC, 99%",,,,g,,2026-06-25T18:46:48.552Z,Physical State: Solid,,,,,Sample,,,,,
,mPEG-Maleimide,0,Main Lab,1,units,,,Freezer #2,Jar 1,Available,,,,,,,,Daniel Munoz,,,,,,,,,,,,,,,,,dyn-store-1782413208558-31,Freezer #2 - Close to Shakers,dyn-shelf-1782413208558-31,Shelf 1,,,,,,,dyn-box-1782413208558-31,Jar 1,,,,mPEG-Maleimide,,,,g,,2026-06-25T18:46:48.552Z,Physical State: Solid,,,,,Sample,,,,,
,"mPEG-Maleimide,",0,Main Lab,1,units,,,Freezer #2,Jar 1,Available,,,,,,,,Daniel Munoz,,,,,,,,,,,,,,,,,dyn-store-1782413208558-31,Freezer #2 - Close to Shakers,dyn-shelf-1782413208558-31,Shelf 1,,,,,,,dyn-box-1782413208558-31,Jar 1,,,,"mPEG-Maleimide,",,,,g,,2026-06-25T18:46:48.552Z,Physical State: Solid,,,,,Sample,,,,,
,Mts-Atf-Biotin Label Transfer Reagent,,Main Lab,5,units,,,Freezer #2,Jar 5,Available,,,,,,,,Daniel Munoz,,,,,,,,,,,,,,,,,dyn-store-1782413208558-31,Freezer #2 - Close to Shakers,dyn-shelf-1782413208558-31,Shelf 1,,,,,,,dyn-box-1782413208564-176,Jar 5,,,,Mts-Atf-Biotin Label Transfer Reagent,,,,mg,,2026-06-25T18:46:48.552Z,,,,,,Sample,,,,,
,"myo-Inositol, 99%",87-89-8,Main Lab,25,units,,,New Chemical Shelf,Shelf #2,Available,,,,,,,,Daniel Munoz,,,,,,,,,,,,,,,,,dyn-store-1782413208556-2,Chemical Shelfs,dyn-shelf-1782413208556-2,Middle Shelf,,,,,,,,,,,,"myo-Inositol, 99%",,,,g,,2026-06-25T18:46:48.552Z,Physical State: Solid,,,,,Sample,,,,,
,"Myristic (1-tetradecanoic) acid, 98%",544-63-8,Main Lab,100,units,,,New Chemical Shelf,Shelf #2,Available,,,,,,,,Daniel Munoz,,,,,,,,,,,,,,,,,dyn-store-1782413208556-2,Chemical Shelfs,dyn-shelf-1782413208556-2,Middle Shelf,,,,,,,,,,,,"Myristic (1-tetradecanoic) acid, 98%",,,,g,,2026-06-25T18:46:48.552Z,Physical State: Solid,,,,,Sample,,,,,
,N-(1-pyrene)maleimide,,Main Lab,100,units,,,Freezer #2,Jar 3,Available,,,,,,,,Daniel Munoz,,,,,,,,,,,,,,,,,dyn-store-1782413208558-31,Freezer #2 - Close to Shakers,dyn-shelf-1782413208558-31,Shelf 1,,,,,,,dyn-box-1782413208559-42,Jar 3,,,,N-(1-pyrene)maleimide,,,,mg,,2026-06-25T18:46:48.552Z,Physical State: solid,,,,,Sample,,,,,
,N-(3-Dimethylaminopropyl)-N'-ethylcarbodiimide,1892-57-5,Main Lab,10,units,,,Freezer #2,Jar 1,Available,,,,,,,,Daniel Munoz,,,,,,,,,,,,,,,,,dyn-store-1782413208558-31,Freezer #2 - Close to Shakers,dyn-shelf-1782413208558-31,Shelf 1,,,,,,,dyn-box-1782413208558-31,Jar 1,,,,N-(3-Dimethylaminopropyl)-N'-ethylcarbodiimide,,,,mL,,2026-06-25T18:46:48.552Z,Physical State: Liquid,,,,,Sample,,,,,
,n-Dodecyl-B-D-maltoside,69227-93-6,Main Lab,5,units,,,Freezer #2,Jar 4,Available,,,,,,,,Daniel Munoz,,,,,,,,,,,,,,,,,dyn-store-1782413208558-31,Freezer #2 - Close to Shakers,dyn-shelf-1782413208558-31,Shelf 1,,,,,,,dyn-box-1782413208562-109,Jar 4,,,,n-Dodecyl-B-D-maltoside,,,,g,,2026-06-25T18:46:48.552Z,,,,,,Sample,,,,,
,"n-Dodecyl-N, N-dimethylamine-N-oxide",,Main Lab,5,units,,,Freezer #2,Jar 5,Available,,,,,,,,Daniel Munoz,,,,,,,,,,,,,,,,,dyn-store-1782413208558-31,Freezer #2 - Close to Shakers,dyn-shelf-1782413208558-31,Shelf 1,,,,,,,dyn-box-1782413208564-176,Jar 5,,,,"n-Dodecyl-N, N-dimethylamine-N-oxide",,,,g,,2026-06-25T18:46:48.552Z,,,,,,Sample,,,,,
,n-Dodecyl-ß-D-maltoside,69227-93-6,Main Lab,25,units,,,Freezer #2,Tray 1,Available,,,,,,,,Daniel Munoz,,,,,,,,,,,,,,,,,dyn-store-1782413208558-31,Freezer #2 - Close to Shakers,dyn-shelf-1782413208558-31,Shelf 1,,,,,,,dyn-box-1782413208564-159,Tray 1,,,,n-Dodecyl-ß-D-maltoside,,,,g,,2026-06-25T18:46:48.552Z,,,,,,Sample,,,,,
,"N-Hydroxysuccinimide, 98%",6066-82-6,Main Lab,5,units,,,Dessicator Jar #1,Dessicator Jar #1 / Shelf 1,Available,,,,,,,,Daniel Munoz,,,,,,,,,,,,,,,,,dyn-store-1782413208559-53,Dessicator Jar #1,dyn-shelf-1782413208559-53,Shelf 1,,,,,,,,,,,,"N-Hydroxysuccinimide, 98%",,,,g,,2026-06-25T18:46:48.552Z,Physical State: Solid,,,,,Sample,,,,,
,"N-Lauroylsarcosine sodium salt, 99%",137-16-6,Main Lab,50,units,,,New Chemical Shelf,Shelf #2,Available,,,,,,,,Daniel Munoz,,,,,,,,,,,,,,,,,dyn-store-1782413208556-2,Chemical Shelfs,dyn-shelf-1782413208556-2,Middle Shelf,,,,,,,,,,,,"N-Lauroylsarcosine sodium salt, 99%",,,,g,,2026-06-25T18:46:48.552Z,Physical State: Solid,,,,,Sample,,,,,
,"N-Lauroylsarcosine sodium salt, 99%",137-16-6,Main Lab,50,units,,,New Chemical Shelf,Shelf #2,Available,,,,,,,,Daniel Munoz,,,,,,,,,,,,,,,,,dyn-store-1782413208556-2,Chemical Shelfs,dyn-shelf-1782413208556-2,Middle Shelf,,,,,,,,,,,,"N-Lauroylsarcosine sodium salt, 99%",,,,g,,2026-06-25T18:46:48.552Z,Physical State: Solid,,,,,Sample,,,,,
,"N-Lauroylsarcosine sodium salt, 99%",137-16-6,Main Lab,50,units,,,New Chemical Shelf,Shelf #2,Available,,,,,,,,Daniel Munoz,,,,,,,,,,,,,,,,,dyn-store-1782413208556-2,Chemical Shelfs,dyn-shelf-1782413208556-2,Middle Shelf,,,,,,,,,,,,"N-Lauroylsarcosine sodium salt, 99%",,,,g,,2026-06-25T18:46:48.552Z,Physical State: Solid,,,,,Sample,,,,,
,n-Octyl-B-D-glucopyranoside,29836-26-8,Main Lab,5,units,,,Freezer #2,Jar 4,Available,,,,,,,,Daniel Munoz,,,,,,,,,,,,,,,,,dyn-store-1782413208558-31,Freezer #2 - Close to Shakers,dyn-shelf-1782413208558-31,Shelf 1,,,,,,,dyn-box-1782413208562-109,Jar 4,,,,n-Octyl-B-D-glucopyranoside,,,,g,,2026-06-25T18:46:48.552Z,,,,,,Sample,,,,,
,n-Octyl-B-D-Glucopyranoside,29836-26-8,Main Lab,5,units,,,Freezer #2,Jar 5,Available,,,,,,,,Daniel Munoz,,,,,,,,,,,,,,,,,dyn-store-1782413208558-31,Freezer #2 - Close to Shakers,dyn-shelf-1782413208558-31,Shelf 1,,,,,,,dyn-box-1782413208564-176,Jar 5,,,,n-Octyl-B-D-Glucopyranoside,,,,g,,2026-06-25T18:46:48.552Z,,,,,,Sample,,,,,
,n-Octyl-b-D-glucopyranoside,29836-26-8,Main Lab,1,units,,,Freezer #2,Jar 1,Available,,,,,,,,Daniel Munoz,,,,,,,,,,,,,,,,,dyn-store-1782413208558-31,Freezer #2 - Close to Shakers,dyn-shelf-1782413208558-31,Shelf 1,,,,,,,dyn-box-1782413208558-31,Jar 1,,,,n-Octyl-b-D-glucopyranoside,,,,g,,2026-06-25T18:46:48.552Z,Physical State: Solid,,,,,Sample,,,,,
,"N-Octyl-B-D-Glucopyranoside, 99%",0,Main Lab,10,units,,,Dessicator Jar #1,Dessicator Jar #1 / Shelf 1,Available,,,,,,,,Daniel Munoz,,,,,,,,,,,,,,,,,dyn-store-1782413208559-53,Dessicator Jar #1,dyn-shelf-1782413208559-53,Shelf 1,,,,,,,,,,,,"N-Octyl-B-D-Glucopyranoside, 99%",,,,g,,2026-06-25T18:46:48.552Z,Physical State: Solid,,,,,Sample,,,,,
,"n-Octyl-b-D-Glucopyranoside, ANAGRADE",29836-26-8,Main Lab,25,units,,,Freezer #2,Tray 1,Available,,,,,,,,Daniel Munoz,,,,,,,,,,,,,,,,,dyn-store-1782413208558-31,Freezer #2 - Close to Shakers,dyn-shelf-1782413208558-31,Shelf 1,,,,,,,dyn-box-1782413208564-159,Tray 1,,,,"n-Octyl-b-D-Glucopyranoside, ANAGRADE",,,,g,,2026-06-25T18:46:48.552Z,Physical State: Solid,,,,,Sample,,,,,
,N-p-Tosyl-L-phenylalanine chloromethyl ketone,,Main Lab,1,units,,,Freezer #2,Jar 1,Available,,,,,,,,Daniel Munoz,,,,,,,,,,,,,,,,,dyn-store-1782413208558-31,Freezer #2 - Close to Shakers,dyn-shelf-1782413208558-31,Shelf 1,,,,,,,dyn-box-1782413208558-31,Jar 1,,,,N-p-Tosyl-L-phenylalanine chloromethyl ketone,,,,g,,2026-06-25T18:46:48.552Z,Physical State: solid,,,,,Sample,,,,,
,"N,N-Dimethylformamide",68-12-2,Main Lab,100,units,,,Sousa RM.A480A EQ034923 Fumehood,Fumehood / Shelf 1,Available,,,,,,,,Daniel Munoz,,,,,,,,,,,,,,,,,dyn-store-1782413208557-6,Fumehood,dyn-shelf-1782413208557-6,Shelf 1,,,,,,,,,,,,"N,N-Dimethylformamide",,,,mL,,2026-06-25T18:46:48.552Z,Physical State: Liquid,,,,,Sample,,,,,
,"N,N-Dimethylformamide",68-12-2,Main Lab,1,units,,,Flammable Cabinet #1,Flammable Cabinet #1 / Shelf 1,Available,,,,,,,,Daniel Munoz,,,,,,,,,,,,,,,,,dyn-store-1782413208557-5,Flammable Cabinet #1,dyn-shelf-1782413208557-5,Shelf 1,,,,,,,,,,,,"N,N-Dimethylformamide",,,,L,,2026-06-25T18:46:48.552Z,Physical State: Liquid,,,,,Sample,,,,,
,"N,N-Methylenebisacrylamide",110-26-9,Main Lab,100,units,,,Refrigerator #2,Tray 1,Available,,,,,,,,Daniel Munoz,,,,,,,,,,,,,,,,,dyn-store-1782413208559-62,Refrigerator #2,dyn-shelf-1782413208559-62,Shelf 1,,,,,,,dyn-box-1782413208569-342,Tray 1,,,,"N,N-Methylenebisacrylamide",,,,g,,2026-06-25T18:46:48.552Z,Physical State: Solid,,,,,Sample,,,,,
,"N,N,N?,N-Tetramethylethylenediamine",110-18-9,Main Lab,25,units,,,Refrigerator #2,Tray 1,Available,,,,,,,,Daniel Munoz,,,,,,,,,,,,,,,,,dyn-store-1782413208559-62,Refrigerator #2,dyn-shelf-1782413208559-62,Shelf 1,,,,,,,dyn-box-1782413208569-342,Tray 1,,,,"N,N,N?,N-Tetramethylethylenediamine",,,,mL,,2026-06-25T18:46:48.552Z,,,,,,Sample,,,,,
,NHS-Activated Dry Agarpse Resin,,Main Lab,1,units,,,Freezer #2,Tray 1,Available,,,,,,,,Daniel Munoz,,,,,,,,,,,,,,,,,dyn-store-1782413208558-31,Freezer #2 - Close to Shakers,dyn-shelf-1782413208558-31,Shelf 1,,,,,,,dyn-box-1782413208564-159,Tray 1,,,,NHS-Activated Dry Agarpse Resin,,,,g,,2026-06-25T18:46:48.552Z,,,,,,Sample,,,,,
,"Nickel (II) Chloride Hexahydrate, 99%",7791-20-0,Main Lab,250,units,,,New Chemical Shelf,Shelf #2,Available,,,,,,,,Daniel Munoz,,,,,,,,,,,,,,,,,dyn-store-1782413208556-2,Chemical Shelfs,dyn-shelf-1782413208556-2,Middle Shelf,,,,,,,,,,,,"Nickel (II) Chloride Hexahydrate, 99%",,,,g,,2026-06-25T18:46:48.552Z,Physical State: Solid,,,,,Sample,,,,,
,Nickel Sulfate Hexahydrate,10101-97-0,Main Lab,100,units,,,New Chemical Shelf,Shelf #2,Available,,,,,,,,Daniel Munoz,,,,,,,,,,,,,,,,,dyn-store-1782413208556-2,Chemical Shelfs,dyn-shelf-1782413208556-2,Middle Shelf,,,,,,,,,,,,Nickel Sulfate Hexahydrate,,,,g,,2026-06-25T18:46:48.552Z,Physical State: Solid,,,,,Sample,,,,,
,Nonfat Instant Milk,,Main Lab,1,units,,,New Chemical Shelf,Shelf #2,Available,,,,,,,,Daniel Munoz,,,,,,,,,,,,,,,,,dyn-store-1782413208556-2,Chemical Shelfs,dyn-shelf-1782413208556-2,Middle Shelf,,,,,,,,,,,,Nonfat Instant Milk,,,,jar,,2026-06-25T18:46:48.552Z,,,,,,Sample,,,,,
,"NZY Broth, 99%",--,Main Lab,500,units,,,New Chemical Shelf,Shelf #2,Available,,,,,,,,Daniel Munoz,,,,,,,,,,,,,,,,,dyn-store-1782413208556-2,Chemical Shelfs,dyn-shelf-1782413208556-2,Middle Shelf,,,,,,,,,,,,"NZY Broth, 99%",,,,g,,2026-06-25T18:46:48.552Z,Physical State: Solid,,,,,Sample,,,,,
,Oligomycin,,Main Lab,10,units,,,Freezer #2,Jar 3,Available,,,,,,,,Daniel Munoz,,,,,,,,,,,,,,,,,dyn-store-1782413208558-31,Freezer #2 - Close to Shakers,dyn-shelf-1782413208558-31,Shelf 1,,,,,,,dyn-box-1782413208559-42,Jar 3,,,,Oligomycin,,,,mg,,2026-06-25T18:46:48.552Z,Physical State: liquid,,,,,Sample,,,,,
,Optimizer blueBALLS,,Main Lab,500,units,,,New Chemical Shelf,Shelf #2,Available,,,,,,,,Daniel Munoz,,,,,,,,,,,,,,,,,dyn-store-1782413208556-2,Chemical Shelfs,dyn-shelf-1782413208556-2,Middle Shelf,,,,,,,,,,,,Optimizer blueBALLS,,,,units,,2026-06-25T18:46:48.552Z,,,,,,Sample,,,,,
,"Orange G, 99%",1936-15-8,Main Lab,25,units,,,New Chemical Shelf,Shelf #2,Available,,,,,,,,Daniel Munoz,,,,,,,,,,,,,,,,,dyn-store-1782413208556-2,Chemical Shelfs,dyn-shelf-1782413208556-2,Middle Shelf,,,,,,,,,,,,"Orange G, 99%",,,,g,,2026-06-25T18:46:48.552Z,Physical State: Solid,,,,,Sample,,,,,
,"p-Anisidine, 100 g",104-94-9,Main Lab,100,units,,,New Chemical Shelf,Shelf #1,Available,,,,,,,,Daniel Munoz,,,,,,,,,,,,,,,,,dyn-store-1782413208556-2,Chemical Shelfs,dyn-shelf-1782413208558-18,Top Shelf,,,,,,,,,,,,"p-Anisidine, 100 g",,,,g,,2026-06-25T18:46:48.552Z,,,,,,Sample,,,,,
,Paraffin Oil,,Main Lab,250,units,,,New Chemical Shelf,Shelf #3,Available,,,,,,,,Daniel Munoz,,,,,,,,,,,,,,,,,dyn-store-1782413208556-2,Chemical Shelfs,dyn-shelf-1782413208557-3,Bottom Shelf,,,,,,,,,,,,Paraffin Oil,,,,mL,,2026-06-25T18:46:48.552Z,Physical State: liquid,,,,,Sample,,,,,
,Paratone-N,,Main Lab,100,units,,,New Chemical Shelf,Shelf #3,Available,,,,,,,,Daniel Munoz,,,,,,,,,,,,,,,,,dyn-store-1782413208556-2,Chemical Shelfs,dyn-shelf-1782413208557-3,Bottom Shelf,,,,,,,,,,,,Paratone-N,,,,mL,,2026-06-25T18:46:48.552Z,Physical State: liquid,,,,,Sample,,,,,
,Penicillin G potassium,113-98-4,Main Lab,100,units,,,New Chemical Shelf,Shelf #3,Available,,,,,,,,Daniel Munoz,,,,,,,,,,,,,,,,,dyn-store-1782413208556-2,Chemical Shelfs,dyn-shelf-1782413208557-3,Bottom Shelf,,,,,,,,,,,,Penicillin G potassium,,,,g,,2026-06-25T18:46:48.552Z,Physical State: Solid,,,,,Sample,,,,,
,"Periodic acid, 99%",10450-60-9,Main Lab,25,units,,,New Chemical Shelf,Shelf #3,Available,,,,,,,,Daniel Munoz,,,,,,,,,,,,,,,,,dyn-store-1782413208556-2,Chemical Shelfs,dyn-shelf-1782413208557-3,Bottom Shelf,,,,,,,,,,,,"Periodic acid, 99%",,,,g,,2026-06-25T18:46:48.552Z,Physical State: Solid,,,,,Sample,,,,,
,Phenol,,Main Lab,100,units,,,Freezer #2,Tray 1,Available,,,,,,,,Daniel Munoz,,,,,,,,,,,,,,,,,dyn-store-1782413208558-31,Freezer #2 - Close to Shakers,dyn-shelf-1782413208558-31,Shelf 1,,,,,,,dyn-box-1782413208564-159,Tray 1,,,,Phenol,,,,g,,2026-06-25T18:46:48.552Z,Physical State: liquid,,,,,Sample,,,,,
,Phenylglyoxal monohydrate,1074-12-0,Main Lab,5,units,,,New Chemical Shelf,Shelf #3,Available,,,,,,,,Daniel Munoz,,,,,,,,,,,,,,,,,dyn-store-1782413208556-2,Chemical Shelfs,dyn-shelf-1782413208557-3,Bottom Shelf,,,,,,,,,,,,Phenylglyoxal monohydrate,,,,g,,2026-06-25T18:46:48.552Z,Physical State: Solid,,,,,Sample,,,,,
,Phosphoramidon,,Main Lab,5,units,,,Freezer #2,Jar 3,Available,,,,,,,,Daniel Munoz,,,,,,,,,,,,,,,,,dyn-store-1782413208558-31,Freezer #2 - Close to Shakers,dyn-shelf-1782413208558-31,Shelf 1,,,,,,,dyn-box-1782413208559-42,Jar 3,,,,Phosphoramidon,,,,mg,,2026-06-25T18:46:48.552Z,,,,,,Sample,,,,,
,Phosphoric acid,7664-38-2,Main Lab,500,units,,,Sousa RM.A480A EQ034923 Fumehood,Fumehood / Shelf 1,Available,,,,,,,,Daniel Munoz,,,,,,,,,,,,,,,,,dyn-store-1782413208557-6,Fumehood,dyn-shelf-1782413208557-6,Shelf 1,,,,,,,,,,,,Phosphoric acid,,,,mL,,2026-06-25T18:46:48.552Z,Physical State: Liquid,,,,,Sample,,,,,
,Phosphoric Acid,7664-38-2,Main Lab,250,units,,,Sousa RM.A480A EQ034923 Fumehood,Fumehood / Shelf 1,Available,,,,,,,,Daniel Munoz,,,,,,,,,,,,,,,,,dyn-store-1782413208557-6,Fumehood,dyn-shelf-1782413208557-6,Shelf 1,,,,,,,,,,,,Phosphoric Acid,,,,mL,,2026-06-25T18:46:48.552Z,Physical State: Liquid,,,,,Sample,,,,,
,"Piperidine ReagentPlus®, 99%",110-89-4,Main Lab,100,units,,,Flammable Cabinet #1,Flammable Cabinet #1 / Shelf 1,Available,,,,,,,,Daniel Munoz,,,,,,,,,,,,,,,,,dyn-store-1782413208557-5,Flammable Cabinet #1,dyn-shelf-1782413208557-5,Shelf 1,,,,,,,,,,,,"Piperidine ReagentPlus®, 99%",,,,mL,,2026-06-25T18:46:48.552Z,,,,,,Sample,,,,,
,"PMSF, Phenylmethanesulfonyl fluoride, 99%",329-98-6,Main Lab,10,units,,,New Chemical Shelf,Shelf #3,Available,,,,,,,,Daniel Munoz,,,,,,,,,,,,,,,,,dyn-store-1782413208556-2,Chemical Shelfs,dyn-shelf-1782413208557-3,Bottom Shelf,,,,,,,,,,,,"PMSF, Phenylmethanesulfonyl fluoride, 99%",,,,g,,2026-06-25T18:46:48.552Z,Physical State: Solid,,,,,Sample,,,,,
,"PMSF, Phenylmethylsulfonyl fluoride",329-98-6,Main Lab,25,units,,,Freezer #2,Tray 1,Available,,,,,,,,Daniel Munoz,,,,,,,,,,,,,,,,,dyn-store-1782413208558-31,Freezer #2 - Close to Shakers,dyn-shelf-1782413208558-31,Shelf 1,,,,,,,dyn-box-1782413208564-159,Tray 1,,,,"PMSF, Phenylmethylsulfonyl fluoride",,,,g,,2026-06-25T18:46:48.552Z,Physical State: Solid,,,,,Sample,,,,,
,Poly-L-glutamic acid sodium salt,,Main Lab,100,units,,,Freezer #2,Jar 1,Available,,,,,,,,Daniel Munoz,,,,,,,,,,,,,,,,,dyn-store-1782413208558-31,Freezer #2 - Close to Shakers,dyn-shelf-1782413208558-31,Shelf 1,,,,,,,dyn-box-1782413208558-31,Jar 1,,,,Poly-L-glutamic acid sodium salt,,,,mg,,2026-06-25T18:46:48.552Z,Physical State: solid,,,,,Sample,,,,,
,"Poly(Glu, Tyr) sodium salt (4:1 Glu, Tyr)",,Main Lab,10,units,,,Freezer #2,Jar 2,Available,,,,,,,,Daniel Munoz,,,,,,,,,,,,,,,,,dyn-store-1782413208558-31,Freezer #2 - Close to Shakers,dyn-shelf-1782413208558-31,Shelf 1,,,,,,,dyn-box-1782413208558-36,Jar 2,,,,"Poly(Glu, Tyr) sodium salt (4:1 Glu, Tyr)",,,,mg,,2026-06-25T18:46:48.552Z,,,,,,Sample,,,,,
,Ponceau S,6226-79-5,Main Lab,10,units,,,New Chemical Shelf,Shelf #3,Available,,,,,,,,Daniel Munoz,,,,,,,,,,,,,,,,,dyn-store-1782413208556-2,Chemical Shelfs,dyn-shelf-1782413208557-3,Bottom Shelf,,,,,,,,,,,,Ponceau S,,,,g,,2026-06-25T18:46:48.552Z,Physical State: Solid,,,,,Sample,,,,,
,"Potassium acetate, 99%",127-08-2,Main Lab,500,units,,,New Chemical Shelf,Shelf #3,Available,,,,,,,,Daniel Munoz,,,,,,,,,,,,,,,,,dyn-store-1782413208556-2,Chemical Shelfs,dyn-shelf-1782413208557-3,Bottom Shelf,,,,,,,,,,,,"Potassium acetate, 99%",,,,g,,2026-06-25T18:46:48.552Z,Physical State: Solid,,,,,Sample,,,,,
,"Potassium acetate, 99%",127-08-2,Main Lab,100,units,,,New Chemical Shelf,Shelf #3,Available,,,,,,,,Daniel Munoz,,,,,,,,,,,,,,,,,dyn-store-1782413208556-2,Chemical Shelfs,dyn-shelf-1782413208557-3,Bottom Shelf,,,,,,,,,,,,"Potassium acetate, 99%",,,,g,,2026-06-25T18:46:48.552Z,Physical State: Solid,,,,,Sample,,,,,
,"Potassium Bromide, 99%","February 3, 1958",Main Lab,100,units,,,Dessicator Jar #1,Dessicator Jar #1 / Shelf 1,Available,,,,,,,,Daniel Munoz,,,,,,,,,,,,,,,,,dyn-store-1782413208559-53,Dessicator Jar #1,dyn-shelf-1782413208559-53,Shelf 1,,,,,,,,,,,,"Potassium Bromide, 99%",,,,g,,2026-06-25T18:46:48.552Z,Physical State: Solid,,,,,Sample,,,,,
,"Potassium Bromide, 99%","February 3, 1958",Main Lab,250,units,,,New Chemical Shelf,Shelf #3,Available,,,,,,,,Daniel Munoz,,,,,,,,,,,,,,,,,dyn-store-1782413208556-2,Chemical Shelfs,dyn-shelf-1782413208557-3,Bottom Shelf,,,,,,,,,,,,"Potassium Bromide, 99%",,,,g,,2026-06-25T18:46:48.552Z,Physical State: Solid,,,,,Sample,,,,,
,Potassium Carbonate Anhydrous,584-08-7,Main Lab,500,units,,,New Chemical Shelf,Shelf #3,Available,,,,,,,,Daniel Munoz,,,,,,,,,,,,,,,,,dyn-store-1782413208556-2,Chemical Shelfs,dyn-shelf-1782413208557-3,Bottom Shelf,,,,,,,,,,,,Potassium Carbonate Anhydrous,,,,g,,2026-06-25T18:46:48.552Z,Physical State: Solid,,,,,Sample,,,,,
,"Potassium Chloride, 99%",7447-40-7,Main Lab,3,units,,,New Chemical Shelf,Shelf #3,Available,,,,,,,,Daniel Munoz,,,,,,,,,,,,,,,,,dyn-store-1782413208556-2,Chemical Shelfs,dyn-shelf-1782413208557-3,Bottom Shelf,,,,,,,,,,,,"Potassium Chloride, 99%",,,,kg,,2026-06-25T18:46:48.552Z,Physical State: Solid,,,,,Sample,,,,,
,Potassium dihydrogen phosphate,7778-77-0,Main Lab,500,units,,,New Chemical Shelf,Shelf #3,Available,,,,,,,,Daniel Munoz,,,,,,,,,,,,,,,,,dyn-store-1782413208556-2,Chemical Shelfs,dyn-shelf-1782413208557-3,Bottom Shelf,,,,,,,,,,,,Potassium dihydrogen phosphate,,,,g,,2026-06-25T18:46:48.552Z,Physical State: Solid,,,,,Sample,,,,,
,Potassium Ferricyanide(III),13746-66-2,Main Lab,5,units,,,New Chemical Shelf,Shelf #3,Available,,,,,,,,Daniel Munoz,,,,,,,,,,,,,,,,,dyn-store-1782413208556-2,Chemical Shelfs,dyn-shelf-1782413208557-3,Bottom Shelf,,,,,,,,,,,,Potassium Ferricyanide(III),,,,g,,2026-06-25T18:46:48.552Z,Physical State: Solid,,,,,Sample,,,,,
,"Potassium flouride, 99%",0,Main Lab,100,units,,,Dessicator Jar #1,Dessicator Jar #1 / Shelf 1,Available,,,,,,,,Daniel Munoz,,,,,,,,,,,,,,,,,dyn-store-1782413208559-53,Dessicator Jar #1,dyn-shelf-1782413208559-53,Shelf 1,,,,,,,,,,,,"Potassium flouride, 99%",,,,g,,2026-06-25T18:46:48.552Z,Physical State: Solid,,,,,Sample,,,,,
,Potassium formate,590-29-4,Main Lab,500,units,,,New Chemical Shelf,Shelf #3,Available,,,,,,,,Daniel Munoz,,,,,,,,,,,,,,,,,dyn-store-1782413208556-2,Chemical Shelfs,dyn-shelf-1782413208557-3,Bottom Shelf,,,,,,,,,,,,Potassium formate,,,,g,,2026-06-25T18:46:48.552Z,Physical State: Solid,,,,,Sample,,,,,
,"Potassium hexacyanoferrate(II) trihydrate, 99%",14459-95-1,Main Lab,100,units,,,New Chemical Shelf,Shelf #3,Available,,,,,,,,Daniel Munoz,,,,,,,,,,,,,,,,,dyn-store-1782413208556-2,Chemical Shelfs,dyn-shelf-1782413208557-3,Bottom Shelf,,,,,,,,,,,,"Potassium hexacyanoferrate(II) trihydrate, 99%",,,,g,,2026-06-25T18:46:48.552Z,Physical State: Solid,,,,,Sample,,,,,
,"Potassium hydroxide, 99%",1310-58-3,Main Lab,500,units,,,New Chemical Shelf,Shelf #3,Available,,,,,,,,Daniel Munoz,,,,,,,,,,,,,,,,,dyn-store-1782413208556-2,Chemical Shelfs,dyn-shelf-1782413208557-3,Bottom Shelf,,,,,,,,,,,,"Potassium hydroxide, 99%",,,,g,,2026-06-25T18:46:48.552Z,Physical State: Solid,,,,,Sample,,,,,
,"Potassium hydroxide, 99%",1310-58-3,Main Lab,250,units,,,New Chemical Shelf,Shelf #3,Available,,,,,,,,Daniel Munoz,,,,,,,,,,,,,,,,,dyn-store-1782413208556-2,Chemical Shelfs,dyn-shelf-1782413208557-3,Bottom Shelf,,,,,,,,,,,,"Potassium hydroxide, 99%",,,,g,,2026-06-25T18:46:48.552Z,Physical State: Solid,,,,,Sample,,,,,
,"Potassium iodide, 99%",7681-11-0,Main Lab,100,units,,,New Chemical Shelf,Shelf #3,Available,,,,,,,,Daniel Munoz,,,,,,,,,,,,,,,,,dyn-store-1782413208556-2,Chemical Shelfs,dyn-shelf-1782413208557-3,Bottom Shelf,,,,,,,,,,,,"Potassium iodide, 99%",,,,g,,2026-06-25T18:46:48.552Z,Physical State: Solid,,,,,Sample,,,,,
,"Potassium nitrate, 99%",7757-79-1,Main Lab,500,units,,,New Chemical Shelf,Shelf #3,Available,,,,,,,,Daniel Munoz,,,,,,,,,,,,,,,,,dyn-store-1782413208556-2,Chemical Shelfs,dyn-shelf-1782413208557-3,Bottom Shelf,,,,,,,,,,,,"Potassium nitrate, 99%",,,,g,,2026-06-25T18:46:48.552Z,Physical State: Solid,,,,,Sample,,,,,
,Potassium phosphate dibasic,"November 4, 1958",Main Lab,70,units,,,New Chemical Shelf,Shelf #3,Available,,,,,,,,Daniel Munoz,,,,,,,,,,,,,,,,,dyn-store-1782413208556-2,Chemical Shelfs,dyn-shelf-1782413208557-3,Bottom Shelf,,,,,,,,,,,,Potassium phosphate dibasic,,,,g,,2026-06-25T18:46:48.552Z,Physical State: Solid,,,,,Sample,,,,,
,"Potassium phosphate monobasic, 99%",7778-77-0,Main Lab,500,units,,,New Chemical Shelf,Shelf #3,Available,,,,,,,,Daniel Munoz,,,,,,,,,,,,,,,,,dyn-store-1782413208556-2,Chemical Shelfs,dyn-shelf-1782413208557-3,Bottom Shelf,,,,,,,,,,,,"Potassium phosphate monobasic, 99%",,,,g,,2026-06-25T18:46:48.552Z,Physical State: Solid,,,,,Sample,,,,,
,Potassium sodium tartrate tetrahydrate,6381-59-5,Main Lab,250,units,,,New Chemical Shelf,Shelf #3,Available,,,,,,,,Daniel Munoz,,,,,,,,,,,,,,,,,dyn-store-1782413208556-2,Chemical Shelfs,dyn-shelf-1782413208557-3,Bottom Shelf,,,,,,,,,,,,Potassium sodium tartrate tetrahydrate,,,,g,,2026-06-25T18:46:48.552Z,Physical State: Solid,,,,,Sample,,,,,
,"Potassium thiocyanate, 99%",333-20-0,Main Lab,100,units,,,New Chemical Shelf,Shelf #3,Available,,,,,,,,Daniel Munoz,,,,,,,,,,,,,,,,,dyn-store-1782413208556-2,Chemical Shelfs,dyn-shelf-1782413208557-3,Bottom Shelf,,,,,,,,,,,,"Potassium thiocyanate, 99%",,,,g,,2026-06-25T18:46:48.552Z,Physical State: Solid,,,,,Sample,,,,,
,Pre-Diluted Protein Assay Standards: Bovine Serum Albumin (BSA) Set,,Main Lab,3,units,,,Refrigerator #1,Fridge Door,Available,,,,,,,,Daniel Munoz,,,,,,,,,,,,,,,,,dyn-store-1782413208557-4,Refrigerator #1,shelf-1786383135559,Fridge door,,,,,,,,,,,,Pre-Diluted Protein Assay Standards: Bovine Serum Albumin (BSA) Set,,,,Kit,,2026-06-25T18:46:48.552Z,,,,,,Sample,,,,,
,"Propylene Glycol(1,2-Propanediol)",57-55-6,Main Lab,500,units,,,New Chemical Shelf,Shelf #3,Available,,,,,,,,Daniel Munoz,,,,,,,,,,,,,,,,,dyn-store-1782413208556-2,Chemical Shelfs,dyn-shelf-1782413208557-3,Bottom Shelf,,,,,,,,,,,,"Propylene Glycol(1,2-Propanediol)",,,,mL,,2026-06-25T18:46:48.552Z,Physical State: Liquid,,,,,Sample,,,,,
,Protease Inhibitor Cocktail,,Main Lab,5,units,,,Freezer #2,Jar 3,Available,,,,,,,,Daniel Munoz,,,,,,,,,,,,,,,,,dyn-store-1782413208558-31,Freezer #2 - Close to Shakers,dyn-shelf-1782413208558-31,Shelf 1,,,,,,,dyn-box-1782413208559-42,Jar 3,,,,Protease Inhibitor Cocktail,,,,mL,,2026-06-25T18:46:48.552Z,Physical State: liquid,,,,,Sample,,,,,
,Protease Inhibitor Cocktail,,Main Lab,5,units,,,Freezer #2,Jar 3,Available,,,,,,,,Daniel Munoz,,,,,,,,,,,,,,,,,dyn-store-1782413208558-31,Freezer #2 - Close to Shakers,dyn-shelf-1782413208558-31,Shelf 1,,,,,,,dyn-box-1782413208559-42,Jar 3,,,,Protease Inhibitor Cocktail,,,,mL,,2026-06-25T18:46:48.552Z,Physical State: liquid,,,,,Sample,,,,,
,Protease Inhibitor Cocktail,,Main Lab,5,units,,,Freezer #2,Jar 3,Available,,,,,,,,Daniel Munoz,,,,,,,,,,,,,,,,,dyn-store-1782413208558-31,Freezer #2 - Close to Shakers,dyn-shelf-1782413208558-31,Shelf 1,,,,,,,dyn-box-1782413208559-42,Jar 3,,,,Protease Inhibitor Cocktail,,,,mL,,2026-06-25T18:46:48.552Z,Physical State: liquid,,,,,Sample,,,,,
,Pyridine,110-86-1,Main Lab,1,units,,,Flammable Cabinet #1,Batey/Sousa RM.A450 Flammable Cabinet #1 Sousa Shelf,Available,,,,,,,,Daniel Munoz,,,,,,,,,,,,,,,,,dyn-store-1782413208557-5,Flammable Cabinet #1,dyn-shelf-1782413208559-57,Batey/Sousa RM.A450 Flammable Cabinet #1 Sousa Shelf,,,,,,,,,,,,Pyridine,,,,L,,2026-06-25T18:46:48.552Z,,,,,,Sample,,,,,
,RNAprotect Bacteria Reagent,,Main Lab,100,units,,,New Chemical Shelf,Shelf #3,Available,,,,,,,,Daniel Munoz,,,,,,,,,,,,,,,,,dyn-store-1782413208556-2,Chemical Shelfs,dyn-shelf-1782413208557-3,Bottom Shelf,,,,,,,,,,,,RNAprotect Bacteria Reagent,,,,mL,,2026-06-25T18:46:48.552Z,,,,,,Sample,,,,,
,RNase A,,Main Lab,6,units,,,Refrigerator #2,Tray 1,Available,,,,,,,,Daniel Munoz,,,,,,,,,,,,,,,,,dyn-store-1782413208559-62,Refrigerator #2,dyn-shelf-1782413208559-62,Shelf 1,,,,,,,dyn-box-1782413208569-342,Tray 1,,,,RNase A,,,,kit,,2026-06-25T18:46:48.552Z,,,,,,Sample,,,,,
,"Saponin from quillaja bark, 99%",8047-15-2,Main Lab,100,units,,,New Chemical Shelf,Shelf #3,Available,,,,,,,,Daniel Munoz,,,,,,,,,,,,,,,,,dyn-store-1782413208556-2,Chemical Shelfs,dyn-shelf-1782413208557-3,Bottom Shelf,,,,,,,,,,,,"Saponin from quillaja bark, 99%",,,,g,,2026-06-25T18:46:48.552Z,Physical State: Solid,,,,,Sample,,,,,
,SeaKem LE Agarose,0,Main Lab,125,units,,,New Chemical Shelf,Shelf #1,Available,,,,,,,,Daniel Munoz,,,,,,,,,,,,,,,,,dyn-store-1782413208556-2,Chemical Shelfs,dyn-shelf-1782413208558-18,Top Shelf,,,,,,,,,,,,SeaKem LE Agarose,,,,g,,2026-06-25T18:46:48.552Z,Physical State: Solid,,,,,Sample,,,,,
,"Silver nitrate, 99%",7761-88-8,Main Lab,25,units,,,New Chemical Shelf,Shelf #3,Available,,,,,,,,Daniel Munoz,,,,,,,,,,,,,,,,,dyn-store-1782413208556-2,Chemical Shelfs,dyn-shelf-1782413208557-3,Bottom Shelf,,,,,,,,,,,,"Silver nitrate, 99%",,,,g,,2026-06-25T18:46:48.552Z,Physical State: Solid,,,,,Sample,,,,,
,Silver Stain Plus Kit,,Main Lab,125,units,,,Refrigerator #1,Fridge Door,Available,,,,,,,,Daniel Munoz,,,,,,,,,,,,,,,,,dyn-store-1782413208557-4,Refrigerator #1,shelf-1786383135559,Fridge door,,,,,,,,,,,,Silver Stain Plus Kit,,,,mL,,2026-06-25T18:46:48.552Z,Physical State: liquid,,,,,Sample,,,,,
,"Sodium acetate, 99%",127-09-3,Main Lab,250,units,,,New Chemical Shelf,Shelf #3,Available,,,,,,,,Daniel Munoz,,,,,,,,,,,,,,,,,dyn-store-1782413208556-2,Chemical Shelfs,dyn-shelf-1782413208557-3,Bottom Shelf,,,,,,,,,,,,"Sodium acetate, 99%",,,,g,,2026-06-25T18:46:48.552Z,Physical State: Solid,,,,,Sample,,,,,
,"Sodium Bicarbonate, 99%",144-55-8,Main Lab,500,units,,,New Chemical Shelf,Shelf #3,Available,,,,,,,,Daniel Munoz,,,,,,,,,,,,,,,,,dyn-store-1782413208556-2,Chemical Shelfs,dyn-shelf-1782413208557-3,Bottom Shelf,,,,,,,,,,,,"Sodium Bicarbonate, 99%",,,,g,,2026-06-25T18:46:48.552Z,Physical State: Solid,,,,,Sample,,,,,
,"Sodium bromide, 99%",7647-15-6,Main Lab,100,units,,,New Chemical Shelf,Shelf #3,Available,,,,,,,,Daniel Munoz,,,,,,,,,,,,,,,,,dyn-store-1782413208556-2,Chemical Shelfs,dyn-shelf-1782413208557-3,Bottom Shelf,,,,,,,,,,,,"Sodium bromide, 99%",,,,g,,2026-06-25T18:46:48.552Z,Physical State: Solid,,,,,Sample,,,,,
,"Sodium cacodylate trihydrate, 99%",6131-99-3,Main Lab,25,units,,,New Chemical Shelf,Shelf #3,Available,,,,,,,,Daniel Munoz,,,,,,,,,,,,,,,,,dyn-store-1782413208556-2,Chemical Shelfs,dyn-shelf-1782413208557-3,Bottom Shelf,,,,,,,,,,,,"Sodium cacodylate trihydrate, 99%",,,,g,,2026-06-25T18:46:48.552Z,Physical State: Solid,,,,,Sample,,,,,
,"Sodium Carbonate anhydrous, 99%",497-19-5,Main Lab,500,units,,,New Chemical Shelf,Shelf #3,Available,,,,,,,,Daniel Munoz,,,,,,,,,,,,,,,,,dyn-store-1782413208556-2,Chemical Shelfs,dyn-shelf-1782413208557-3,Bottom Shelf,,,,,,,,,,,,"Sodium Carbonate anhydrous, 99%",,,,g,,2026-06-25T18:46:48.552Z,Physical State: Solid,,,,,Sample,,,,,
,"Sodium carbonate, anhydrous, 99%",497-19-8,Main Lab,500,units,,,New Chemical Shelf,Shelf #3,Available,,,,,,,,Daniel Munoz,,,,,,,,,,,,,,,,,dyn-store-1782413208556-2,Chemical Shelfs,dyn-shelf-1782413208557-3,Bottom Shelf,,,,,,,,,,,,"Sodium carbonate, anhydrous, 99%",,,,g,,2026-06-25T18:46:48.552Z,Physical State: Solid,,,,,Sample,,,,,
,"Sodium chloride, 99%",7647-14-5,Main Lab,3,units,,,New Chemical Shelf,Under bench #1,Available,,,,,,,,Daniel Munoz,,,,,,,,,,,,,,,,,dyn-store-1782413208556-2,Chemical Shelfs,dyn-shelf-1782413208566-236,Under Bench Storage,,,,,,,dyn-box-1782413208566-236,Under bench #1,,,,"Sodium chloride, 99%",,,,g,,2026-06-25T18:46:48.552Z,Physical State: Solid,,,,,Sample,,,,,
,"Sodium chloride, 99%",7647-14-5,Main Lab,10,units,,,New Chemical Shelf,Under bench #1,Available,,,,,,,,Daniel Munoz,,,,,,,,,,,,,,,,,dyn-store-1782413208556-2,Chemical Shelfs,dyn-shelf-1782413208566-236,Under Bench Storage,,,,,,,dyn-box-1782413208566-236,Under bench #1,,,,"Sodium chloride, 99%",,,,kg,,2026-06-25T18:46:48.552Z,Physical State: Solid,,,,,Sample,,,,,
,"Sodium chloride, 99%",7647-14-5,Main Lab,500,units,,,New Chemical Shelf,Shelf #3,Available,,,,,,,,Daniel Munoz,,,,,,,,,,,,,,,,,dyn-store-1782413208556-2,Chemical Shelfs,dyn-shelf-1782413208557-3,Bottom Shelf,,,,,,,,,,,,"Sodium chloride, 99%",,,,g,,2026-06-25T18:46:48.552Z,Physical State: Solid,,,,,Sample,,,,,
,"Sodium cyanoborohydride, 95%",25895-60-7,Main Lab,10,units,,,New Chemical Shelf,Shelf #3,Available,,,,,,,,Daniel Munoz,,,,,,,,,,,,,,,,,dyn-store-1782413208556-2,Chemical Shelfs,dyn-shelf-1782413208557-3,Bottom Shelf,,,,,,,,,,,,"Sodium cyanoborohydride, 95%",,,,g,,2026-06-25T18:46:48.552Z,Physical State: Solid,,,,,Sample,,,,,
,"Sodium cyanoborohydride, 95%",25895-60-7,Main Lab,10,units,,,New Chemical Shelf,Shelf #3,Available,,,,,,,,Daniel Munoz,,,,,,,,,,,,,,,,,dyn-store-1782413208556-2,Chemical Shelfs,dyn-shelf-1782413208557-3,Bottom Shelf,,,,,,,,,,,,"Sodium cyanoborohydride, 95%",,,,g,,2026-06-25T18:46:48.552Z,Physical State: Solid,,,,,Sample,,,,,
,"Sodium deoxycholate, 98%",302-95-4,Main Lab,25,units,,,New Chemical Shelf,Shelf #3,Available,,,,,,,,Daniel Munoz,,,,,,,,,,,,,,,,,dyn-store-1782413208556-2,Chemical Shelfs,dyn-shelf-1782413208557-3,Bottom Shelf,,,,,,,,,,,,"Sodium deoxycholate, 98%",,,,g,,2026-06-25T18:46:48.552Z,Physical State: Solid,,,,,Sample,,,,,
,"Sodium deoxycholate, 98%",302-95-4,Main Lab,10,units,,,New Chemical Shelf,Shelf #3,Available,,,,,,,,Daniel Munoz,,,,,,,,,,,,,,,,,dyn-store-1782413208556-2,Chemical Shelfs,dyn-shelf-1782413208557-3,Bottom Shelf,,,,,,,,,,,,"Sodium deoxycholate, 98%",,,,g,,2026-06-25T18:46:48.552Z,Physical State: Solid,,,,,Sample,,,,,
,Sodium dodecyl sulfate,151-21-3,Main Lab,500,units,,,New Chemical Shelf,Under bench #1,Available,,,,,,,,Daniel Munoz,,,,,,,,,,,,,,,,,dyn-store-1782413208556-2,Chemical Shelfs,dyn-shelf-1782413208566-236,Under Bench Storage,,,,,,,dyn-box-1782413208566-236,Under bench #1,,,,Sodium dodecyl sulfate,,,,g,,2026-06-25T18:46:48.552Z,,,,,,Sample,,,,,
,Sodium Fluoride,,Main Lab,5,units,,,New Chemical Shelf,Shelf #3,Available,,,,,,,,Daniel Munoz,,,,,,,,,,,,,,,,,dyn-store-1782413208556-2,Chemical Shelfs,dyn-shelf-1782413208557-3,Bottom Shelf,,,,,,,,,,,,Sodium Fluoride,,,,g,,2026-06-25T18:46:48.552Z,,,,,,Sample,,,,,
,"Sodium formate, 99%",141-53-7,Main Lab,1,units,,,New Chemical Shelf,Shelf #3,Available,,,,,,,,Daniel Munoz,,,,,,,,,,,,,,,,,dyn-store-1782413208556-2,Chemical Shelfs,dyn-shelf-1782413208557-3,Bottom Shelf,,,,,,,,,,,,"Sodium formate, 99%",,,,kg,,2026-06-25T18:46:48.552Z,Physical State: Solid,,,,,Sample,,,,,
,Sodium hydroxide,1310-73-2,Main Lab,500,units,,,New Chemical Shelf,Shelf #3,Available,,,,,,,,Daniel Munoz,,,,,,,,,,,,,,,,,dyn-store-1782413208556-2,Chemical Shelfs,dyn-shelf-1782413208557-3,Bottom Shelf,,,,,,,,,,,,Sodium hydroxide,,,,g,,2026-06-25T18:46:48.552Z,Physical State: Solid,,,,,Sample,,,,,
,"Sodium iodide, 99%",7681-82-5,Main Lab,100,units,,,New Chemical Shelf,Shelf #3,Available,,,,,,,,Daniel Munoz,,,,,,,,,,,,,,,,,dyn-store-1782413208556-2,Chemical Shelfs,dyn-shelf-1782413208557-3,Bottom Shelf,,,,,,,,,,,,"Sodium iodide, 99%",,,,g,,2026-06-25T18:46:48.552Z,Physical State: Solid,,,,,Sample,,,,,
,"Sodium malonate dibasic monohydrate, 98%",26522-85-0,Main Lab,100,units,,,New Chemical Shelf,Shelf #3,Available,,,,,,,,Daniel Munoz,,,,,,,,,,,,,,,,,dyn-store-1782413208556-2,Chemical Shelfs,dyn-shelf-1782413208557-3,Bottom Shelf,,,,,,,,,,,,"Sodium malonate dibasic monohydrate, 98%",,,,g,,2026-06-25T18:46:48.552Z,Physical State: Solid,,,,,Sample,,,,,
,"Sodium perchlorate monohydrate, 99%","July 3, 1991",Main Lab,250,units,,,New Chemical Shelf,Shelf #3,Available,,,,,,,,Daniel Munoz,,,,,,,,,,,,,,,,,dyn-store-1782413208556-2,Chemical Shelfs,dyn-shelf-1782413208557-3,Bottom Shelf,,,,,,,,,,,,"Sodium perchlorate monohydrate, 99%",,,,g,,2026-06-25T18:46:48.552Z,Physical State: Solid,,,,,Sample,,,,,
,Sodium Phosphate,7558-79-4,Main Lab,500,units,,,New Chemical Shelf,Shelf #3,Available,,,,,,,,Daniel Munoz,,,,,,,,,,,,,,,,,dyn-store-1782413208556-2,Chemical Shelfs,dyn-shelf-1782413208557-3,Bottom Shelf,,,,,,,,,,,,Sodium Phosphate,,,,g,,2026-06-25T18:46:48.552Z,Physical State: Solid,,,,,Sample,,,,,
,"Sodium phosphate dibasic anhydrous, 99%",7558-79-4,Main Lab,500,units,,,New Chemical Shelf,Shelf #3,Available,,,,,,,,Daniel Munoz,,,,,,,,,,,,,,,,,dyn-store-1782413208556-2,Chemical Shelfs,dyn-shelf-1782413208557-3,Bottom Shelf,,,,,,,,,,,,"Sodium phosphate dibasic anhydrous, 99%",,,,g,,2026-06-25T18:46:48.552Z,Physical State: Solid,,,,,Sample,,,,,
,"Sodium phosphate dibasic heptahydrate, 99%",77782-85-6,Main Lab,500,units,,,New Chemical Shelf,Shelf #3,Available,,,,,,,,Daniel Munoz,,,,,,,,,,,,,,,,,dyn-store-1782413208556-2,Chemical Shelfs,dyn-shelf-1782413208557-3,Bottom Shelf,,,,,,,,,,,,"Sodium phosphate dibasic heptahydrate, 99%",,,,g,,2026-06-25T18:46:48.552Z,Physical State: Solid,,,,,Sample,,,,,
,"Sodium phosphate monobasic monohydrate, 99%",10049-21-5,Main Lab,500,units,,,New Chemical Shelf,Shelf #3,Available,,,,,,,,Daniel Munoz,,,,,,,,,,,,,,,,,dyn-store-1782413208556-2,Chemical Shelfs,dyn-shelf-1782413208557-3,Bottom Shelf,,,,,,,,,,,,"Sodium phosphate monobasic monohydrate, 99%",,,,g,,2026-06-25T18:46:48.552Z,Physical State: Solid,,,,,Sample,,,,,
,"Sodium phosphate monobasic monohydrate, 99%",10049-21-5,Main Lab,500,units,,,New Chemical Shelf,Shelf #3,Available,,,,,,,,Daniel Munoz,,,,,,,,,,,,,,,,,dyn-store-1782413208556-2,Chemical Shelfs,dyn-shelf-1782413208557-3,Bottom Shelf,,,,,,,,,,,,"Sodium phosphate monobasic monohydrate, 99%",,,,g,,2026-06-25T18:46:48.552Z,Physical State: Solid,,,,,Sample,,,,,
,"Sodium pyrophosphate, 99%",13472-36-1,Main Lab,500,units,,,New Chemical Shelf,Shelf #3,Available,,,,,,,,Daniel Munoz,,,,,,,,,,,,,,,,,dyn-store-1782413208556-2,Chemical Shelfs,dyn-shelf-1782413208557-3,Bottom Shelf,,,,,,,,,,,,"Sodium pyrophosphate, 99%",,,,g,,2026-06-25T18:46:48.552Z,Physical State: Solid,,,,,Sample,,,,,
,"Sodium pyrophosphate, 99%",13472-36-1,Main Lab,500,units,,,New Chemical Shelf,Shelf #3,Available,,,,,,,,Daniel Munoz,,,,,,,,,,,,,,,,,dyn-store-1782413208556-2,Chemical Shelfs,dyn-shelf-1782413208557-3,Bottom Shelf,,,,,,,,,,,,"Sodium pyrophosphate, 99%",,,,g,,2026-06-25T18:46:48.552Z,Physical State: Solid,,,,,Sample,,,,,
,"Sodium sulfate decahydrate, 99%",7727-73-3,Main Lab,100,units,,,New Chemical Shelf,Shelf #3,Available,,,,,,,,Daniel Munoz,,,,,,,,,,,,,,,,,dyn-store-1782413208556-2,Chemical Shelfs,dyn-shelf-1782413208557-3,Bottom Shelf,,,,,,,,,,,,"Sodium sulfate decahydrate, 99%",,,,g,,2026-06-25T18:46:48.552Z,Physical State: Solid,,,,,Sample,,,,,
,"Sodium Sulfate, anhydrous",,Main Lab,3,units,,,New Chemical Shelf,Under bench #1,Available,,,,,,,,Daniel Munoz,,,,,,,,,,,,,,,,,dyn-store-1782413208556-2,Chemical Shelfs,dyn-shelf-1782413208566-236,Under Bench Storage,,,,,,,dyn-box-1782413208566-236,Under bench #1,,,,"Sodium Sulfate, anhydrous",,,,kg,,2026-06-25T18:46:48.552Z,Physical State: Solid,,,,,Sample,,,,,
,"Sodium Sulfate, anhydrous",7757-82-6,Main Lab,100,units,,,New Chemical Shelf,Shelf #3,Available,,,,,,,,Daniel Munoz,,,,,,,,,,,,,,,,,dyn-store-1782413208556-2,Chemical Shelfs,dyn-shelf-1782413208557-3,Bottom Shelf,,,,,,,,,,,,"Sodium Sulfate, anhydrous",,,,mL,,2026-06-25T18:46:48.552Z,Physical State: Solid,,,,,Sample,,,,,
,"Sodium tartrate dibasic dihydrate, 99%",6106-24-7,Main Lab,250,units,,,New Chemical Shelf,Shelf #3,Available,,,,,,,,Daniel Munoz,,,,,,,,,,,,,,,,,dyn-store-1782413208556-2,Chemical Shelfs,dyn-shelf-1782413208557-3,Bottom Shelf,,,,,,,,,,,,"Sodium tartrate dibasic dihydrate, 99%",,,,g,,2026-06-25T18:46:48.552Z,Physical State: Solid,,,,,Sample,,,,,
,Sodium thiocyanate,540-72-7,Main Lab,100,units,,,New Chemical Shelf,Shelf #3,Available,,,,,,,,Daniel Munoz,,,,,,,,,,,,,,,,,dyn-store-1782413208556-2,Chemical Shelfs,dyn-shelf-1782413208557-3,Bottom Shelf,,,,,,,,,,,,Sodium thiocyanate,,,,g,,2026-06-25T18:46:48.552Z,Physical State: Solid,,,,,Sample,,,,,
,"Sodium thiosulfate, 99%",7772-98-7,Main Lab,250,units,,,New Chemical Shelf,Shelf #3,Available,,,,,,,,Daniel Munoz,,,,,,,,,,,,,,,,,dyn-store-1782413208556-2,Chemical Shelfs,dyn-shelf-1782413208557-3,Bottom Shelf,,,,,,,,,,,,"Sodium thiosulfate, 99%",,,,g,,2026-06-25T18:46:48.552Z,Physical State: Solid,,,,,Sample,,,,,
,SPDP,,Main Lab,50,units,,,Freezer #2,Jar 4,Available,,,,,,,,Daniel Munoz,,,,,,,,,,,,,,,,,dyn-store-1782413208558-31,Freezer #2 - Close to Shakers,dyn-shelf-1782413208558-31,Shelf 1,,,,,,,dyn-box-1782413208562-109,Jar 4,,,,SPDP,,,,mg,,2026-06-25T18:46:48.552Z,,,,,,Sample,,,,,
,"Spectinomycin Dihydrochloride Pentahydrate, USP Grade, 5 grams",22189-32-8,Main Lab,5,units,,,Freezer #2,Jar 4,Available,,,,,,,,Daniel Munoz,,,,,,,,,,,,,,,,,dyn-store-1782413208558-31,Freezer #2 - Close to Shakers,dyn-shelf-1782413208558-31,Shelf 1,,,,,,,dyn-box-1782413208562-109,Jar 4,,,,"Spectinomycin Dihydrochloride Pentahydrate, USP Grade, 5 grams",,,,g,,2026-06-25T18:46:48.552Z,Physical State: Solid,,,,,Sample,,,,,
,Spermine Tetrahydrochloride,,Main Lab,1,units,,,Freezer #2,Jar 1,Available,,,,,,,,Daniel Munoz,,,,,,,,,,,,,,,,,dyn-store-1782413208558-31,Freezer #2 - Close to Shakers,dyn-shelf-1782413208558-31,Shelf 1,,,,,,,dyn-box-1782413208558-31,Jar 1,,,,Spermine Tetrahydrochloride,,,,g,,2026-06-25T18:46:48.552Z,,,,,,Sample,,,,,
,"Succinic acid, 99%",110-15-6,Main Lab,100,units,,,New Chemical Shelf,Shelf #3,Available,,,,,,,,Daniel Munoz,,,,,,,,,,,,,,,,,dyn-store-1782413208556-2,Chemical Shelfs,dyn-shelf-1782413208557-3,Bottom Shelf,,,,,,,,,,,,"Succinic acid, 99%",,,,g,,2026-06-25T18:46:48.552Z,Physical State: Solid,,,,,Sample,,,,,
,"Sucrose, 99%",57-50-1,Main Lab,1,units,,,New Chemical Shelf,Shelf #3,Available,,,,,,,,Daniel Munoz,,,,,,,,,,,,,,,,,dyn-store-1782413208556-2,Chemical Shelfs,dyn-shelf-1782413208557-3,Bottom Shelf,,,,,,,,,,,,"Sucrose, 99%",,,,kg,,2026-06-25T18:46:48.552Z,Physical State: Solid,,,,,Sample,,,,,
,"Sucrose, 99%",57-50-1,Main Lab,1,units,,,New Chemical Shelf,Shelf #3,Available,,,,,,,,Daniel Munoz,,,,,,,,,,,,,,,,,dyn-store-1782413208556-2,Chemical Shelfs,dyn-shelf-1782413208557-3,Bottom Shelf,,,,,,,,,,,,"Sucrose, 99%",,,,kg,,2026-06-25T18:46:48.552Z,Physical State: Solid,,,,,Sample,,,,,
,Sulfo-LC-SPDP,,Main Lab,50,units,,,Freezer #2,Jar 4,Available,,,,,,,,Daniel Munoz,,,,,,,,,,,,,,,,,dyn-store-1782413208558-31,Freezer #2 - Close to Shakers,dyn-shelf-1782413208558-31,Shelf 1,,,,,,,dyn-box-1782413208562-109,Jar 4,,,,Sulfo-LC-SPDP,,,,mg,,2026-06-25T18:46:48.552Z,,,,,,Sample,,,,,
,"Sulfur, Sublimed,  99%",--,Main Lab,543,units,,,New Chemical Shelf,Shelf #3,Available,,,,,,,,Daniel Munoz,,,,,,,,,,,,,,,,,dyn-store-1782413208556-2,Chemical Shelfs,dyn-shelf-1782413208557-3,Bottom Shelf,,,,,,,,,,,,"Sulfur, Sublimed,  99%",,,,g,,2026-06-25T18:46:48.552Z,Physical State: Solid,,,,,Sample,,,,,
,"Sulfur, sublimed, 99%",7704-34-9,Main Lab,500,units,,,New Chemical Shelf,Shelf #3,Available,,,,,,,,Daniel Munoz,,,,,,,,,,,,,,,,,dyn-store-1782413208556-2,Chemical Shelfs,dyn-shelf-1782413208557-3,Bottom Shelf,,,,,,,,,,,,"Sulfur, sublimed, 99%",,,,g,,2026-06-25T18:46:48.552Z,Physical State: Solid,,,,,Sample,,,,,
,Sulfuric acid,7664-93-9,Main Lab,250,units,,,Sousa RM.A480A EQ034923 Fumehood,Fumehood / Shelf 1,Available,,,,,,,,Daniel Munoz,,,,,,,,,,,,,,,,,dyn-store-1782413208557-6,Fumehood,dyn-shelf-1782413208557-6,Shelf 1,,,,,,,,,,,,Sulfuric acid,,,,mL,,2026-06-25T18:46:48.552Z,Physical State: Liquid,,,,,Sample,,,,,
,SuperBlock Dry Blend Blocking Buffer,,Main Lab,200,units,,,New Chemical Shelf,Shelf #1,Available,,,,,,,,Daniel Munoz,,,,,,,,,,,,,,,,,dyn-store-1782413208556-2,Chemical Shelfs,dyn-shelf-1782413208558-18,Top Shelf,,,,,,,,,,,,SuperBlock Dry Blend Blocking Buffer,,,,mL,,2026-06-25T18:46:48.552Z,,,,,,Sample,,,,,
,SuperBlock* Blocking Buffers,,Main Lab,1,units,,,Refrigerator #1,Fridge Door,Available,,,,,,,,Daniel Munoz,,,,,,,,,,,,,,,,,dyn-store-1782413208557-4,Refrigerator #1,shelf-1786383135559,Fridge door,,,,,,,,,,,,SuperBlock* Blocking Buffers,,,,L,,2026-06-25T18:46:48.552Z,Physical State: liquid,,,,,Sample,,,,,
,"TAPS, 99%",29915-38-6,Main Lab,100,units,,,New Chemical Shelf,Shelf #3,Available,,,,,,,,Daniel Munoz,,,,,,,,,,,,,,,,,dyn-store-1782413208556-2,Chemical Shelfs,dyn-shelf-1782413208557-3,Bottom Shelf,,,,,,,,,,,,"TAPS, 99%",,,,g,,2026-06-25T18:46:48.552Z,Physical State: Solid,,,,,Sample,,,,,
,TAPSO,--,Main Lab,100,units,,,New Chemical Shelf,Shelf #3,Available,,,,,,,,Daniel Munoz,,,,,,,,,,,,,,,,,dyn-store-1782413208556-2,Chemical Shelfs,dyn-shelf-1782413208557-3,Bottom Shelf,,,,,,,,,,,,TAPSO,,,,g,,2026-06-25T18:46:48.552Z,Physical State: Solid,,,,,Sample,,,,,
,"Taurine, 99%",107-35-7,Main Lab,100,units,,,New Chemical Shelf,Shelf #3,Available,,,,,,,,Daniel Munoz,,,,,,,,,,,,,,,,,dyn-store-1782413208556-2,Chemical Shelfs,dyn-shelf-1782413208557-3,Bottom Shelf,,,,,,,,,,,,"Taurine, 99%",,,,g,,2026-06-25T18:46:48.552Z,Physical State: Solid,,,,,Sample,,,,,
,TCEP Hydrochloride,51805-45-9,Main Lab,5,units,,,Freezer #2,Jar 4,Available,,,,,,,,Daniel Munoz,,,,,,,,,,,,,,,,,dyn-store-1782413208558-31,Freezer #2 - Close to Shakers,dyn-shelf-1782413208558-31,Shelf 1,,,,,,,dyn-box-1782413208562-109,Jar 4,,,,TCEP Hydrochloride,,,,g,,2026-06-25T18:46:48.552Z,Physical State: Solid,,,,,Sample,,,,,
,"Tert-Butanol, 99%",75-65-0,Main Lab,500,units,,,Flammable Cabinet #1,Flammable Cabinet #1 / Shelf 1,Available,,,,,,,,Daniel Munoz,,,,,,,,,,,,,,,,,dyn-store-1782413208557-5,Flammable Cabinet #1,dyn-shelf-1782413208557-5,Shelf 1,,,,,,,,,,,,"Tert-Butanol, 99%",,,,mL,,2026-06-25T18:46:48.552Z,Physical State: Liquid,,,,,Sample,,,,,
,Testosterone,--,Main Lab,25,units,,,New Chemical Shelf,Shelf #3,Available,,,,,,,,Daniel Munoz,,,,,,,,,,,,,,,,,dyn-store-1782413208556-2,Chemical Shelfs,dyn-shelf-1782413208557-3,Bottom Shelf,,,,,,,,,,,,Testosterone,,,,g,,2026-06-25T18:46:48.552Z,Physical State: Solid,,,,,Sample,,,,,
,Tetracycline Free Base Trihydrate,,Main Lab,5,units,,,Freezer #2,Jar 2,Available,,,,,,,,Daniel Munoz,,,,,,,,,,,,,,,,,dyn-store-1782413208558-31,Freezer #2 - Close to Shakers,dyn-shelf-1782413208558-31,Shelf 1,,,,,,,dyn-box-1782413208558-36,Jar 2,,,,Tetracycline Free Base Trihydrate,,,,g,,2026-06-25T18:46:48.552Z,Physical State: solid,,,,,Sample,,,,,
,Tetracycline hydrochloride,,Main Lab,25,units,,,Freezer #2,Jar 2,Available,,,,,,,,Daniel Munoz,,,,,,,,,,,,,,,,,dyn-store-1782413208558-31,Freezer #2 - Close to Shakers,dyn-shelf-1782413208558-31,Shelf 1,,,,,,,dyn-box-1782413208558-36,Jar 2,,,,Tetracycline hydrochloride,,,,g,,2026-06-25T18:46:48.552Z,Physical State: solid,,,,,Sample,,,,,
,Thymidine 5'-monophosphate,,Main Lab,100,units,,,Freezer #2,Jar 1,Available,,,,,,,,Daniel Munoz,,,,,,,,,,,,,,,,,dyn-store-1782413208558-31,Freezer #2 - Close to Shakers,dyn-shelf-1782413208558-31,Shelf 1,,,,,,,dyn-box-1782413208558-31,Jar 1,,,,Thymidine 5'-monophosphate,,,,mg,,2026-06-25T18:46:48.552Z,Physical State: solid,,,,,Sample,,,,,
,TMB Stabilized Substrate for HRP,--,Main Lab,200,units,,,New Chemical Shelf,Shelf #3,Available,,,,,,,,Daniel Munoz,,,,,,,,,,,,,,,,,dyn-store-1782413208556-2,Chemical Shelfs,dyn-shelf-1782413208557-3,Bottom Shelf,,,,,,,,,,,,TMB Stabilized Substrate for HRP,,,,mL,,2026-06-25T18:46:48.552Z,Physical State: Liquid,,,,,Sample,,,,,
,"Toluene, 99%",108-88-3,Main Lab,1,units,,,Flammable Cabinet #1,Flammable Cabinet #1 / Shelf 1,Available,,,,,,,,Daniel Munoz,,,,,,,,,,,,,,,,,dyn-store-1782413208557-5,Flammable Cabinet #1,dyn-shelf-1782413208557-5,Shelf 1,,,,,,,,,,,,"Toluene, 99%",,,,L,,2026-06-25T18:46:48.552Z,Physical State: Liquid,,,,,Sample,,,,,
,"Toluene, 99%",108-88-3,Main Lab,1,units,,,Flammable Cabinet #1,Flammable Cabinet #1 / Shelf 1,Available,,,,,,,,Daniel Munoz,,,,,,,,,,,,,,,,,dyn-store-1782413208557-5,Flammable Cabinet #1,dyn-shelf-1782413208557-5,Shelf 1,,,,,,,,,,,,"Toluene, 99%",,,,L,,2026-06-25T18:46:48.552Z,Physical State: Liquid,,,,,Sample,,,,,
,"tri-sodium citrate dihydrate, 99%",--,Main Lab,1,units,,,New Chemical Shelf,Shelf #3,Available,,,,,,,,Daniel Munoz,,,,,,,,,,,,,,,,,dyn-store-1782413208556-2,Chemical Shelfs,dyn-shelf-1782413208557-3,Bottom Shelf,,,,,,,,,,,,"tri-sodium citrate dihydrate, 99%",,,,kg,,2026-06-25T18:46:48.552Z,Physical State: Solid,,,,,Sample,,,,,
,"Tricine, 99%","April 1, 2004",Main Lab,100,units,,,New Chemical Shelf,Shelf #3,Available,,,,,,,,Daniel Munoz,,,,,,,,,,,,,,,,,dyn-store-1782413208556-2,Chemical Shelfs,dyn-shelf-1782413208557-3,Bottom Shelf,,,,,,,,,,,,"Tricine, 99%",,,,g,,2026-06-25T18:46:48.552Z,Physical State: Solid,,,,,Sample,,,,,
,"Triethanolamine, 99%",102-71-6,Main Lab,1,units,,,New Chemical Shelf,Shelf #3,Available,,,,,,,,Daniel Munoz,,,,,,,,,,,,,,,,,dyn-store-1782413208556-2,Chemical Shelfs,dyn-shelf-1782413208557-3,Bottom Shelf,,,,,,,,,,,,"Triethanolamine, 99%",,,,L,,2026-06-25T18:46:48.552Z,Physical State: Liquid,,,,,Sample,,,,,
,"Trimethylamine N-oxide dihydrate, 98%",62637-93-8,Main Lab,10,units,,,New Chemical Shelf,Shelf #3,Available,,,,,,,,Daniel Munoz,,,,,,,,,,,,,,,,,dyn-store-1782413208556-2,Chemical Shelfs,dyn-shelf-1782413208557-3,Bottom Shelf,,,,,,,,,,,,"Trimethylamine N-oxide dihydrate, 98%",,,,g,,2026-06-25T18:46:48.552Z,Physical State: Solid,,,,,Sample,,,,,
,"triproplyamine, 99%",12650-88-3,Main Lab,25,units,,,New Chemical Shelf,Shelf #3,Available,,,,,,,,Daniel Munoz,,,,,,,,,,,,,,,,,dyn-store-1782413208556-2,Chemical Shelfs,dyn-shelf-1782413208557-3,Bottom Shelf,,,,,,,,,,,,"triproplyamine, 99%",,,,mL,,2026-06-25T18:46:48.552Z,Physical State: Solid,,,,,Sample,,,,,
,"tris-(2-carboxyethyl)phosphine, hydrochloride (TCEP)",,Main Lab,1,units,,,Freezer #2,Jar 5,Available,,,,,,,,Daniel Munoz,,,,,,,,,,,,,,,,,dyn-store-1782413208558-31,Freezer #2 - Close to Shakers,dyn-shelf-1782413208558-31,Shelf 1,,,,,,,dyn-box-1782413208564-176,Jar 5,,,,"tris-(2-carboxyethyl)phosphine, hydrochloride (TCEP)",,,,g,,2026-06-25T18:46:48.552Z,Physical State: solid,,,,,Sample,,,,,
,"Tris(2-carboxyethyl)phosphine, HCl",51805-45-9,Main Lab,25,units,,,Freezer #2,Jar 4,Available,,,,,,,,Daniel Munoz,,,,,,,,,,,,,,,,,dyn-store-1782413208558-31,Freezer #2 - Close to Shakers,dyn-shelf-1782413208558-31,Shelf 1,,,,,,,dyn-box-1782413208562-109,Jar 4,,,,"Tris(2-carboxyethyl)phosphine, HCl",,,,g,,2026-06-25T18:46:48.552Z,Physical State: Solid,,,,,Sample,,,,,
,Tris(hydroxymethyl)aminomethane Hydrochloride,1185-53-1,Main Lab,1,units,,,New Chemical Shelf,Under bench #1,Available,,,,,,,,Daniel Munoz,,,,,,,,,,,,,,,,,dyn-store-1782413208556-2,Chemical Shelfs,dyn-shelf-1782413208566-236,Under Bench Storage,,,,,,,dyn-box-1782413208566-236,Under bench #1,,,,Tris(hydroxymethyl)aminomethane Hydrochloride,,,,kg,,2026-06-25T18:46:48.552Z,Physical State: Solid,,,,,Sample,,,,,
,Trisodium citrate dihydrate,"April 3, 1932",Main Lab,500,units,,,New Chemical Shelf,Shelf #3,Available,,,,,,,,Daniel Munoz,,,,,,,,,,,,,,,,,dyn-store-1782413208556-2,Chemical Shelfs,dyn-shelf-1782413208557-3,Bottom Shelf,,,,,,,,,,,,Trisodium citrate dihydrate,,,,g,,2026-06-25T18:46:48.552Z,Physical State: Solid,,,,,Sample,,,,,
,"Triton  X-114, 99%",9036-19-5,Main Lab,100,units,,,New Chemical Shelf,Shelf #3,Available,,,,,,,,Daniel Munoz,,,,,,,,,,,,,,,,,dyn-store-1782413208556-2,Chemical Shelfs,dyn-shelf-1782413208557-3,Bottom Shelf,,,,,,,,,,,,"Triton  X-114, 99%",,,,mL,,2026-06-25T18:46:48.552Z,Physical State: Liquid,,,,,Sample,,,,,
,"Triton X-100, 99%",9002-93-1,Main Lab,500,units,,,New Chemical Shelf,Shelf #3,Available,,,,,,,,Daniel Munoz,,,,,,,,,,,,,,,,,dyn-store-1782413208556-2,Chemical Shelfs,dyn-shelf-1782413208557-3,Bottom Shelf,,,,,,,,,,,,"Triton X-100, 99%",,,,mL,,2026-06-25T18:46:48.552Z,Physical State: Liquid,,,,,Sample,,,,,
,"Triton X-100, 99%",9002-93-1,Main Lab,100,units,,,New Chemical Shelf,Shelf #3,Available,,,,,,,,Daniel Munoz,,,,,,,,,,,,,,,,,dyn-store-1782413208556-2,Chemical Shelfs,dyn-shelf-1782413208557-3,Bottom Shelf,,,,,,,,,,,,"Triton X-100, 99%",,,,mL,,2026-06-25T18:46:48.552Z,Physical State: Liquid,,,,,Sample,,,,,
,"Trizma base, 99%",77-86-1,Main Lab,10,units,,,New Chemical Shelf,Under bench #1,Available,,,,,,,,Daniel Munoz,,,,,,,,,,,,,,,,,dyn-store-1782413208556-2,Chemical Shelfs,dyn-shelf-1782413208566-236,Under Bench Storage,,,,,,,dyn-box-1782413208566-236,Under bench #1,,,,"Trizma base, 99%",,,,kg,,2026-06-25T18:46:48.552Z,Physical State: Solid,,,,,Sample,,,,,
,"Trizma base, 99%",77-86-1,Main Lab,1,units,,,New Chemical Shelf,Shelf #3,Available,,,,,,,,Daniel Munoz,,,,,,,,,,,,,,,,,dyn-store-1782413208556-2,Chemical Shelfs,dyn-shelf-1782413208557-3,Bottom Shelf,,,,,,,,,,,,"Trizma base, 99%",,,,kg,,2026-06-25T18:46:48.552Z,Physical State: Solid,,,,,Sample,,,,,
,"Tween 20 (Polyoxyethylenesorbitan monolaurate), 99%",9005-64-5,Main Lab,100,units,,,New Chemical Shelf,Shelf #3,Available,,,,,,,,Daniel Munoz,,,,,,,,,,,,,,,,,dyn-store-1782413208556-2,Chemical Shelfs,dyn-shelf-1782413208557-3,Bottom Shelf,,,,,,,,,,,,"Tween 20 (Polyoxyethylenesorbitan monolaurate), 99%",,,,mL,,2026-06-25T18:46:48.552Z,Physical State: Liquid,,,,,Sample,,,,,
,TWEEN® 20,9005-64-5,Main Lab,100,units,,,New Chemical Shelf,Shelf #3,Available,,,,,,,,Daniel Munoz,,,,,,,,,,,,,,,,,dyn-store-1782413208556-2,Chemical Shelfs,dyn-shelf-1782413208557-3,Bottom Shelf,,,,,,,,,,,,TWEEN® 20,,,,mL,,2026-06-25T18:46:48.552Z,,,,,,Sample,,,,,
,Urea,57-13-6,Main Lab,1,units,,,New Chemical Shelf,Shelf #3,Available,,,,,,,,Daniel Munoz,,,,,,,,,,,,,,,,,dyn-store-1782413208556-2,Chemical Shelfs,dyn-shelf-1782413208557-3,Bottom Shelf,,,,,,,,,,,,Urea,,,,kg,,2026-06-25T18:46:48.552Z,,,,,,Sample,,,,,
,Urea,57-13-6,Main Lab,1,units,,,New Chemical Shelf,Under bench #1,Available,,,,,,,,Daniel Munoz,,,,,,,,,,,,,,,,,dyn-store-1782413208556-2,Chemical Shelfs,dyn-shelf-1782413208566-236,Under Bench Storage,,,,,,,dyn-box-1782413208566-236,Under bench #1,,,,Urea,,,,kg,,2026-06-25T18:46:48.552Z,,,,,,Sample,,,,,
,Urea,57-13-6,Main Lab,1,units,,,New Chemical Shelf,Under bench #1,Available,,,,,,,,Daniel Munoz,,,,,,,,,,,,,,,,,dyn-store-1782413208556-2,Chemical Shelfs,dyn-shelf-1782413208566-236,Under Bench Storage,,,,,,,dyn-box-1782413208566-236,Under bench #1,,,,Urea,,,,kg,,2026-06-25T18:46:48.552Z,,,,,,Sample,,,,,
,"Urea, 99%",--,Main Lab,50,units,,,New Chemical Shelf,Shelf #3,Available,,,,,,,,Daniel Munoz,,,,,,,,,,,,,,,,,dyn-store-1782413208556-2,Chemical Shelfs,dyn-shelf-1782413208557-3,Bottom Shelf,,,,,,,,,,,,"Urea, 99%",,,,g,,2026-06-25T18:46:48.552Z,Physical State: Solid,,,,,Sample,,,,,
,"Urea, 99%",57-13-6,Main Lab,1,units,,,New Chemical Shelf,Under bench #1,Available,,,,,,,,Daniel Munoz,,,,,,,,,,,,,,,,,dyn-store-1782413208556-2,Chemical Shelfs,dyn-shelf-1782413208566-236,Under Bench Storage,,,,,,,dyn-box-1782413208566-236,Under bench #1,,,,"Urea, 99%",,,,kg,,2026-06-25T18:46:48.552Z,Physical State: Solid,,,,,Sample,,,,,
,"Urea, 99%",57-13-6,Main Lab,1,units,,,New Chemical Shelf,Under bench #1,Available,,,,,,,,Daniel Munoz,,,,,,,,,,,,,,,,,dyn-store-1782413208556-2,Chemical Shelfs,dyn-shelf-1782413208566-236,Under Bench Storage,,,,,,,dyn-box-1782413208566-236,Under bench #1,,,,"Urea, 99%",,,,kg,,2026-06-25T18:46:48.552Z,Physical State: Solid,,,,,Sample,,,,,
,Uridine 5'-diphosphoglucose disodium salt,,Main Lab,500,units,,,Freezer #2,Jar 3,Available,,,,,,,,Daniel Munoz,,,,,,,,,,,,,,,,,dyn-store-1782413208558-31,Freezer #2 - Close to Shakers,dyn-shelf-1782413208558-31,Shelf 1,,,,,,,dyn-box-1782413208559-42,Jar 3,,,,Uridine 5'-diphosphoglucose disodium salt,,,,mg,,2026-06-25T18:46:48.552Z,Physical State: solid,,,,,Sample,,,,,
,Water,7732-18-5,Main Lab,4,units,,,Sousa RM.A480A EQ034923 Fumehood,Fumehood / Shelf 1,Available,,,,,,,,Daniel Munoz,,,,,,,,,,,,,,,,,dyn-store-1782413208557-6,Fumehood,dyn-shelf-1782413208557-6,Shelf 1,,,,,,,,,,,,Water,,,,L,,2026-06-25T18:46:48.552Z,Physical State: Liquid,,,,,Sample,,,,,
,"Xylene Cyanol F.F., 75 %",2650-17-1,Main Lab,10,units,,,New Chemical Shelf,Shelf #3,Available,,,,,,,,Daniel Munoz,,,,,,,,,,,,,,,,,dyn-store-1782413208556-2,Chemical Shelfs,dyn-shelf-1782413208557-3,Bottom Shelf,,,,,,,,,,,,"Xylene Cyanol F.F., 75 %",,,,g,,2026-06-25T18:46:48.552Z,Physical State: Solid,,,,,Sample,,,,,
,"Xylitol, 99%",87-99-0,Main Lab,100,units,,,New Chemical Shelf,Shelf #3,Available,,,,,,,,Daniel Munoz,,,,,,,,,,,,,,,,,dyn-store-1782413208556-2,Chemical Shelfs,dyn-shelf-1782413208557-3,Bottom Shelf,,,,,,,,,,,,"Xylitol, 99%",,,,g,,2026-06-25T18:46:48.552Z,Physical State: Solid,,,,,Sample,,,,,
,"Zinc acetate-2-hydrate, 99%",5970-45-6,Main Lab,1,units,,,New Chemical Shelf,Shelf #3,Available,,,,,,,,Daniel Munoz,,,,,,,,,,,,,,,,,dyn-store-1782413208556-2,Chemical Shelfs,dyn-shelf-1782413208557-3,Bottom Shelf,,,,,,,,,,,,"Zinc acetate-2-hydrate, 99%",,,,kg,,2026-06-25T18:46:48.552Z,Physical State: Solid,,,,,Sample,,,,,
,"Zinc sulfate heptahydrate, 99%",7446-20-0,Main Lab,250,units,,,New Chemical Shelf,Shelf #3,Available,,,,,,,,Daniel Munoz,,,,,,,,,,,,,,,,,dyn-store-1782413208556-2,Chemical Shelfs,dyn-shelf-1782413208557-3,Bottom Shelf,,,,,,,,,,,,"Zinc sulfate heptahydrate, 99%",,,,g,,2026-06-25T18:46:48.552Z,Physical State: Solid,,,,,Sample,,,,,
,"Tetramethylrhodamine-5 C2 maleimide, Size=5 mg",,Main Lab,1,units,,,-20 Freezer 2 (F2),Freezer #2 - Close to Shakers / Shelf 1,Available,,,,,,,,Morgan Fink,,,,,,,,,,,,,,https://us.vwr.com/store/product/24269760/tetramethylrhodamine-5-c2-maleimide,VWR,,dyn-store-1782413208558-31,Freezer #2 - Close to Shakers,dyn-shelf-1782413208558-31,Shelf 1,,,,,,,,,,,,"Tetramethylrhodamine-5 C2 maleimide, Size=5 mg",,,,5 mg,,2026-06-25T18:46:48.552Z,URL: https://us.vwr.com/store/product/24269760/tetramethylrhodamine-5-c2-maleimide,103011-006,,147.29,,Sample,,,,,
,Dibma - Diisobutylene Maleic,,Main Lab,1,units,,,Freezer #2,Jar 2,Available,,,,,,,,Morgan Fink,,,,,,,,,,,,,,,Anatrace,,dyn-store-1782413208558-31,Freezer #2 - Close to Shakers,dyn-shelf-1782413208558-31,Shelf 1,,,,,,,dyn-box-1782413208558-36,Jar 2,,,,Dibma - Diisobutylene Maleic,,,,1 gm,,2026-06-25T18:46:48.552Z,,B,,,,Sample,,,,,
,Uridine 5′-diphosphoglucuronic acid trisodium salt,,Main Lab,25,mg,,,Freezer #2,Tray 1,Available,,,,,,,,Daniel Munoz,,,,,,,,,,,,,,,Sigma-Aldrich,,dyn-store-1782413208558-31,Freezer #2 - Close to Shakers,dyn-shelf-1782413208558-31,Shelf 1,,,,,,,dyn-box-1782413208564-159,Tray 1,,,,Uridine 5′-diphosphoglucuronic acid trisodium salt,,,,,,2026-06-25T18:46:48.552Z,,,,82.10,,Sample,,,,,
,"EGTA, Ethylene glycol-bis(B-aminoethylether)-N,N,N,N-tetraacetic acid",67-42-5,Main Lab,100,units,,,New Chemical Shelf,Shelf #2,Available,,,,,,,,Daniel Munoz,,,,,,,,,,,,,,,,,dyn-store-1782413208556-2,Chemical Shelfs,dyn-shelf-1782413208556-2,Middle Shelf,,,,,,,,,,,,"EGTA, Ethylene glycol-bis(B-aminoethylether)-N,N,N,N-tetraacetic acid",,,,g,,2026-06-25T18:46:48.552Z,Physical State: Solid,,,,,Sample,,,,,
,(+)-Sodium L-ascorbate,134-03-2,Main Lab,25,units,,,New Chemical Shelf,Shelf #3,Available,,,,,,,,Daniel Munoz,,,,,,,,,,,,,,,,,dyn-store-1782413208556-2,Chemical Shelfs,dyn-shelf-1782413208557-3,Bottom Shelf,,,,,,,,,,,,(+)-Sodium L-ascorbate,,,,g,,2026-06-25T18:46:48.552Z,Physical State: Solid,,,,,Sample,,,,,
,"1-Butanol, 99%",71-36-3,Main Lab,500,units,,,Flammable Cabinet #1,Flammable Cabinet #1 / Shelf 1,Available,,,,,,,,Daniel Munoz,,,,,,,,,,,,,,,,,dyn-store-1782413208557-5,Flammable Cabinet #1,dyn-shelf-1782413208557-5,Shelf 1,,,,,,,,,,,,"1-Butanol, 99%",,,,mL,,2026-06-25T18:46:48.552Z,Physical State: Liquid,,,,,Sample,,,,,
,"1-Butanol, 99%",71-36-3,Main Lab,500,units,,,Sousa RM.A480A EQ034923 Fumehood,Fumehood / Shelf 1,Available,,,,,,,,Daniel Munoz,,,,,,,,,,,,,,,,,dyn-store-1782413208557-6,Fumehood,dyn-shelf-1782413208557-6,Shelf 1,,,,,,,,,,,,"1-Butanol, 99%",,,,mL,,2026-06-25T18:46:48.552Z,Physical State: Liquid,,,,,Sample,,,,,
,"1,10-Phenanthroline, 99%",66-71-7,Main Lab,25,units,,,New Chemical Shelf,Shelf #3,Available,,,,,,,,Daniel Munoz,,,,,,,,,,,,,,,,,dyn-store-1782413208556-2,Chemical Shelfs,dyn-shelf-1782413208557-3,Bottom Shelf,,,,,,,,,,,,"1,10-Phenanthroline, 99%",,,,g,,2026-06-25T18:46:48.552Z,Physical State: Solid,,,,,Sample,,,,,
,"1,2,6-Hexanetriol, 97%",,Main Lab,100,units,,,New Chemical Shelf,Shelf #2,Available,,,,,,,,Daniel Munoz,,,,,,,,,,,,,,,,,dyn-store-1782413208556-2,Chemical Shelfs,dyn-shelf-1782413208556-2,Middle Shelf,,,,,,,,,,,,"1,2,6-Hexanetriol, 97%",,,,g,,2026-06-25T18:46:48.552Z,,,,,,Sample,,,,,
,"1,3-Propanediol, 98%",504-63-2,Main Lab,250,units,,,New Chemical Shelf,Shelf #3,Available,,,,,,,,Daniel Munoz,,,,,,,,,,,,,,,,,dyn-store-1782413208556-2,Chemical Shelfs,dyn-shelf-1782413208557-3,Bottom Shelf,,,,,,,,,,,,"1,3-Propanediol, 98%",,,,mL,,2026-06-25T18:46:48.552Z,Physical State: Liquid,,,,,Sample,,,,,
,"1,4-Butanediol, 99%",110-63-4,Main Lab,1,units,,,New Chemical Shelf,Shelf #2,Available,,,,,,,,Daniel Munoz,,,,,,,,,,,,,,,,,dyn-store-1782413208556-2,Chemical Shelfs,dyn-shelf-1782413208556-2,Middle Shelf,,,,,,,,,,,,"1,4-Butanediol, 99%",,,,L,,2026-06-25T18:46:48.552Z,Physical State: Liquid,,,,,Sample,,,,,
,"1,4-Dioxane, 99%",123-91-1,Main Lab,500,units,,,Flammable Cabinet #1,Flammable Cabinet #1 / Shelf 1,Available,,,,,,,,Daniel Munoz,,,,,,,,,,,,,,,,,dyn-store-1782413208557-5,Flammable Cabinet #1,dyn-shelf-1782413208557-5,Shelf 1,,,,,,,,,,,,"1,4-Dioxane, 99%",,,,mL,,2026-06-25T18:46:48.552Z,Physical State: Liquid,,,,,Sample,,,,,
,"1,6-Hexanediol",629-11-8,Main Lab,1,units,,,New Chemical Shelf,Shelf #2,Available,,,,,,,,Daniel Munoz,,,,,,,,,,,,,,,,,dyn-store-1782413208556-2,Chemical Shelfs,dyn-shelf-1782413208556-2,Middle Shelf,,,,,,,,,,,,"1,6-Hexanediol",,,,kg,,2026-06-25T18:46:48.552Z,Physical State: Solid,,,,,Sample,,,,,
,"1,7-Heptanediol, 95%",629-30-1,Main Lab,10,units,,,New Chemical Shelf,Shelf #2,Available,,,,,,,,Daniel Munoz,,,,,,,,,,,,,,,,,dyn-store-1782413208556-2,Chemical Shelfs,dyn-shelf-1782413208556-2,Middle Shelf,,,,,,,,,,,,"1,7-Heptanediol, 95%",,,,g,,2026-06-25T18:46:48.552Z,Physical State: Solid,,,,,Sample,,,,,
,"1,8-Diaminooctane 98%",373-44-4,Main Lab,25,units,,,New Chemical Shelf,Shelf #2,Available,,,,,,,,Daniel Munoz,,,,,,,,,,,,,,,,,dyn-store-1782413208556-2,Chemical Shelfs,dyn-shelf-1782413208556-2,Middle Shelf,,,,,,,,,,,,"1,8-Diaminooctane 98%",,,,g,,2026-06-25T18:46:48.552Z,Physical State: Solid,,,,,Sample,,,,,
,100% Tacsimate,,Main Lab,200,units,,,New Chemical Shelf,Shelf #3,Available,,,,,,,,Daniel Munoz,,,,,,,,,,,,,,,,,dyn-store-1782413208556-2,Chemical Shelfs,dyn-shelf-1782413208557-3,Bottom Shelf,,,,,,,,,,,,100% Tacsimate,,,,mL,,2026-06-25T18:46:48.552Z,Physical State: liquid,,,,,Sample,,,,,
,100% Tacsimate,,Main Lab,200,units,,,New Chemical Shelf,Shelf #3,Available,,,,,,,,Daniel Munoz,,,,,,,,,,,,,,,,,dyn-store-1782413208556-2,Chemical Shelfs,dyn-shelf-1782413208557-3,Bottom Shelf,,,,,,,,,,,,100% Tacsimate,,,,mL,,2026-06-25T18:46:48.552Z,,,,,,Sample,,,,,
,"2-Amino-2-methyl-1-propanol, 99%",124-68-5,Main Lab,500,units,,,New Chemical Shelf,Shelf #1,Available,,,,,,,,Daniel Munoz,,,,,,,,,,,,,,,,,dyn-store-1782413208556-2,Chemical Shelfs,dyn-shelf-1782413208558-18,Top Shelf,,,,,,,,,,,,"2-Amino-2-methyl-1-propanol, 99%",,,,mL,,2026-06-25T18:46:48.552Z,Physical State: Liquid,,,,,Sample,,,,,
,"2-Methyl-1-propanol, 99.5%",78-83-1,Main Lab,1,units,,,Flammable Cabinet #1,Flammable Cabinet #1 / Shelf 1,Available,,,,,,,,Daniel Munoz,,,,,,,,,,,,,,,,,dyn-store-1782413208557-5,Flammable Cabinet #1,dyn-shelf-1782413208557-5,Shelf 1,,,,,,,,,,,,"2-Methyl-1-propanol, 99.5%",,,,L,,2026-06-25T18:46:48.552Z,Physical State: Liquid,,,,,Sample,,,,,
,"2-Methyl-2,4-pentanediol, 99%",107-41-5,Main Lab,1,units,,,New Chemical Shelf,Shelf #2,Available,,,,,,,,Daniel Munoz,,,,,,,,,,,,,,,,,dyn-store-1782413208556-2,Chemical Shelfs,dyn-shelf-1782413208556-2,Middle Shelf,,,,,,,,,,,,"2-Methyl-2,4-pentanediol, 99%",,,,L,,2026-06-25T18:46:48.552Z,Physical State: Liquid,,,,,Sample,,,,,
,"2-Propanol, 99%",67-63-0,Main Lab,1,units,,,Flammable Cabinet #1,Flammable Cabinet #1 / Shelf 1,Available,,,,,,,,Daniel Munoz,,,,,,,,,,,,,,,,,dyn-store-1782413208557-5,Flammable Cabinet #1,dyn-shelf-1782413208557-5,Shelf 1,,,,,,,,,,,,"2-Propanol, 99%",,,,L,,2026-06-25T18:46:48.552Z,Physical State: Liquid,,,,,Sample,,,,,
,"2-Propanol, 99%",67-63-0,Main Lab,4,units,,,Sousa RM.A480A EQ034923 Fumehood,Fumehood / Shelf 1,Available,,,,,,,,Daniel Munoz,,,,,,,,,,,,,,,,,dyn-store-1782413208557-6,Fumehood,dyn-shelf-1782413208557-6,Shelf 1,,,,,,,,,,,,"2-Propanol, 99%",,,,L,,2026-06-25T18:46:48.552Z,Physical State: Liquid,,,,,Sample,,,,,
,"2,2-Dipyridyl, 99%",366-18-7,Main Lab,25,units,,,New Chemical Shelf,Shelf #2,Available,,,,,,,,Daniel Munoz,,,,,,,,,,,,,,,,,dyn-store-1782413208556-2,Chemical Shelfs,dyn-shelf-1782413208556-2,Middle Shelf,,,,,,,,,,,,"2,2-Dipyridyl, 99%",,,,g,,2026-06-25T18:46:48.552Z,Physical State: Solid,,,,,Sample,,,,,
,"2,3-Butanediol, 98%",513-85-9,Main Lab,100,units,,,New Chemical Shelf,Shelf #2,Available,,,,,,,,Daniel Munoz,,,,,,,,,,,,,,,,,dyn-store-1782413208556-2,Chemical Shelfs,dyn-shelf-1782413208556-2,Middle Shelf,,,,,,,,,,,,"2,3-Butanediol, 98%",,,,mL,,2026-06-25T18:46:48.552Z,Physical State: Liquid,,,,,Sample,,,,,
,"2,6-Dimethylphenol",576-26-1,Main Lab,100,units,,,Flammable Cabinet #1,Flammable Cabinet #1 / Shelf 1,Available,,,,,,,,Daniel Munoz,,,,,,,,,,,,,,,,,dyn-store-1782413208557-5,Flammable Cabinet #1,dyn-shelf-1782413208557-5,Shelf 1,,,,,,,,,,,,"2,6-Dimethylphenol",,,,g,,2026-06-25T18:46:48.552Z,,,,,,Sample,,,,,
,2'-Deoxyadenosine 5'-monophosphate,,Main Lab,100,units,,,Freezer #2,Jar 1,Available,,,,,,,,Daniel Munoz,,,,,,,,,,,,,,,,,dyn-store-1782413208558-31,Freezer #2 - Close to Shakers,dyn-shelf-1782413208558-31,Shelf 1,,,,,,,dyn-box-1782413208558-31,Jar 1,,,,2'-Deoxyadenosine 5'-monophosphate,,,,mg,,2026-06-25T18:46:48.552Z,Physical State: solid,,,,,Sample,,,,,
,2'-Deoxycytidine 5'-monophosphate,,Main Lab,100,units,,,Freezer #2,Jar 1,Available,,,,,,,,Daniel Munoz,,,,,,,,,,,,,,,,,dyn-store-1782413208558-31,Freezer #2 - Close to Shakers,dyn-shelf-1782413208558-31,Shelf 1,,,,,,,dyn-box-1782413208558-31,Jar 1,,,,2'-Deoxycytidine 5'-monophosphate,,,,mg,,2026-06-25T18:46:48.552Z,Physical State: solid,,,,,Sample,,,,,
,2'-Deoxyguanosine 5'-monophosphate,,Main Lab,100,units,,,Freezer #2,Jar 1,Available,,,,,,,,Daniel Munoz,,,,,,,,,,,,,,,,,dyn-store-1782413208558-31,Freezer #2 - Close to Shakers,dyn-shelf-1782413208558-31,Shelf 1,,,,,,,dyn-box-1782413208558-31,Jar 1,,,,2'-Deoxyguanosine 5'-monophosphate,,,,mg,,2026-06-25T18:46:48.552Z,Physical State: solid,,,,,Sample,,,,,
,2'-Deoxyuridine 5'-monophosphate disodium salt,,Main Lab,100,units,,,Freezer #2,Jar 1,Available,,,,,,,,Daniel Munoz,,,,,,,,,,,,,,,,,dyn-store-1782413208558-31,Freezer #2 - Close to Shakers,dyn-shelf-1782413208558-31,Shelf 1,,,,,,,dyn-box-1782413208558-31,Jar 1,,,,2'-Deoxyuridine 5'-monophosphate disodium salt,,,,mg,,2026-06-25T18:46:48.552Z,Physical State: solid,,,,,Sample,,,,,
,"3-(1-Pyridinio)-1-propanesulfonate, 99%",15471-17-7,Main Lab,5,units,,,New Chemical Shelf,Shelf #2,Available,,,,,,,,Daniel Munoz,,,,,,,,,,,,,,,,,dyn-store-1782413208556-2,Chemical Shelfs,dyn-shelf-1782413208556-2,Middle Shelf,,,,,,,,,,,,"3-(1-Pyridinio)-1-propanesulfonate, 99%",,,,g,,2026-06-25T18:46:48.552Z,Physical State: Solid,,,,,Sample,,,,,
,3-Isobutyl-1-methylxanthine (IBMX),28822-58-4,Main Lab,250,units,,,Freezer #2,Jar 2,Available,,,,,,,,Daniel Munoz,,,,,,,,,,,,,,,,,dyn-store-1782413208558-31,Freezer #2 - Close to Shakers,dyn-shelf-1782413208558-31,Shelf 1,,,,,,,dyn-box-1782413208558-36,Jar 2,,,,3-Isobutyl-1-methylxanthine (IBMX),,,,mg,,2026-06-25T18:46:48.552Z,Physical State: Solid,,,,,Sample,,,,,
,3-Isobutyl-1-methylxanthine (IBMX),,Main Lab,1,units,,,Freezer #2,Jar 2,Available,,,,,,,,Daniel Munoz,,,,,,,,,,,,,,,,,dyn-store-1782413208558-31,Freezer #2 - Close to Shakers,dyn-shelf-1782413208558-31,Shelf 1,,,,,,,dyn-box-1782413208558-36,Jar 2,,,,3-Isobutyl-1-methylxanthine (IBMX),,,,g,,2026-06-25T18:46:48.552Z,,,,,,Sample,,,,,
,3:1 Agarose,,Main Lab,25,units,,,New Chemical Shelf,Shelf #1,Available,,,,,,,,Daniel Munoz,,,,,,,,,,,,,,,,,dyn-store-1782413208556-2,Chemical Shelfs,dyn-shelf-1782413208558-18,Top Shelf,,,,,,,,,,,,3:1 Agarose,,,,g,,2026-06-25T18:46:48.552Z,Physical State: Solid,,,,,Sample,,,,,
,4-(2-Hydroxyethyl)-1-Piperazinepropanesulfonic Acid,16052-06-5,Main Lab,50,units,,,New Chemical Shelf,Shelf #2,Available,,,,,,,,Daniel Munoz,,,,,,,,,,,,,,,,,dyn-store-1782413208556-2,Chemical Shelfs,dyn-shelf-1782413208556-2,Middle Shelf,,,,,,,,,,,,4-(2-Hydroxyethyl)-1-Piperazinepropanesulfonic Acid,,,,g,,2026-06-25T18:46:48.552Z,Physical State: Solid,,,,,Sample,,,,,
,4-Iodo-L-phenylalanine,,Main Lab,5,units,,,Freezer #2,Jar 2,Available,,,,,,,,Daniel Munoz,,,,,,,,,,,,,,,,,dyn-store-1782413208558-31,Freezer #2 - Close to Shakers,dyn-shelf-1782413208558-31,Shelf 1,,,,,,,dyn-box-1782413208558-36,Jar 2,,,,4-Iodo-L-phenylalanine,,,,g,,2026-06-25T18:46:48.552Z,Physical State: solid,,,,,Sample,,,,,
,5-dimethylaminonaphthalene-1-sulfonyl aziridine,,Main Lab,100,units,,,Freezer #2,Jar 3,Available,,,,,,,,Daniel Munoz,,,,,,,,,,,,,,,,,dyn-store-1782413208558-31,Freezer #2 - Close to Shakers,dyn-shelf-1782413208558-31,Shelf 1,,,,,,,dyn-box-1782413208559-42,Jar 3,,,,5-dimethylaminonaphthalene-1-sulfonyl aziridine,,,,mg,,2026-06-25T18:46:48.552Z,Physical State: solid,,,,,Sample,,,,,
,50% Jeffamine ED-2001,,Main Lab,200,units,,,New Chemical Shelf,Shelf #2,Available,,,,,,,,Daniel Munoz,,,,,,,,,,,,,,,,,dyn-store-1782413208556-2,Chemical Shelfs,dyn-shelf-1782413208556-2,Middle Shelf,,,,,,,,,,,,50% Jeffamine ED-2001,,,,mL,,2026-06-25T18:46:48.552Z,Physical State: liquid,,,,,Sample,,,,,
,50% v/v Pentaerythritol ethoxylate,,Main Lab,200,units,,,New Chemical Shelf,Shelf #3,Available,,,,,,,,Daniel Munoz,,,,,,,,,,,,,,,,,dyn-store-1782413208556-2,Chemical Shelfs,dyn-shelf-1782413208557-3,Bottom Shelf,,,,,,,,,,,,50% v/v Pentaerythritol ethoxylate,,,,mL,,2026-06-25T18:46:48.552Z,Physical State: liquid,,,,,Sample,,,,,
,50% v/v Pentaerythritol propoxylate,,Main Lab,200,units,,,New Chemical Shelf,Shelf #3,Available,,,,,,,,Daniel Munoz,,,,,,,,,,,,,,,,,dyn-store-1782413208556-2,Chemical Shelfs,dyn-shelf-1782413208557-3,Bottom Shelf,,,,,,,,,,,,50% v/v Pentaerythritol propoxylate,,,,mL,,2026-06-25T18:46:48.552Z,Physical State: liquid,,,,,Sample,,,,,
,50% v/v Polyvinylpyrrolidone K 15,,Main Lab,200,units,,,New Chemical Shelf,Shelf #3,Available,,,,,,,,Daniel Munoz,,,,,,,,,,,,,,,,,dyn-store-1782413208556-2,Chemical Shelfs,dyn-shelf-1782413208557-3,Bottom Shelf,,,,,,,,,,,,50% v/v Polyvinylpyrrolidone K 15,,,,mL,,2026-06-25T18:46:48.552Z,Physical State: liquid,,,,,Sample,,,,,
,"50% w/v Poly(acrylic acid sodium salt) 5,100",,Main Lab,200,units,,,New Chemical Shelf,Shelf #3,Available,,,,,,,,Daniel Munoz,,,,,,,,,,,,,,,,,dyn-store-1782413208556-2,Chemical Shelfs,dyn-shelf-1782413208557-3,Bottom Shelf,,,,,,,,,,,,"50% w/v Poly(acrylic acid sodium salt) 5,100",,,,mL,,2026-06-25T18:46:48.552Z,Physical State: liquid,,,,,Sample,,,,,
,a-Lactalbumin from bovine milk,,Main Lab,100,units,,,Freezer #2,Jar 3,Available,,,,,,,,Daniel Munoz,,,,,,,,,,,,,,,,,dyn-store-1782413208558-31,Freezer #2 - Close to Shakers,dyn-shelf-1782413208558-31,Shelf 1,,,,,,,dyn-box-1782413208559-42,Jar 3,,,,a-Lactalbumin from bovine milk,,,,mg,,2026-06-25T18:46:48.552Z,Physical State: solid,,,,,Sample,,,,,
,"Acenaphthene, 99%",,Main Lab,5,units,,,New Chemical Shelf,Shelf #1,Available,,,,,,,,Daniel Munoz,,,,,,,,,,,,,,,,,dyn-store-1782413208556-2,Chemical Shelfs,dyn-shelf-1782413208558-18,Top Shelf,,,,,,,,,,,,"Acenaphthene, 99%",,,,g,,2026-06-25T18:46:48.552Z,Physical State: Solid,,,,,Sample,,,,,
,"Acetic Acid, 99%",64-19-7,Main Lab,500,units,,,Dessicator Jar #1,Dessicator Jar #1 / Shelf 1,Available,,,,,,,,Daniel Munoz,,,,,,,,,,,,,,,,,dyn-store-1782413208559-53,Dessicator Jar #1,dyn-shelf-1782413208559-53,Shelf 1,,,,,,,,,,,,"Acetic Acid, 99%",,,,g,,2026-06-25T18:46:48.552Z,Physical State: Solid,,,,,Sample,,,,,
,"Acetic Acid, 99%",64-19-7,Main Lab,100,units,,,Sousa RM.A480A EQ034923 Fumehood,Fumehood / Shelf 1,Available,,,,,,,,Daniel Munoz,,,,,,,,,,,,,,,,,dyn-store-1782413208557-6,Fumehood,dyn-shelf-1782413208557-6,Shelf 1,,,,,,,,,,,,"Acetic Acid, 99%",,,,mL,,2026-06-25T18:46:48.552Z,Physical State: Liquid,,,,,Sample,,,,,
,"Acetic Acid, 99%",64-19-7,Main Lab,3,units,,,Sousa RM.A480A EQ034923 Fumehood,Fumehood / Shelf 1,Available,,,,,,,,Daniel Munoz,,,,,,,,,,,,,,,,,dyn-store-1782413208557-6,Fumehood,dyn-shelf-1782413208557-6,Shelf 1,,,,,,,,,,,,"Acetic Acid, 99%",,,,L,,2026-06-25T18:46:48.552Z,Physical State: Liquid,,,,,Sample,,,,,
,"Acetone, 99%",67-64-1,Main Lab,4,units,,,Flammable Cabinet #1,Flammable Cabinet #1 / Shelf 1,Available,,,,,,,,Daniel Munoz,,,,,,,,,,,,,,,,,dyn-store-1782413208557-5,Flammable Cabinet #1,dyn-shelf-1782413208557-5,Shelf 1,,,,,,,,,,,,"Acetone, 99%",,,,L,,2026-06-25T18:46:48.552Z,Physical State: Liquid,,,,,Sample,,,,,
,ACETONITRILE REAG,75-05-8,Main Lab,1,units,,,Flammable Cabinet #1,Batey/Sousa RM.A450 Flammable Cabinet #1 Sousa Shelf,Available,,,,,,,,Daniel Munoz,,,,,,,,,,,,,,,,,dyn-store-1782413208557-5,Flammable Cabinet #1,dyn-shelf-1782413208559-57,Batey/Sousa RM.A450 Flammable Cabinet #1 Sousa Shelf,,,,,,,,,,,,ACETONITRILE REAG,,,,L,,2026-06-25T18:46:48.552Z,,,,,,Sample,,,,,
,"Acetonitrile, 99%",75-05-8,Main Lab,4,units,,,Flammable Cabinet #1,Flammable Cabinet #1 / Shelf 1,Available,,,,,,,,Daniel Munoz,,,,,,,,,,,,,,,,,dyn-store-1782413208557-5,Flammable Cabinet #1,dyn-shelf-1782413208557-5,Shelf 1,,,,,,,,,,,,"Acetonitrile, 99%",,,,L,,2026-06-25T18:46:48.552Z,Physical State: Liquid,,,,,Sample,,,,,
,"Acetonitrile, 99%",75-05-8,Main Lab,1,units,,,Flammable Cabinet #1,Flammable Cabinet #1 / Shelf 1,Available,,,,,,,,Daniel Munoz,,,,,,,,,,,,,,,,,dyn-store-1782413208557-5,Flammable Cabinet #1,dyn-shelf-1782413208557-5,Shelf 1,,,,,,,,,,,,"Acetonitrile, 99%",,,,L,,2026-06-25T18:46:48.552Z,Physical State: Liquid,,,,,Sample,,,,,
,"Acetonitrile, 99%",75-05-8,Main Lab,1,units,,,Flammable Cabinet #1,Flammable Cabinet #1 / Shelf 1,Available,,,,,,,,Daniel Munoz,,,,,,,,,,,,,,,,,dyn-store-1782413208557-5,Flammable Cabinet #1,dyn-shelf-1782413208557-5,Shelf 1,,,,,,,,,,,,"Acetonitrile, 99%",,,,L,,2026-06-25T18:46:48.552Z,Physical State: Liquid,,,,,Sample,,,,,
,Acrylaid cross linker,,Main Lab,250,units,,,New Chemical Shelf,Shelf #1,Available,,,,,,,,Daniel Munoz,,,,,,,,,,,,,,,,,dyn-store-1782413208556-2,Chemical Shelfs,dyn-shelf-1782413208558-18,Top Shelf,,,,,,,,,,,,Acrylaid cross linker,,,,mL,,2026-06-25T18:46:48.552Z,Physical State: Liquid,,,,,Sample,,,,,
,Acrylamide,,Main Lab,1,units,,,Refrigerator #2,Top Rack,Available,,,,,,,,Daniel Munoz,,,,,,,,,,,,,,,,,dyn-store-1782413208559-62,Refrigerator #2,dyn-shelf-1782413208559-62,Shelf 1,dyn-rack-1782413208559-62,Top Rack,,,,,,,,,,Acrylamide,,,,kg,,2026-06-25T18:46:48.552Z,Physical State: Solid,,,,,Sample,,,,,
,ADA Buffer,26239-55-4,Main Lab,50,units,,,New Chemical Shelf,Shelf #1,Available,,,,,,,,Daniel Munoz,,,,,,,,,,,,,,,,,dyn-store-1782413208556-2,Chemical Shelfs,dyn-shelf-1782413208558-18,Top Shelf,,,,,,,,,,,,ADA Buffer,,,,g,,2026-06-25T18:46:48.552Z,Physical State: Solid,,,,,Sample,,,,,
,AG 50W-X8 Resin,69011-20-7,Main Lab,100,units,,,New Chemical Shelf,Shelf #1,Available,,,,,,,,Daniel Munoz,,,,,,,,,,,,,,,,,dyn-store-1782413208556-2,Chemical Shelfs,dyn-shelf-1782413208558-18,Top Shelf,,,,,,,,,,,,AG 50W-X8 Resin,,,,g,,2026-06-25T18:46:48.552Z,Physical State: Solid,,,,,Sample,,,,,
,Agarose,--,Main Lab,50,units,,,New Chemical Shelf,Shelf #1,Available,,,,,,,,Daniel Munoz,,,,,,,,,,,,,,,,,dyn-store-1782413208556-2,Chemical Shelfs,dyn-shelf-1782413208558-18,Top Shelf,,,,,,,,,,,,Agarose,,,,g,,2026-06-25T18:46:48.552Z,Physical State: Solid,,,,,Sample,,,,,
,"Agarose, 99%",9012-36-6,Main Lab,100,units,,,New Chemical Shelf,Shelf #1,Available,,,,,,,,Daniel Munoz,,,,,,,,,,,,,,,,,dyn-store-1782413208556-2,Chemical Shelfs,dyn-shelf-1782413208558-18,Top Shelf,,,,,,,,,,,,"Agarose, 99%",,,,g,,2026-06-25T18:46:48.552Z,Physical State: Solid,,,,,Sample,,,,,
,"Albumin from bovine serum, 99%",9048-46-8,Main Lab,10,units,,,New Chemical Shelf,Shelf #1,Available,,,,,,,,Daniel Munoz,,,,,,,,,,,,,,,,,dyn-store-1782413208556-2,Chemical Shelfs,dyn-shelf-1782413208558-18,Top Shelf,,,,,,,,,,,,"Albumin from bovine serum, 99%",,,,mL,,2026-06-25T18:46:48.552Z,Physical State: Liquid,,,,,Sample,,,,,
,Albumin Standard,,Main Lab,10,units,,,New Chemical Shelf,Shelf #1,Available,,,,,,,,Daniel Munoz,,,,,,,,,,,,,,,,,dyn-store-1782413208556-2,Chemical Shelfs,dyn-shelf-1782413208558-18,Top Shelf,,,,,,,,,,,,Albumin Standard,,,,mL,,2026-06-25T18:46:48.552Z,Physical State: Liquid,,,,,Sample,,,,,
,Albumin Standard,9006-59-1,Main Lab,10,units,,,New Chemical Shelf,Shelf #1,Available,,,,,,,,Daniel Munoz,,,,,,,,,,,,,,,,,dyn-store-1782413208556-2,Chemical Shelfs,dyn-shelf-1782413208558-18,Top Shelf,,,,,,,,,,,,Albumin Standard,,,,mL,,2026-06-25T18:46:48.552Z,Physical State: Liquid,,,,,Sample,,,,,
,Albumin Standard,9006-59-1,Main Lab,10,units,,,New Chemical Shelf,Shelf #1,Available,,,,,,,,Daniel Munoz,,,,,,,,,,,,,,,,,dyn-store-1782413208556-2,Chemical Shelfs,dyn-shelf-1782413208558-18,Top Shelf,,,,,,,,,,,,Albumin Standard,,,,mL,,2026-06-25T18:46:48.552Z,Physical State: Liquid,,,,,Sample,,,,,
,Albumin Standard,9006-59-1,Main Lab,10,units,,,New Chemical Shelf,Shelf #1,Available,,,,,,,,Daniel Munoz,,,,,,,,,,,,,,,,,dyn-store-1782413208556-2,Chemical Shelfs,dyn-shelf-1782413208558-18,Top Shelf,,,,,,,,,,,,Albumin Standard,,,,mL,,2026-06-25T18:46:48.552Z,Physical State: Liquid,,,,,Sample,,,,,
,Albumin Standard,9006-59-1,Main Lab,10,units,,,New Chemical Shelf,Shelf #1,Available,,,,,,,,Daniel Munoz,,,,,,,,,,,,,,,,,dyn-store-1782413208556-2,Chemical Shelfs,dyn-shelf-1782413208558-18,Top Shelf,,,,,,,,,,,,Albumin Standard,,,,mL,,2026-06-25T18:46:48.552Z,Physical State: Liquid,,,,,Sample,,,,,
,Albumin Standard,9006-59-1,Main Lab,10,units,,,New Chemical Shelf,Shelf #1,Available,,,,,,,,Daniel Munoz,,,,,,,,,,,,,,,,,dyn-store-1782413208556-2,Chemical Shelfs,dyn-shelf-1782413208558-18,Top Shelf,,,,,,,,,,,,Albumin Standard,,,,mL,,2026-06-25T18:46:48.552Z,Physical State: Liquid,,,,,Sample,,,,,
,Albumin Standard,9006-59-1,Main Lab,10,units,,,New Chemical Shelf,Shelf #1,Available,,,,,,,,Daniel Munoz,,,,,,,,,,,,,,,,,dyn-store-1782413208556-2,Chemical Shelfs,dyn-shelf-1782413208558-18,Top Shelf,,,,,,,,,,,,Albumin Standard,,,,mL,,2026-06-25T18:46:48.552Z,Physical State: Liquid,,,,,Sample,,,,,
,Alcohol Dehydrogenase,,Main Lab,25,units,,,Freezer #2,Jar 1,Available,,,,,,,,Daniel Munoz,,,,,,,,,,,,,,,,,dyn-store-1782413208558-31,Freezer #2 - Close to Shakers,dyn-shelf-1782413208558-31,Shelf 1,,,,,,,dyn-box-1782413208558-31,Jar 1,,,,Alcohol Dehydrogenase,,,,mg,,2026-06-25T18:46:48.552Z,Physical State: solid,,,,,Sample,,,,,
,"Alpha Lactose Monohydrate, 99%",,Main Lab,1,units,,,New Chemical Shelf,Shelf #2,Available,,,,,,,,Daniel Munoz,,,,,,,,,,,,,,,,,dyn-store-1782413208556-2,Chemical Shelfs,dyn-shelf-1782413208556-2,Middle Shelf,,,,,,,,,,,,"Alpha Lactose Monohydrate, 99%",,,,kg,,2026-06-25T18:46:48.552Z,,,,,,Sample,,,,,
,"Aluminum chloride, 99%",,Main Lab,5,units,,,New Chemical Shelf,Shelf #1,Available,,,,,,,,Daniel Munoz,,,,,,,,,,,,,,,,,dyn-store-1782413208556-2,Chemical Shelfs,dyn-shelf-1782413208558-18,Top Shelf,,,,,,,,,,,,"Aluminum chloride, 99%",,,,g,,2026-06-25T18:46:48.552Z,Physical State: Solid,,,,,Sample,,,,,
,"Ammonium acetate, 97%",631-61-8,Main Lab,250,units,,,New Chemical Shelf,Shelf #1,Available,,,,,,,,Daniel Munoz,,,,,,,,,,,,,,,,,dyn-store-1782413208556-2,Chemical Shelfs,dyn-shelf-1782413208558-18,Top Shelf,,,,,,,,,,,,"Ammonium acetate, 97%",,,,g,,2026-06-25T18:46:48.552Z,Physical State: Solid,,,,,Sample,,,,,
,"Ammonium bicarbonate, 99%",1066-33-7,Main Lab,1,units,,,New Chemical Shelf,Shelf #1,Available,,,,,,,,Daniel Munoz,,,,,,,,,,,,,,,,,dyn-store-1782413208556-2,Chemical Shelfs,dyn-shelf-1782413208558-18,Top Shelf,,,,,,,,,,,,"Ammonium bicarbonate, 99%",,,,kg,,2026-06-25T18:46:48.552Z,Physical State: Solid,,,,,Sample,,,,,
,"Ammonium bromide, 99%",12124-97-9,Main Lab,250,units,,,New Chemical Shelf,Shelf #1,Available,,,,,,,,Daniel Munoz,,,,,,,,,,,,,,,,,dyn-store-1782413208556-2,Chemical Shelfs,dyn-shelf-1782413208558-18,Top Shelf,,,,,,,,,,,,"Ammonium bromide, 99%",,,,g,,2026-06-25T18:46:48.552Z,Physical State: Solid,,,,,Sample,,,,,
,"Ammonium chloride, 99%",12125-02-9,Main Lab,500,units,,,New Chemical Shelf,Shelf #1,Available,,,,,,,,Daniel Munoz,,,,,,,,,,,,,,,,,dyn-store-1782413208556-2,Chemical Shelfs,dyn-shelf-1782413208558-18,Top Shelf,,,,,,,,,,,,"Ammonium chloride, 99%",,,,g,,2026-06-25T18:46:48.552Z,Physical State: Solid,,,,,Sample,,,,,
,"Ammonium citrate dibasic, 98%",3012-65-5,Main Lab,100,units,,,New Chemical Shelf,Shelf #1,Available,,,,,,,,Daniel Munoz,,,,,,,,,,,,,,,,,dyn-store-1782413208556-2,Chemical Shelfs,dyn-shelf-1782413208558-18,Top Shelf,,,,,,,,,,,,"Ammonium citrate dibasic, 98%",,,,g,,2026-06-25T18:46:48.552Z,Physical State: Solid,,,,,Sample,,,,,
,"Ammonium citrate tribasic, 99%",3458-72-8,Main Lab,100,units,,,New Chemical Shelf,Shelf #1,Available,,,,,,,,Daniel Munoz,,,,,,,,,,,,,,,,,dyn-store-1782413208556-2,Chemical Shelfs,dyn-shelf-1782413208558-18,Top Shelf,,,,,,,,,,,,"Ammonium citrate tribasic, 99%",,,,g,,2026-06-25T18:46:48.552Z,Physical State: Solid,,,,,Sample,,,,,
,"Ammonium dihydrogen phosphate, 99%",7722-76-1,Main Lab,500,units,,,New Chemical Shelf,Shelf #1,Available,,,,,,,,Daniel Munoz,,,,,,,,,,,,,,,,,dyn-store-1782413208556-2,Chemical Shelfs,dyn-shelf-1782413208558-18,Top Shelf,,,,,,,,,,,,"Ammonium dihydrogen phosphate, 99%",,,,g,,2026-06-25T18:46:48.552Z,Physical State: Solid,,,,,Sample,,,,,
,"Ammonium fluoride, 98%",12125-01-8,Main Lab,100,units,,,New Chemical Shelf,Shelf #1,Available,,,,,,,,Daniel Munoz,,,,,,,,,,,,,,,,,dyn-store-1782413208556-2,Chemical Shelfs,dyn-shelf-1782413208558-18,Top Shelf,,,,,,,,,,,,"Ammonium fluoride, 98%",,,,g,,2026-06-25T18:46:48.552Z,Physical State: Solid,,,,,Sample,,,,,
,"Ammonium formate, 99%",540-69-2,Main Lab,50,units,,,New Chemical Shelf,Shelf #1,Available,,,,,,,,Daniel Munoz,,,,,,,,,,,,,,,,,dyn-store-1782413208556-2,Chemical Shelfs,dyn-shelf-1782413208558-18,Top Shelf,,,,,,,,,,,,"Ammonium formate, 99%",,,,g,,2026-06-25T18:46:48.552Z,Physical State: Solid,,,,,Sample,,,,,
,"Ammonium iodide puriss, 99%",12027-06-4,Main Lab,100,units,,,New Chemical Shelf,Shelf #1,Available,,,,,,,,Daniel Munoz,,,,,,,,,,,,,,,,,dyn-store-1782413208556-2,Chemical Shelfs,dyn-shelf-1782413208558-18,Top Shelf,,,,,,,,,,,,"Ammonium iodide puriss, 99%",,,,g,,2026-06-25T18:46:48.552Z,Physical State: Solid,,,,,Sample,,,,,
,"Ammonium iodide, 99%",12027-06-4,Main Lab,100,units,,,New Chemical Shelf,Shelf #1,Available,,,,,,,,Daniel Munoz,,,,,,,,,,,,,,,,,dyn-store-1782413208556-2,Chemical Shelfs,dyn-shelf-1782413208558-18,Top Shelf,,,,,,,,,,,,"Ammonium iodide, 99%",,,,g,,2026-06-25T18:46:48.552Z,Physical State: Solid,,,,,Sample,,,,,
,"Ammonium iron (II) sulfte hexahydrate, 99%",7783-85-9,Main Lab,500,units,,,New Chemical Shelf,Shelf #1,Available,,,,,,,,Daniel Munoz,,,,,,,,,,,,,,,,,dyn-store-1782413208556-2,Chemical Shelfs,dyn-shelf-1782413208558-18,Top Shelf,,,,,,,,,,,,"Ammonium iron (II) sulfte hexahydrate, 99%",,,,g,,2026-06-25T18:46:48.552Z,Physical State: Solid,,,,,Sample,,,,,
,"Ammonium nitrate, 99%",6484-52-2,Main Lab,500,units,,,New Chemical Shelf,Shelf #1,Available,,,,,,,,Daniel Munoz,,,,,,,,,,,,,,,,,dyn-store-1782413208556-2,Chemical Shelfs,dyn-shelf-1782413208558-18,Top Shelf,,,,,,,,,,,,"Ammonium nitrate, 99%",,,,g,,2026-06-25T18:46:48.552Z,Physical State: Solid,,,,,Sample,,,,,
,"Ammonium Persulfate, 99%",7727-54-0,Main Lab,100,units,,,New Chemical Shelf,Shelf #1,Available,,,,,,,,Daniel Munoz,,,,,,,,,,,,,,,,,dyn-store-1782413208556-2,Chemical Shelfs,dyn-shelf-1782413208558-18,Top Shelf,,,,,,,,,,,,"Ammonium Persulfate, 99%",,,,g,,2026-06-25T18:46:48.552Z,Physical State: Solid,,,,,Sample,,,,,
,"Ammonium phosphate monobasic, 99%",7722-76-1,Main Lab,500,units,,,New Chemical Shelf,Shelf #1,Available,,,,,,,,Daniel Munoz,,,,,,,,,,,,,,,,,dyn-store-1782413208556-2,Chemical Shelfs,dyn-shelf-1782413208558-18,Top Shelf,,,,,,,,,,,,"Ammonium phosphate monobasic, 99%",,,,g,,2026-06-25T18:46:48.552Z,Physical State: Solid,,,,,Sample,,,,,
,"Ammonium sulfate, granular,  99%",,Main Lab,500,units,,,New Chemical Shelf,Shelf #1,Available,,,,,,,,Daniel Munoz,,,,,,,,,,,,,,,,,dyn-store-1782413208556-2,Chemical Shelfs,dyn-shelf-1782413208558-18,Top Shelf,,,,,,,,,,,,"Ammonium sulfate, granular,  99%",,,,g,,2026-06-25T18:46:48.552Z,Physical State: Solid,,,,,Sample,,,,,
,"Ammonium-15N chloride, 99%",39466-62-1,Main Lab,10,units,,,New Chemical Shelf,Shelf #1,Available,,,,,,,,Daniel Munoz,,,,,,,,,,,,,,,,,dyn-store-1782413208556-2,Chemical Shelfs,dyn-shelf-1782413208558-18,Top Shelf,,,,,,,,,,,,"Ammonium-15N chloride, 99%",,,,g,,2026-06-25T18:46:48.552Z,Physical State: Solid,,,,,Sample,,,,,
,"Ammonium-15N2 sulfate, 99%",43086-58-4,Main Lab,10,units,,,New Chemical Shelf,Shelf #1,Available,,,,,,,,Daniel Munoz,,,,,,,,,,,,,,,,,dyn-store-1782413208556-2,Chemical Shelfs,dyn-shelf-1782413208558-18,Top Shelf,,,,,,,,,,,,"Ammonium-15N2 sulfate, 99%",,,,g,,2026-06-25T18:46:48.552Z,Physical State: Solid,,,,,Sample,,,,,
,Ampicillin,69-53-4,Main Lab,300,units,,,Freezer #2,Jar 3,Available,,,,,,,,Daniel Munoz,,,,,,,,,,,,,,,,,dyn-store-1782413208558-31,Freezer #2 - Close to Shakers,dyn-shelf-1782413208558-31,Shelf 1,,,,,,,dyn-box-1782413208559-42,Jar 3,,,,Ampicillin,,,,mg,,2026-06-25T18:46:48.552Z,Physical State: Solid,,,,,Sample,,,,,
,Anhydrotetracycline hydrochloride certified refere,13803-65-1,Main Lab,100,units,,,Dessicator Jar #1,Dessicator Jar #1 / Shelf 1,Available,,,,,,,,Daniel Munoz,,,,,,,,,,,,,,,,,dyn-store-1782413208559-53,Dessicator Jar #1,dyn-shelf-1782413208559-53,Shelf 1,,,,,,,,,,,,Anhydrotetracycline hydrochloride certified refere,,,,mg,,2026-06-25T18:46:48.552Z,Physical State: Solid,,,,,Sample,,,,,
,"Aniline, ACS reagent",62-53-3,Main Lab,100,units,,,New Chemical Shelf,Shelf #1,Available,,,,,,,,Daniel Munoz,,,,,,,,,,,,,,,,,dyn-store-1782413208556-2,Chemical Shelfs,dyn-shelf-1782413208558-18,Top Shelf,,,,,,,,,,,,"Aniline, ACS reagent",,,,mL,,2026-06-25T18:46:48.552Z,,,,,,Sample,,,,,
,"Anthranilic acid, 99%",,Main Lab,1,units,,,New Chemical Shelf,Shelf #1,Available,,,,,,,,Daniel Munoz,,,,,,,,,,,,,,,,,dyn-store-1782413208556-2,Chemical Shelfs,dyn-shelf-1782413208558-18,Top Shelf,,,,,,,,,,,,"Anthranilic acid, 99%",,,,g,,2026-06-25T18:46:48.552Z,Physical State: Solid,,,,,Sample,,,,,
,b-Amylase from sweet potato,,Main Lab,15,units,,,Freezer #2,Jar 1,Available,,,,,,,,Daniel Munoz,,,,,,,,,,,,,,,,,dyn-store-1782413208558-31,Freezer #2 - Close to Shakers,dyn-shelf-1782413208558-31,Shelf 1,,,,,,,dyn-box-1782413208558-31,Jar 1,,,,b-Amylase from sweet potato,,,,mg,,2026-06-25T18:46:48.552Z,Physical State: solid,,,,,Sample,,,,,
,"B-Nicotinamide adenine dinucleotide, reduced disodium salt",606-68-8,Main Lab,1,units,,,Freezer #2,Jar 4,Available,,,,,,,,Daniel Munoz,,,,,,,,,,,,,,,,,dyn-store-1782413208558-31,Freezer #2 - Close to Shakers,dyn-shelf-1782413208558-31,Shelf 1,,,,,,,dyn-box-1782413208562-109,Jar 4,,,,"B-Nicotinamide adenine dinucleotide, reduced disodium salt",,,,g,,2026-06-25T18:46:48.552Z,,,,,,Sample,,,,,
,Badan (6-Bromoacetyl-2-Dimethylaminonaphthalene),,Main Lab,10,units,,,Freezer #2,Jar 2,Available,,,,,,,,Daniel Munoz,,,,,,,,,,,,,,,,,dyn-store-1782413208558-31,Freezer #2 - Close to Shakers,dyn-shelf-1782413208558-31,Shelf 1,,,,,,,dyn-box-1782413208558-36,Jar 2,,,,Badan (6-Bromoacetyl-2-Dimethylaminonaphthalene),,,,mg,,2026-06-25T18:46:48.552Z,,,,,,Sample,,,,,
,benzophenone-4-maleimide,,Main Lab,100,units,,,Freezer #2,Jar 3,Available,,,,,,,,Daniel Munoz,,,,,,,,,,,,,,,,,dyn-store-1782413208558-31,Freezer #2 - Close to Shakers,dyn-shelf-1782413208558-31,Shelf 1,,,,,,,dyn-box-1782413208559-42,Jar 3,,,,benzophenone-4-maleimide,,,,mg,,2026-06-25T18:46:48.552Z,Physical State: solid,,,,,Sample,,,,,
,"Benzophenone, 99%",119-61-9,Main Lab,25,units,,,New Chemical Shelf,Shelf #2,Available,,,,,,,,Daniel Munoz,,,,,,,,,,,,,,,,,dyn-store-1782413208556-2,Chemical Shelfs,dyn-shelf-1782413208556-2,Middle Shelf,,,,,,,,,,,,"Benzophenone, 99%",,,,g,,2026-06-25T18:46:48.552Z,Physical State: Solid,,,,,Sample,,,,,
,Beta-Glycerophosphate,,Main Lab,45,units,,,New Chemical Shelf,Shelf #2,Available,,,,,,,,Daniel Munoz,,,,,,,,,,,,,,,,,dyn-store-1782413208556-2,Chemical Shelfs,dyn-shelf-1782413208556-2,Middle Shelf,,,,,,,,,,,,Beta-Glycerophosphate,,,,mL,,2026-06-25T18:46:48.552Z,,,,,,Sample,,,,,
,"Betaine, 99%",107-43-7,Main Lab,1,units,,,New Chemical Shelf,Shelf #1,Available,,,,,,,,Daniel Munoz,,,,,,,,,,,,,,,,,dyn-store-1782413208556-2,Chemical Shelfs,dyn-shelf-1782413208558-18,Top Shelf,,,,,,,,,,,,"Betaine, 99%",,,,kg,,2026-06-25T18:46:48.552Z,Physical State: Solid,,,,,Sample,,,,,
,Bicinchoninic acid disodium salt hydrate,979884,Main Lab,5,units,,,New Chemical Shelf,Shelf #2,Available,,,,,,,,Daniel Munoz,,,,,,,,,,,,,,,,,dyn-store-1782413208556-2,Chemical Shelfs,dyn-shelf-1782413208556-2,Middle Shelf,,,,,,,,,,,,Bicinchoninic acid disodium salt hydrate,,,,g,,2026-06-25T18:46:48.552Z,Physical State: Solid,,,,,Sample,,,,,
,BICINE >=99.5% (titration),150-25-4,Main Lab,100,units,,,New Chemical Shelf,Shelf #2,Available,,,,,,,,Daniel Munoz,,,,,,,,,,,,,,,,,dyn-store-1782413208556-2,Chemical Shelfs,dyn-shelf-1782413208556-2,Middle Shelf,,,,,,,,,,,,BICINE >=99.5% (titration),,,,g,,2026-06-25T18:46:48.552Z,Physical State: Solid,,,,,Sample,,,,,
,"Bio-Beads SM-2, Poly(styrene-co-divinylbenzene) 99% styrene - 1% D",9003-70-7,Main Lab,100,units,,,New Chemical Shelf,Shelf #2,Available,,,,,,,,Daniel Munoz,,,,,,,,,,,,,,,,,dyn-store-1782413208556-2,Chemical Shelfs,dyn-shelf-1782413208556-2,Middle Shelf,,,,,,,,,,,,"Bio-Beads SM-2, Poly(styrene-co-divinylbenzene) 99% styrene - 1% D",,,,g,,2026-06-25T18:46:48.552Z,Physical State: Solid,,,,,Sample,,,,,
,"BIS-TRIS propane, >=99.0% (titration)",64431-96-5,Main Lab,150,units,,,New Chemical Shelf,Shelf #2,Available,,,,,,,,Daniel Munoz,,,,,,,,,,,,,,,,,dyn-store-1782413208556-2,Chemical Shelfs,dyn-shelf-1782413208556-2,Middle Shelf,,,,,,,,,,,,"BIS-TRIS propane, >=99.0% (titration)",,,,g,,2026-06-25T18:46:48.552Z,Physical State: Solid,,,,,Sample,,,,,
,"BIS-TRIS, 99%",6976-37-0,Main Lab,100,units,,,New Chemical Shelf,Shelf #2,Available,,,,,,,,Daniel Munoz,,,,,,,,,,,,,,,,,dyn-store-1782413208556-2,Chemical Shelfs,dyn-shelf-1782413208556-2,Middle Shelf,,,,,,,,,,,,"BIS-TRIS, 99%",,,,g,,2026-06-25T18:46:48.552Z,Physical State: Solid,,,,,Sample,,,,,
,Blocking Reagent,,Main Lab,5,units,,,New Chemical Shelf,Shelf #1,Available,,,,,,,,Daniel Munoz,,,,,,,,,,,,,,,,,dyn-store-1782413208556-2,Chemical Shelfs,dyn-shelf-1782413208558-18,Top Shelf,,,,,,,,,,,,Blocking Reagent,,,,g,,2026-06-25T18:46:48.552Z,Physical State: Solid,,,,,Sample,,,,,
,Blocking reagent,,Main Lab,5,units,,,New Chemical Shelf,Shelf #2,Available,,,,,,,,Daniel Munoz,,,,,,,,,,,,,,,,,dyn-store-1782413208556-2,Chemical Shelfs,dyn-shelf-1782413208556-2,Middle Shelf,,,,,,,,,,,,Blocking reagent,,,,g,,2026-06-25T18:46:48.552Z,Physical State: Solid,,,,,Sample,,,,,
,"Blocking reagent buffer, 10x",,Main Lab,55,units,,,New Chemical Shelf,Shelf #2,Available,,,,,,,,Daniel Munoz,,,,,,,,,,,,,,,,,dyn-store-1782413208556-2,Chemical Shelfs,dyn-shelf-1782413208556-2,Middle Shelf,,,,,,,,,,,,"Blocking reagent buffer, 10x",,,,mL,,2026-06-25T18:46:48.552Z,Physical State: Liquid,,,,,Sample,,,,,
,"Blocking reagent buffer, 10x",,Main Lab,55,units,,,New Chemical Shelf,Shelf #1,Available,,,,,,,,Daniel Munoz,,,,,,,,,,,,,,,,,dyn-store-1782413208556-2,Chemical Shelfs,dyn-shelf-1782413208558-18,Top Shelf,,,,,,,,,,,,"Blocking reagent buffer, 10x",,,,mL,,2026-06-25T18:46:48.552Z,Physical State: Liquid,,,,,Sample,,,,,
,"Blocking reagent buffer, 10x",,Main Lab,55,units,,,New Chemical Shelf,Shelf #1,Available,,,,,,,,Daniel Munoz,,,,,,,,,,,,,,,,,dyn-store-1782413208556-2,Chemical Shelfs,dyn-shelf-1782413208558-18,Top Shelf,,,,,,,,,,,,"Blocking reagent buffer, 10x",,,,mL,,2026-06-25T18:46:48.552Z,Physical State: Liquid,,,,,Sample,,,,,
,"Boric acid, 99%",10043-35-3,Main Lab,1,units,,,New Chemical Shelf,Shelf #1,Available,,,,,,,,Daniel Munoz,,,,,,,,,,,,,,,,,dyn-store-1782413208556-2,Chemical Shelfs,dyn-shelf-1782413208558-18,Top Shelf,,,,,,,,,,,,"Boric acid, 99%",,,,kg,,2026-06-25T18:46:48.552Z,Physical State: Solid,,,,,Sample,,,,,
,"Bovine Serum Albumin Solution, 20mg/mL",,Main Lab,20,units,,,Freezer #2,Jar 2,Available,,,,,,,,Daniel Munoz,,,,,,,,,,,,,,,,,dyn-store-1782413208558-31,Freezer #2 - Close to Shakers,dyn-shelf-1782413208558-31,Shelf 1,,,,,,,dyn-box-1782413208558-36,Jar 2,,,,"Bovine Serum Albumin Solution, 20mg/mL",,,,mg,,2026-06-25T18:46:48.552Z,Physical State: solid,,,,,Sample,,,,,
,"Brilliant Blue G 250, 99%",6104-58-1,Main Lab,250,units,,,New Chemical Shelf,Shelf #2,Available,,,,,,,,Daniel Munoz,,,,,,,,,,,,,,,,,dyn-store-1782413208556-2,Chemical Shelfs,dyn-shelf-1782413208556-2,Middle Shelf,,,,,,,,,,,,"Brilliant Blue G 250, 99%",,,,g,,2026-06-25T18:46:48.552Z,Physical State: Solid,,,,,Sample,,,,,
,"Brilliant Blue R 250, 99%",6104-59-2,Main Lab,25,units,,,New Chemical Shelf,Shelf #2,Available,,,,,,,,Daniel Munoz,,,,,,,,,,,,,,,,,dyn-store-1782413208556-2,Chemical Shelfs,dyn-shelf-1782413208556-2,Middle Shelf,,,,,,,,,,,,"Brilliant Blue R 250, 99%",,,,g,,2026-06-25T18:46:48.552Z,Physical State: Solid,,,,,Sample,,,,,
,"Brilliant Blue R 250, 99%",,Main Lab,50,units,,,New Chemical Shelf,Shelf #2,Available,,,,,,,,Daniel Munoz,,,,,,,,,,,,,,,,,dyn-store-1782413208556-2,Chemical Shelfs,dyn-shelf-1782413208556-2,Middle Shelf,,,,,,,,,,,,"Brilliant Blue R 250, 99%",,,,g,,2026-06-25T18:46:48.552Z,,,,,,Sample,,,,,
,"Bromophenol Blue, 99%",115-39-9,Main Lab,25,units,,,New Chemical Shelf,Shelf #2,Available,,,,,,,,Daniel Munoz,,,,,,,,,,,,,,,,,dyn-store-1782413208556-2,Chemical Shelfs,dyn-shelf-1782413208556-2,Middle Shelf,,,,,,,,,,,,"Bromophenol Blue, 99%",,,,g,,2026-06-25T18:46:48.552Z,Physical State: Solid,,,,,Sample,,,,,
,"BT Chelex 100 RESIN, iron form",68954-42-7,Main Lab,100,units,,,New Chemical Shelf,Shelf #2,Available,,,,,,,,Daniel Munoz,,,,,,,,,,,,,,,,,dyn-store-1782413208556-2,Chemical Shelfs,dyn-shelf-1782413208556-2,Middle Shelf,,,,,,,,,,,,"BT Chelex 100 RESIN, iron form",,,,g,,2026-06-25T18:46:48.552Z,Physical State: Solid,,,,,Sample,,,,,
,Bugbuster 10X Protein extraction reagent,,Main Lab,50,units,,,New Chemical Shelf,Shelf #2,Available,,,,,,,,Daniel Munoz,,,,,,,,,,,,,,,,,dyn-store-1782413208556-2,Chemical Shelfs,dyn-shelf-1782413208556-2,Middle Shelf,,,,,,,,,,,,Bugbuster 10X Protein extraction reagent,,,,mL,,2026-06-25T18:46:48.552Z,Physical State: Liquid,,,,,Sample,,,,,
,BugBuster Protein extraction Reagent,,Main Lab,100,units,,,New Chemical Shelf,Shelf #2,Available,,,,,,,,Daniel Munoz,,,,,,,,,,,,,,,,,dyn-store-1782413208556-2,Chemical Shelfs,dyn-shelf-1782413208556-2,Middle Shelf,,,,,,,,,,,,BugBuster Protein extraction Reagent,,,,mL,,2026-06-25T18:46:48.552Z,,,,,,Sample,,,,,
,"Cacodylic acid, 98%",75-60-5,Main Lab,50,units,,,Dessicator Jar #1,Dessicator Jar #1 / Shelf 1,Available,,,,,,,,Daniel Munoz,,,,,,,,,,,,,,,,,dyn-store-1782413208559-53,Dessicator Jar #1,dyn-shelf-1782413208559-53,Shelf 1,,,,,,,,,,,,"Cacodylic acid, 98%",,,,g,,2026-06-25T18:46:48.552Z,Physical State: Solid,,,,,Sample,,,,,
,"Cadmium chloride anhydrous, 99%",10108-64-2,Main Lab,100,units,,,New Chemical Shelf,Shelf #2,Available,,,,,,,,Daniel Munoz,,,,,,,,,,,,,,,,,dyn-store-1782413208556-2,Chemical Shelfs,dyn-shelf-1782413208556-2,Middle Shelf,,,,,,,,,,,,"Cadmium chloride anhydrous, 99%",,,,g,,2026-06-25T18:46:48.552Z,Physical State: Solid,,,,,Sample,,,,,
,Cadmium sulfate Hydrate,7790-84-3,Main Lab,100,units,,,New Chemical Shelf,Shelf #2,Available,,,,,,,,Daniel Munoz,,,,,,,,,,,,,,,,,dyn-store-1782413208556-2,Chemical Shelfs,dyn-shelf-1782413208556-2,Middle Shelf,,,,,,,,,,,,Cadmium sulfate Hydrate,,,,g,,2026-06-25T18:46:48.552Z,Physical State: Solid,,,,,Sample,,,,,
,Calcium acetate Hydrate,62-54-4,Main Lab,250,units,,,New Chemical Shelf,Shelf #2,Available,,,,,,,,Daniel Munoz,,,,,,,,,,,,,,,,,dyn-store-1782413208556-2,Chemical Shelfs,dyn-shelf-1782413208556-2,Middle Shelf,,,,,,,,,,,,Calcium acetate Hydrate,,,,g,,2026-06-25T18:46:48.552Z,Physical State: Solid,,,,,Sample,,,,,
,"Calcium carbonate, 99%",471-34-1,Main Lab,100,units,,,New Chemical Shelf,Shelf #2,Available,,,,,,,,Daniel Munoz,,,,,,,,,,,,,,,,,dyn-store-1782413208556-2,Chemical Shelfs,dyn-shelf-1782413208556-2,Middle Shelf,,,,,,,,,,,,"Calcium carbonate, 99%",,,,g,,2026-06-25T18:46:48.552Z,Physical State: Solid,,,,,Sample,,,,,
,"Calcium Chloride, 99%",10043-52-4,Main Lab,100,units,,,New Chemical Shelf,Shelf #2,Available,,,,,,,,Daniel Munoz,,,,,,,,,,,,,,,,,dyn-store-1782413208556-2,Chemical Shelfs,dyn-shelf-1782413208556-2,Middle Shelf,,,,,,,,,,,,"Calcium Chloride, 99%",,,,g,,2026-06-25T18:46:48.552Z,Physical State: Solid,,,,,Sample,,,,,
,CAPS,1135-40-6,Main Lab,100,units,,,New Chemical Shelf,Shelf #2,Available,,,,,,,,Daniel Munoz,,,,,,,,,,,,,,,,,dyn-store-1782413208556-2,Chemical Shelfs,dyn-shelf-1782413208556-2,Middle Shelf,,,,,,,,,,,,CAPS,,,,g,,2026-06-25T18:46:48.552Z,Physical State: Solid,,,,,Sample,,,,,
,Carboxypeptidase Y,,Main Lab,1,units,,,Freezer #2,Jar 3,Available,,,,,,,,Daniel Munoz,,,,,,,,,,,,,,,,,dyn-store-1782413208558-31,Freezer #2 - Close to Shakers,dyn-shelf-1782413208558-31,Shelf 1,,,,,,,dyn-box-1782413208559-42,Jar 3,,,,Carboxypeptidase Y,,,,mg,,2026-06-25T18:46:48.552Z,,,,,,Sample,,,,,
,Carboxypeptidase Y,,Main Lab,1,units,,,Freezer #2,Jar 3,Available,,,,,,,,Daniel Munoz,,,,,,,,,,,,,,,,,dyn-store-1782413208558-31,Freezer #2 - Close to Shakers,dyn-shelf-1782413208558-31,Shelf 1,,,,,,,dyn-box-1782413208559-42,Jar 3,,,,Carboxypeptidase Y,,,,mg,,2026-06-25T18:46:48.552Z,,,,,,Sample,,,,,
,Casein Powder,,Main Lab,40,units,,,New Chemical Shelf,Shelf #2,Available,,,,,,,,Daniel Munoz,,,,,,,,,,,,,,,,,dyn-store-1782413208556-2,Chemical Shelfs,dyn-shelf-1782413208556-2,Middle Shelf,,,,,,,,,,,,Casein Powder,,,,mL,,2026-06-25T18:46:48.552Z,,,,,,Sample,,,,,
,Catalase from bovine liver,2001-05-02,Main Lab,100,units,,,Freezer #2,Jar 3,Available,,,,,,,,Daniel Munoz,,,,,,,,,,,,,,,,,dyn-store-1782413208558-31,Freezer #2 - Close to Shakers,dyn-shelf-1782413208558-31,Shelf 1,,,,,,,dyn-box-1782413208559-42,Jar 3,,,,Catalase from bovine liver,,,,mg,,2026-06-25T18:46:48.552Z,,,,,,Sample,,,,,
,Cellfectin Reagent (1mg/mL),,Main Lab,1,units,,,Freezer #2,Tray 1,Available,,,,,,,,Daniel Munoz,,,,,,,,,,,,,,,,,dyn-store-1782413208558-31,Freezer #2 - Close to Shakers,dyn-shelf-1782413208558-31,Shelf 1,,,,,,,dyn-box-1782413208564-159,Tray 1,,,,Cellfectin Reagent (1mg/mL),,,,mL,,2026-06-25T18:46:48.552Z,,,,,,Sample,,,,,
,Cellulose Phosphate,9015-14-9,Main Lab,500,units,,,New Chemical Shelf,Shelf #2,Available,,,,,,,,Daniel Munoz,,,,,,,,,,,,,,,,,dyn-store-1782413208556-2,Chemical Shelfs,dyn-shelf-1782413208556-2,Middle Shelf,,,,,,,,,,,,Cellulose Phosphate,,,,g,,2026-06-25T18:46:48.552Z,Physical State: Solid,,,,,Sample,,,,,
,"Cesium chloride, 99%",7647-17-8,Main Lab,50,units,,,New Chemical Shelf,Shelf #2,Available,,,,,,,,Daniel Munoz,,,,,,,,,,,,,,,,,dyn-store-1782413208556-2,Chemical Shelfs,dyn-shelf-1782413208556-2,Middle Shelf,,,,,,,,,,,,"Cesium chloride, 99%",,,,g,,2026-06-25T18:46:48.552Z,Physical State: Solid,,,,,Sample,,,,,
,"Cesium chloride, 99%",7647-17-8,Main Lab,50,units,,,New Chemical Shelf,Shelf #2,Available,,,,,,,,Daniel Munoz,,,,,,,,,,,,,,,,,dyn-store-1782413208556-2,Chemical Shelfs,dyn-shelf-1782413208556-2,Middle Shelf,,,,,,,,,,,,"Cesium chloride, 99%",,,,g,,2026-06-25T18:46:48.552Z,Physical State: Solid,,,,,Sample,,,,,
,"CHAPS, 99%",75621-03-3,Main Lab,100,units,,,New Chemical Shelf,Shelf #2,Available,,,,,,,,Daniel Munoz,,,,,,,,,,,,,,,,,dyn-store-1782413208556-2,Chemical Shelfs,dyn-shelf-1782413208556-2,Middle Shelf,,,,,,,,,,,,"CHAPS, 99%",,,,g,,2026-06-25T18:46:48.552Z,Physical State: Solid,,,,,Sample,,,,,
,"CHES SigmaUltra, >=99.5% (titration)",103-47-9,Main Lab,100,units,,,New Chemical Shelf,Shelf #2,Available,,,,,,,,Daniel Munoz,,,,,,,,,,,,,,,,,dyn-store-1782413208556-2,Chemical Shelfs,dyn-shelf-1782413208556-2,Middle Shelf,,,,,,,,,,,,"CHES SigmaUltra, >=99.5% (titration)",,,,g,,2026-06-25T18:46:48.552Z,Physical State: Solid,,,,,Sample,,,,,
,"CHES, 99%",103-47-9,Main Lab,100,units,,,New Chemical Shelf,Shelf #2,Available,,,,,,,,Daniel Munoz,,,,,,,,,,,,,,,,,dyn-store-1782413208556-2,Chemical Shelfs,dyn-shelf-1782413208556-2,Middle Shelf,,,,,,,,,,,,"CHES, 99%",,,,g,,2026-06-25T18:46:48.552Z,Physical State: Solid,,,,,Sample,,,,,
,"Chloramphenicol, 98%",56-75-7,Main Lab,100,units,,,New Chemical Shelf,Shelf #2,Available,,,,,,,,Daniel Munoz,,,,,,,,,,,,,,,,,dyn-store-1782413208556-2,Chemical Shelfs,dyn-shelf-1782413208556-2,Middle Shelf,,,,,,,,,,,,"Chloramphenicol, 98%",,,,g,,2026-06-25T18:46:48.552Z,Physical State: Solid,,,,,Sample,,,,,
,"Chloroform, 99.8%",67-66-3,Main Lab,4,units,,,Sousa RM.A480A EQ034923 Fumehood,Fumehood / Shelf 1,Available,,,,,,,,Daniel Munoz,,,,,,,,,,,,,,,,,dyn-store-1782413208557-6,Fumehood,dyn-shelf-1782413208557-6,Shelf 1,,,,,,,,,,,,"Chloroform, 99.8%",,,,L,,2026-06-25T18:46:48.552Z,Physical State: Liquid,,,,,Sample,,,,,
,"Citric acid, monohydrate, 99%",5949-29-1,Main Lab,500,units,,,New Chemical Shelf,Shelf #2,Available,,,,,,,,Daniel Munoz,,,,,,,,,,,,,,,,,dyn-store-1782413208556-2,Chemical Shelfs,dyn-shelf-1782413208556-2,Middle Shelf,,,,,,,,,,,,"Citric acid, monohydrate, 99%",,,,g,,2026-06-25T18:46:48.552Z,Physical State: Solid,,,,,Sample,,,,,
,"Cobalt chloride, hexahydrate, 98%",7791-13-1,Main Lab,125,units,,,New Chemical Shelf,Shelf #2,Available,,,,,,,,Daniel Munoz,,,,,,,,,,,,,,,,,dyn-store-1782413208556-2,Chemical Shelfs,dyn-shelf-1782413208556-2,Middle Shelf,,,,,,,,,,,,"Cobalt chloride, hexahydrate, 98%",,,,g,,2026-06-25T18:46:48.552Z,Physical State: Solid,,,,,Sample,,,,,
,"Copper (II) Sulfate, Pentahydrate, 98%",7758-99-8,Main Lab,250,units,,,New Chemical Shelf,Shelf #2,Available,,,,,,,,Daniel Munoz,,,,,,,,,,,,,,,,,dyn-store-1782413208556-2,Chemical Shelfs,dyn-shelf-1782413208556-2,Middle Shelf,,,,,,,,,,,,"Copper (II) Sulfate, Pentahydrate, 98%",,,,g,,2026-06-25T18:46:48.552Z,Physical State: Solid,,,,,Sample,,,,,
,"Copper(II) sulfate, 99%",7758-98-7,Main Lab,10,units,,,New Chemical Shelf,Shelf #2,Available,,,,,,,,Daniel Munoz,,,,,,,,,,,,,,,,,dyn-store-1782413208556-2,Chemical Shelfs,dyn-shelf-1782413208556-2,Middle Shelf,,,,,,,,,,,,"Copper(II) sulfate, 99%",,,,g,,2026-06-25T18:46:48.552Z,Physical State: Solid,,,,,Sample,,,,,
,CTAB extraction solution,,Main Lab,250,units,,,New Chemical Shelf,Shelf #2,Available,,,,,,,,Daniel Munoz,,,,,,,,,,,,,,,,,dyn-store-1782413208556-2,Chemical Shelfs,dyn-shelf-1782413208556-2,Middle Shelf,,,,,,,,,,,,CTAB extraction solution,,,,mL,,2026-06-25T18:46:48.552Z,Physical State: Liquid,,,,,Sample,,,,,
,"CYMAL-7, ANAGRADE",349477-49-2,Main Lab,1,units,,,Freezer #2,Jar 5,Available,,,,,,,,Daniel Munoz,,,,,,,,,,,,,,,,,dyn-store-1782413208558-31,Freezer #2 - Close to Shakers,dyn-shelf-1782413208558-31,Shelf 1,,,,,,,dyn-box-1782413208564-176,Jar 5,,,,"CYMAL-7, ANAGRADE",,,,g,,2026-06-25T18:46:48.552Z,,,,,,Sample,,,,,
,D-(+)-Fucose,3615-37-0,Main Lab,1,units,,,New Chemical Shelf,Shelf #2,Available,,,,,,,,Daniel Munoz,,,,,,,,,,,,,,,,,dyn-store-1782413208556-2,Chemical Shelfs,dyn-shelf-1782413208556-2,Middle Shelf,,,,,,,,,,,,D-(+)-Fucose,,,,g,,2026-06-25T18:46:48.552Z,Physical State: Solid,,,,,Sample,,,,,
,D-(+)-Fucose,3615-37-0,Main Lab,5,units,,,New Chemical Shelf,Shelf #2,Available,,,,,,,,Daniel Munoz,,,,,,,,,,,,,,,,,dyn-store-1782413208556-2,Chemical Shelfs,dyn-shelf-1782413208556-2,Middle Shelf,,,,,,,,,,,,D-(+)-Fucose,,,,g,,2026-06-25T18:46:48.552Z,Physical State: Solid,,,,,Sample,,,,,
,D-(+)-Glucose monohydrate,14431-43-7,Main Lab,250,units,,,New Chemical Shelf,Shelf #2,Available,,,,,,,,Daniel Munoz,,,,,,,,,,,,,,,,,dyn-store-1782413208556-2,Chemical Shelfs,dyn-shelf-1782413208556-2,Middle Shelf,,,,,,,,,,,,D-(+)-Glucose monohydrate,,,,g,,2026-06-25T18:46:48.552Z,Physical State: Solid,,,,,Sample,,,,,
,"D-(+)-Maltose monohydrate, 99%",6363-53-7,Main Lab,100,units,,,New Chemical Shelf,Shelf #2,Available,,,,,,,,Daniel Munoz,,,,,,,,,,,,,,,,,dyn-store-1782413208556-2,Chemical Shelfs,dyn-shelf-1782413208556-2,Middle Shelf,,,,,,,,,,,,"D-(+)-Maltose monohydrate, 99%",,,,g,,2026-06-25T18:46:48.552Z,Physical State: Solid,,,,,Sample,,,,,
,"D-(+)-Raffinose, 99%",17629-30-0,Main Lab,25,units,,,New Chemical Shelf,Shelf #3,Available,,,,,,,,Daniel Munoz,,,,,,,,,,,,,,,,,dyn-store-1782413208556-2,Chemical Shelfs,dyn-shelf-1782413208557-3,Bottom Shelf,,,,,,,,,,,,"D-(+)-Raffinose, 99%",,,,g,,2026-06-25T18:46:48.552Z,Physical State: Solid,,,,,Sample,,,,,
,"D-(+)-Trehalose dihydrate, 99%",6138-23-4,Main Lab,10,units,,,New Chemical Shelf,Shelf #3,Available,,,,,,,,Daniel Munoz,,,,,,,,,,,,,,,,,dyn-store-1782413208556-2,Chemical Shelfs,dyn-shelf-1782413208557-3,Bottom Shelf,,,,,,,,,,,,"D-(+)-Trehalose dihydrate, 99%",,,,g,,2026-06-25T18:46:48.552Z,Physical State: Solid,,,,,Sample,,,,,
,D-Glucose-13C6,110187-42-3,Main Lab,10,units,,,New Chemical Shelf,Shelf #2,Available,,,,,,,,Daniel Munoz,,,,,,,,,,,,,,,,,dyn-store-1782413208556-2,Chemical Shelfs,dyn-shelf-1782413208556-2,Middle Shelf,,,,,,,,,,,,D-Glucose-13C6,,,,g,,2026-06-25T18:46:48.552Z,Physical State: Solid,,,,,Sample,,,,,
,"D-Glucose-c13, 99%",201417-01-8,Main Lab,5,units,,,New Chemical Shelf,Shelf #2,Available,,,,,,,,Daniel Munoz,,,,,,,,,,,,,,,,,dyn-store-1782413208556-2,Chemical Shelfs,dyn-shelf-1782413208556-2,Middle Shelf,,,,,,,,,,,,"D-Glucose-c13, 99%",,,,g,,2026-06-25T18:46:48.552Z,Physical State: Solid,,,,,Sample,,,,,
,D-Glucuronic acid,1956-12-03,Main Lab,10,units,,,Freezer #2,Jar 3,Available,,,,,,,,Daniel Munoz,,,,,,,,,,,,,,,,,dyn-store-1782413208558-31,Freezer #2 - Close to Shakers,dyn-shelf-1782413208558-31,Shelf 1,,,,,,,dyn-box-1782413208559-42,Jar 3,,,,D-Glucuronic acid,,,,mg,,2026-06-25T18:46:48.552Z,Physical State: liquid,,,,,Sample,,,,,
,"D-Mannitol, ACS Reagent, 98%",69-65-8,Main Lab,250,units,,,New Chemical Shelf,Shelf #2,Available,,,,,,,,Daniel Munoz,,,,,,,,,,,,,,,,,dyn-store-1782413208556-2,Chemical Shelfs,dyn-shelf-1782413208556-2,Middle Shelf,,,,,,,,,,,,"D-Mannitol, ACS Reagent, 98%",,,,g,,2026-06-25T18:46:48.552Z,Physical State: Solid,,,,,Sample,,,,,
,"D-Sorbitol, 98%",50-70-4,Main Lab,1,units,,,New Chemical Shelf,Shelf #3,Available,,,,,,,,Daniel Munoz,,,,,,,,,,,,,,,,,dyn-store-1782413208556-2,Chemical Shelfs,dyn-shelf-1782413208557-3,Bottom Shelf,,,,,,,,,,,,"D-Sorbitol, 98%",,,,kg,,2026-06-25T18:46:48.552Z,Physical State: Solid,,,,,Sample,,,,,
,DBCO-amine,1255942-06-3,Main Lab,100,units,,,Freezer #2,Jar 3,Available,,,,,,,,Daniel Munoz,,,,,,,,,,,,,,,,,dyn-store-1782413208558-31,Freezer #2 - Close to Shakers,dyn-shelf-1782413208558-31,Shelf 1,,,,,,,dyn-box-1782413208559-42,Jar 3,,,,DBCO-amine,,,,mg,,2026-06-25T18:46:48.552Z,,,,,,Sample,,,,,
,Deoxyribonuclease I from bovine pancreas,9003-98-9,Main Lab,7,units,,,Freezer #2,Jar 2,Available,,,,,,,,Daniel Munoz,,,,,,,,,,,,,,,,,dyn-store-1782413208558-31,Freezer #2 - Close to Shakers,dyn-shelf-1782413208558-31,Shelf 1,,,,,,,dyn-box-1782413208558-36,Jar 2,,,,Deoxyribonuclease I from bovine pancreas,,,,mg,,2026-06-25T18:46:48.552Z,Physical State: Solid,,,,,Sample,,,,,
,"Deuterium oxide, 100%",7789-20-0,Main Lab,100,units,,,New Chemical Shelf,Shelf #2,Available,,,,,,,,Daniel Munoz,,,,,,,,,,,,,,,,,dyn-store-1782413208556-2,Chemical Shelfs,dyn-shelf-1782413208556-2,Middle Shelf,,,,,,,,,,,,"Deuterium oxide, 100%",,,,g,,2026-06-25T18:46:48.552Z,Physical State: Solid,,,,,Sample,,,,,
,"Deuterium oxide, 100%",7789-20-0,Main Lab,100,units,,,New Chemical Shelf,Shelf #2,Available,,,,,,,,Daniel Munoz,,,,,,,,,,,,,,,,,dyn-store-1782413208556-2,Chemical Shelfs,dyn-shelf-1782413208556-2,Middle Shelf,,,,,,,,,,,,"Deuterium oxide, 100%",,,,g,,2026-06-25T18:46:48.552Z,Physical State: Solid,,,,,Sample,,,,,
,Dextran from Leuconostoc mesenteroides,9004-54-0,Main Lab,10,units,,,New Chemical Shelf,Shelf #2,Available,,,,,,,,Daniel Munoz,,,,,,,,,,,,,,,,,dyn-store-1782413208556-2,Chemical Shelfs,dyn-shelf-1782413208556-2,Middle Shelf,,,,,,,,,,,,Dextran from Leuconostoc mesenteroides,,,,g,,2026-06-25T18:46:48.552Z,Physical State: Solid,,,,,Sample,,,,,
,Dextran sulfate sodium salt from Leuconostoc spp.,9011-18-1,Main Lab,5,units,,,New Chemical Shelf,Shelf #2,Available,,,,,,,,Daniel Munoz,,,,,,,,,,,,,,,,,dyn-store-1782413208556-2,Chemical Shelfs,dyn-shelf-1782413208556-2,Middle Shelf,,,,,,,,,,,,Dextran sulfate sodium salt from Leuconostoc spp.,,,,g,,2026-06-25T18:46:48.552Z,Physical State: Solid,,,,,Sample,,,,,
,Dextrose (D-Glucose) Anhydrous,50-99-7,Main Lab,500,units,,,New Chemical Shelf,Shelf #2,Available,,,,,,,,Daniel Munoz,,,,,,,,,,,,,,,,,dyn-store-1782413208556-2,Chemical Shelfs,dyn-shelf-1782413208556-2,Middle Shelf,,,,,,,,,,,,Dextrose (D-Glucose) Anhydrous,,,,g,,2026-06-25T18:46:48.552Z,Physical State: Solid,,,,,Sample,,,,,
,Dextrose (D-Glucose) Anhydrous,50-99-7,Main Lab,500,units,,,New Chemical Shelf,Shelf #2,Available,,,,,,,,Daniel Munoz,,,,,,,,,,,,,,,,,dyn-store-1782413208556-2,Chemical Shelfs,dyn-shelf-1782413208556-2,Middle Shelf,,,,,,,,,,,,Dextrose (D-Glucose) Anhydrous,,,,g,,2026-06-25T18:46:48.552Z,Physical State: Solid,,,,,Sample,,,,,
,di-Ammonium hydrogen phosphate,--,Main Lab,250,units,,,New Chemical Shelf,Shelf #1,Available,,,,,,,,Daniel Munoz,,,,,,,,,,,,,,,,,dyn-store-1782413208556-2,Chemical Shelfs,dyn-shelf-1782413208558-18,Top Shelf,,,,,,,,,,,,di-Ammonium hydrogen phosphate,,,,g,,2026-06-25T18:46:48.552Z,Physical State: Solid,,,,,Sample,,,,,
,di-Ammonium tartrate,3164-29-2,Main Lab,50,units,,,New Chemical Shelf,Shelf #1,Available,,,,,,,,Daniel Munoz,,,,,,,,,,,,,,,,,dyn-store-1782413208556-2,Chemical Shelfs,dyn-shelf-1782413208558-18,Top Shelf,,,,,,,,,,,,di-Ammonium tartrate,,,,g,,2026-06-25T18:46:48.552Z,Physical State: Solid,,,,,Sample,,,,,
,"di-Sodium hydrogen phosphate dihydrate, 99%",,Main Lab,250,units,,,New Chemical Shelf,Shelf #3,Available,,,,,,,,Daniel Munoz,,,,,,,,,,,,,,,,,dyn-store-1782413208556-2,Chemical Shelfs,dyn-shelf-1782413208557-3,Bottom Shelf,,,,,,,,,,,,"di-Sodium hydrogen phosphate dihydrate, 99%",,,,g,,2026-06-25T18:46:48.552Z,Physical State: Solid,,,,,Sample,,,,,
,DIMETHYL FORMAMIDE CERT ACS,68-12-2,Main Lab,4,units,,,Flammable Cabinet #1,Batey/Sousa RM.A450 Flammable Cabinet #1 Sousa Shelf,Available,,,,,,,,Daniel Munoz,,,,,,,,,,,,,,,,,dyn-store-1782413208557-5,Flammable Cabinet #1,dyn-shelf-1782413208559-57,Batey/Sousa RM.A450 Flammable Cabinet #1 Sousa Shelf,,,,,,,,,,,,DIMETHYL FORMAMIDE CERT ACS,,,,L,,2026-06-25T18:46:48.552Z,,,,,,Sample,,,,,
,"Dimethyl sulfoxide ?99.9%, for molecular biology",67-68-5,Main Lab,100,units,,,Flammable Cabinet #1,Batey/Sousa RM.A450 Flammable Cabinet #1 Sousa Shelf,Available,,,,,,,,Daniel Munoz,,,,,,,,,,,,,,,,,dyn-store-1782413208557-5,Flammable Cabinet #1,dyn-shelf-1782413208559-57,Batey/Sousa RM.A450 Flammable Cabinet #1 Sousa Shelf,,,,,,,,,,,,"Dimethyl sulfoxide ?99.9%, for molecular biology",,,,mL,,2026-06-25T18:46:48.552Z,,,,,,Sample,,,,,
,"Dimethyl Sulfoxide, 99%",67-68-5,Main Lab,500,units,,,Flammable Cabinet #1,Flammable Cabinet #1 / Shelf 1,Available,,,,,,,,Daniel Munoz,,,,,,,,,,,,,,,,,dyn-store-1782413208557-5,Flammable Cabinet #1,dyn-shelf-1782413208557-5,Shelf 1,,,,,,,,,,,,"Dimethyl Sulfoxide, 99%",,,,mL,,2026-06-25T18:46:48.552Z,Physical State: Liquid,,,,,Sample,,,,,
,"Dimethyl Sulfoxide, 99%",67-68-5,Main Lab,100,units,,,Flammable Cabinet #1,Flammable Cabinet #1 / Shelf 1,Available,,,,,,,,Daniel Munoz,,,,,,,,,,,,,,,,,dyn-store-1782413208557-5,Flammable Cabinet #1,dyn-shelf-1782413208557-5,Shelf 1,,,,,,,,,,,,"Dimethyl Sulfoxide, 99%",,,,mL,,2026-06-25T18:46:48.552Z,Physical State: Liquid,,,,,Sample,,,,,
,Dioxane 99%,123-91-1,Main Lab,500,units,,,Flammable Cabinet #1,Flammable Cabinet #1 / Shelf 1,Available,,,,,,,,Daniel Munoz,,,,,,,,,,,,,,,,,dyn-store-1782413208557-5,Flammable Cabinet #1,dyn-shelf-1782413208557-5,Shelf 1,,,,,,,,,,,,Dioxane 99%,,,,mL,,2026-06-25T18:46:48.552Z,Physical State: Liquid,,,,,Sample,,,,,
,"DL-Malic acid, 98%",6915-15-7,Main Lab,250,units,,,New Chemical Shelf,Shelf #2,Available,,,,,,,,Daniel Munoz,,,,,,,,,,,,,,,,,dyn-store-1782413208556-2,Chemical Shelfs,dyn-shelf-1782413208556-2,Middle Shelf,,,,,,,,,,,,"DL-Malic acid, 98%",,,,g,,2026-06-25T18:46:48.552Z,Physical State: Solid,,,,,Sample,,,,,
,"Dnase 1, Amplification Grade",,Main Lab,1,units,,,Freezer #2,Freezer #2 - Close to Shakers / Shelf 1,Available,,,,,,,,Daniel Munoz,,,,,,,,,,,,,,,,,dyn-store-1782413208558-31,Freezer #2 - Close to Shakers,dyn-shelf-1782413208558-31,Shelf 1,,,,,,,,,,,,"Dnase 1, Amplification Grade",,,,kit,,2026-06-25T18:46:48.552Z,,,,,,Sample,,,,,
,"DTT, DL-Dithiothreitol",27565-41-9,Main Lab,100,units,,,Freezer #2,Tray 1,Available,,,,,,,,Daniel Munoz,,,,,,,,,,,,,,,,,dyn-store-1782413208558-31,Freezer #2 - Close to Shakers,dyn-shelf-1782413208558-31,Shelf 1,,,,,,,dyn-box-1782413208564-159,Tray 1,,,,"DTT, DL-Dithiothreitol",,,,g,,2026-06-25T18:46:48.552Z,Physical State: Solid,,,,,Sample,,,,,
,"EDC, 1-Ethyl-3-(-3-dimethylaminopropyl) cabodiimide HCl",,Main Lab,5,units,,,Freezer #2,Jar 2,Available,,,,,,,,Daniel Munoz,,,,,,,,,,,,,,,,,dyn-store-1782413208558-31,Freezer #2 - Close to Shakers,dyn-shelf-1782413208558-31,Shelf 1,,,,,,,dyn-box-1782413208558-36,Jar 2,,,,"EDC, 1-Ethyl-3-(-3-dimethylaminopropyl) cabodiimide HCl",,,,g,,2026-06-25T18:46:48.552Z,Physical State: Solid,,,,,Sample,,,,,
,"EDTA, Ethylenediamine Tetreaacetic Acid, Disodium Slat Dihydrate",6381-92-6,Main Lab,500,units,,,New Chemical Shelf,Shelf #2,Available,,,,,,,,Daniel Munoz,,,,,,,,,,,,,,,,,dyn-store-1782413208556-2,Chemical Shelfs,dyn-shelf-1782413208556-2,Middle Shelf,,,,,,,,,,,,"EDTA, Ethylenediamine Tetreaacetic Acid, Disodium Slat Dihydrate",,,,g,,2026-06-25T18:46:48.552Z,Physical State: Solid,,,,,Sample,,,,,
,Elugent Detergent Solution,132778-08-6,Main Lab,100,units,,,New Chemical Shelf,Shelf #2,Available,,,,,,,,Daniel Munoz,,,,,,,,,,,,,,,,,dyn-store-1782413208556-2,Chemical Shelfs,dyn-shelf-1782413208556-2,Middle Shelf,,,,,,,,,,,,Elugent Detergent Solution,,,,mL,,2026-06-25T18:46:48.552Z,Physical State: Liquid,,,,,Sample,,,,,
,Ethanol,64-17-5,Main Lab,1,units,,,Sousa RM.A480A EQ034923 Fumehood,Fumehood / Shelf 1,Available,,,,,,,,Daniel Munoz,,,,,,,,,,,,,,,,,dyn-store-1782413208557-6,Fumehood,dyn-shelf-1782413208557-6,Shelf 1,,,,,,,,,,,,Ethanol,,,,g,,2026-06-25T18:46:48.552Z,Physical State: Solid,,,,,Sample,,,,,
,"Ethanolamine, 99%",141-43-5,Main Lab,25,units,,,New Chemical Shelf,Shelf #2,Available,,,,,,,,Daniel Munoz,,,,,,,,,,,,,,,,,dyn-store-1782413208556-2,Chemical Shelfs,dyn-shelf-1782413208556-2,Middle Shelf,,,,,,,,,,,,"Ethanolamine, 99%",,,,mL,,2026-06-25T18:46:48.552Z,Physical State: Liquid,,,,,Sample,,,,,
,Ethidium bromide,58880-05-0,Main Lab,5,units,,,New Chemical Shelf,Shelf #2,Available,,,,,,,,Daniel Munoz,,,,,,,,,,,,,,,,,dyn-store-1782413208556-2,Chemical Shelfs,dyn-shelf-1782413208556-2,Middle Shelf,,,,,,,,,,,,Ethidium bromide,,,,g,,2026-06-25T18:46:48.552Z,Physical State: Solid,,,,,Sample,,,,,
,"Ethyl acetate, 99%",141-78-6,Main Lab,500,units,,,Flammable Cabinet #1,Flammable Cabinet #1 / Shelf 1,Available,,,,,,,,Daniel Munoz,,,,,,,,,,,,,,,,,dyn-store-1782413208557-5,Flammable Cabinet #1,dyn-shelf-1782413208557-5,Shelf 1,,,,,,,,,,,,"Ethyl acetate, 99%",,,,mL,,2026-06-25T18:46:48.552Z,Physical State: Liquid,,,,,Sample,,,,,
,ETHYL ALCOHOL ABSOLUTE USP 1 GALLON,64-17-5,Main Lab,1,units,,,Flammable Cabinet #1,Batey/Sousa RM.A450 Flammable Cabinet #1 Sousa Shelf,Available,,,,,,,,Daniel Munoz,,,,,,,,,,,,,,,,,dyn-store-1782413208557-5,Flammable Cabinet #1,dyn-shelf-1782413208559-57,Batey/Sousa RM.A450 Flammable Cabinet #1 Sousa Shelf,,,,,,,,,,,,ETHYL ALCOHOL ABSOLUTE USP 1 GALLON,,,,GAL,,2026-06-25T18:46:48.552Z,,,,,,Sample,,,,,
,Ethylene glycol,107-21-1,Main Lab,1,units,,,New Chemical Shelf,Shelf #2,Available,,,,,,,,Daniel Munoz,,,,,,,,,,,,,,,,,dyn-store-1782413208556-2,Chemical Shelfs,dyn-shelf-1782413208556-2,Middle Shelf,,,,,,,,,,,,Ethylene glycol,,,,L,,2026-06-25T18:46:48.552Z,Physical State: Liquid,,,,,Sample,,,,,
,"Ethylene glycol, 99%",107-21-1,Main Lab,1,units,,,New Chemical Shelf,Shelf #2,Available,,,,,,,,Daniel Munoz,,,,,,,,,,,,,,,,,dyn-store-1782413208556-2,Chemical Shelfs,dyn-shelf-1782413208556-2,Middle Shelf,,,,,,,,,,,,"Ethylene glycol, 99%",,,,L,,2026-06-25T18:46:48.552Z,Physical State: Liquid,,,,,Sample,,,,,
,Ethylene imine polymer Solution,9002-98-6,Main Lab,100,units,,,New Chemical Shelf,Shelf #2,Available,,,,,,,,Daniel Munoz,,,,,,,,,,,,,,,,,dyn-store-1782413208556-2,Chemical Shelfs,dyn-shelf-1782413208556-2,Middle Shelf,,,,,,,,,,,,Ethylene imine polymer Solution,,,,mL,,2026-06-25T18:46:48.552Z,Physical State: Liquid,,,,,Sample,,,,,
,"Ethylenediamine Tetraacetic Acid Disodium Salt Dihydrate, 99%",6381-92-6,Main Lab,500,units,,,New Chemical Shelf,Shelf #2,Available,,,,,,,,Daniel Munoz,,,,,,,,,,,,,,,,,dyn-store-1782413208556-2,Chemical Shelfs,dyn-shelf-1782413208556-2,Middle Shelf,,,,,,,,,,,,"Ethylenediamine Tetraacetic Acid Disodium Salt Dihydrate, 99%",,,,g,,2026-06-25T18:46:48.552Z,Physical State: Solid,,,,,Sample,,,,,
,Ficoll 400 DL 5g,26873-85-8,Main Lab,5,units,,,New Chemical Shelf,Shelf #2,Available,,,,,,,,Daniel Munoz,,,,,,,,,,,,,,,,,dyn-store-1782413208556-2,Chemical Shelfs,dyn-shelf-1782413208556-2,Middle Shelf,,,,,,,,,,,,Ficoll 400 DL 5g,,,,g,,2026-06-25T18:46:48.552Z,Physical State: Solid,,,,,Sample,,,,,
,"Folic acid, 97%",59-30-3,Main Lab,10,units,,,New Chemical Shelf,Shelf #2,Available,,,,,,,,Daniel Munoz,,,,,,,,,,,,,,,,,dyn-store-1782413208556-2,Chemical Shelfs,dyn-shelf-1782413208556-2,Middle Shelf,,,,,,,,,,,,"Folic acid, 97%",,,,g,,2026-06-25T18:46:48.552Z,Physical State: Solid,,,,,Sample,,,,,
,Folin & Ciocalteu's Phenol reagent,521-24-4,Main Lab,500,units,,,New Chemical Shelf,Shelf #2,Available,,,,,,,,Daniel Munoz,,,,,,,,,,,,,,,,,dyn-store-1782413208556-2,Chemical Shelfs,dyn-shelf-1782413208556-2,Middle Shelf,,,,,,,,,,,,Folin & Ciocalteu's Phenol reagent,,,,mL,,2026-06-25T18:46:48.552Z,Physical State: Liquid,,,,,Sample,,,,,
,Folinic acid calcium salt hydrate,6035-45-6,Main Lab,500,units,,,New Chemical Shelf,Shelf #2,Available,,,,,,,,Daniel Munoz,,,,,,,,,,,,,,,,,dyn-store-1782413208556-2,Chemical Shelfs,dyn-shelf-1782413208556-2,Middle Shelf,,,,,,,,,,,,Folinic acid calcium salt hydrate,,,,mg,,2026-06-25T18:46:48.552Z,Physical State: Solid,,,,,Sample,,,,,
,Formaldehyde 37%,67-56-1,Main Lab,20,units,,,New Chemical Shelf,Shelf #2,Available,,,,,,,,Daniel Munoz,,,,,,,,,,,,,,,,,dyn-store-1782413208556-2,Chemical Shelfs,dyn-shelf-1782413208556-2,Middle Shelf,,,,,,,,,,,,Formaldehyde 37%,,,,g,,2026-06-25T18:46:48.552Z,Physical State: Solid,,,,,Sample,,,,,
,Formaldehyde solution,,Main Lab,500,units,,,New Chemical Shelf,Shelf #2,Available,,,,,,,,Daniel Munoz,,,,,,,,,,,,,,,,,dyn-store-1782413208556-2,Chemical Shelfs,dyn-shelf-1782413208556-2,Middle Shelf,,,,,,,,,,,,Formaldehyde solution,,,,mL,,2026-06-25T18:46:48.552Z,Physical State: Liquid,,,,,Sample,,,,,
,"Formaldehyde, 16%",50-00-0,Main Lab,100,units,,,New Chemical Shelf,Shelf #2,Available,,,,,,,,Daniel Munoz,,,,,,,,,,,,,,,,,dyn-store-1782413208556-2,Chemical Shelfs,dyn-shelf-1782413208556-2,Middle Shelf,,,,,,,,,,,,"Formaldehyde, 16%",,,,mL,,2026-06-25T18:46:48.552Z,Physical State: Liquid,,,,,Sample,,,,,
,"Formic acid, 95%",64-18-6,Main Lab,500,units,,,Sousa RM.A480A EQ034923 Fumehood,Fumehood / Shelf 1,Available,,,,,,,,Daniel Munoz,,,,,,,,,,,,,,,,,dyn-store-1782413208557-6,Fumehood,dyn-shelf-1782413208557-6,Shelf 1,,,,,,,,,,,,"Formic acid, 95%",,,,mL,,2026-06-25T18:46:48.552Z,Physical State: Liquid,,,,,Sample,,,,,
,"Formic acid, 95%",64-18-6,Main Lab,1,units,,,Sousa RM.A480A EQ034923 Fumehood,Fumehood / Shelf 1,Available,,,,,,,,Daniel Munoz,,,,,,,,,,,,,,,,,dyn-store-1782413208557-6,Fumehood,dyn-shelf-1782413208557-6,Shelf 1,,,,,,,,,,,,"Formic acid, 95%",,,,L,,2026-06-25T18:46:48.552Z,Physical State: Liquid,,,,,Sample,,,,,
,Glutathione oxidized,,Main Lab,5,units,,,Freezer #2,Jar 1,Available,,,,,,,,Daniel Munoz,,,,,,,,,,,,,,,,,dyn-store-1782413208558-31,Freezer #2 - Close to Shakers,dyn-shelf-1782413208558-31,Shelf 1,,,,,,,dyn-box-1782413208558-31,Jar 1,,,,Glutathione oxidized,,,,g,,2026-06-25T18:46:48.552Z,Physical State: solid,,,,,Sample,,,,,
,"Glycine, 99%",56-40-6,Main Lab,5,units,,,New Chemical Shelf,Under bench #1,Available,,,,,,,,Daniel Munoz,,,,,,,,,,,,,,,,,dyn-store-1782413208556-2,Chemical Shelfs,dyn-shelf-1782413208566-236,Under Bench Storage,,,,,,,dyn-box-1782413208566-236,Under bench #1,,,,"Glycine, 99%",,,,kg,,2026-06-25T18:46:48.552Z,Physical State: Solid,,,,,Sample,,,,,
,"Glycine, 99%",56-40-6,Main Lab,1,units,,,New Chemical Shelf,Shelf #2,Available,,,,,,,,Daniel Munoz,,,,,,,,,,,,,,,,,dyn-store-1782413208556-2,Chemical Shelfs,dyn-shelf-1782413208556-2,Middle Shelf,,,,,,,,,,,,"Glycine, 99%",,,,kg,,2026-06-25T18:46:48.552Z,Physical State: Solid,,,,,Sample,,,,,
,Glycogen,,Main Lab,100,units,,,Freezer #2,Freezer #2 - Close to Shakers / Shelf 1,Available,,,,,,,,Daniel Munoz,,,,,,,,,,,,,,,,,dyn-store-1782413208558-31,Freezer #2 - Close to Shakers,dyn-shelf-1782413208558-31,Shelf 1,,,,,,,,,,,,Glycogen,,,,μL,,2026-06-25T18:46:48.552Z,,,,,,Sample,,,,,
,"Guanidine hydrochloride, 98%",50-01-1,Main Lab,1,units,,,New Chemical Shelf,Under bench #1,Available,,,,,,,,Daniel Munoz,,,,,,,,,,,,,,,,,dyn-store-1782413208556-2,Chemical Shelfs,dyn-shelf-1782413208566-236,Under Bench Storage,,,,,,,dyn-box-1782413208566-236,Under bench #1,,,,"Guanidine hydrochloride, 98%",,,,kg,,2026-06-25T18:46:48.552Z,Physical State: Solid,,,,,Sample,,,,,
,Guanosine 5'-triphosphate sodium salt hydrate,,Main Lab,5,units,,,Freezer #2,Jar 2,Available,,,,,,,,Daniel Munoz,,,,,,,,,,,,,,,,,dyn-store-1782413208558-31,Freezer #2 - Close to Shakers,dyn-shelf-1782413208558-31,Shelf 1,,,,,,,dyn-box-1782413208558-36,Jar 2,,,,Guanosine 5'-triphosphate sodium salt hydrate,,,,mg,,2026-06-25T18:46:48.552Z,Physical State: solid,,,,,Sample,,,,,
,Guanosine 5'-triphosphate trisodium salt hydrate,,Main Lab,25,units,,,Freezer #2,Jar 2,Available,,,,,,,,Daniel Munoz,,,,,,,,,,,,,,,,,dyn-store-1782413208558-31,Freezer #2 - Close to Shakers,dyn-shelf-1782413208558-31,Shelf 1,,,,,,,dyn-box-1782413208558-36,Jar 2,,,,Guanosine 5'-triphosphate trisodium salt hydrate,,,,mg,,2026-06-25T18:46:48.552Z,Physical State: solid,,,,,Sample,,,,,
,Heparin sodium salt from porcine intestinal mucosa,1941-08-01,Main Lab,10,units,,,New Chemical Shelf,Shelf #2,Available,,,,,,,,Daniel Munoz,,,,,,,,,,,,,,,,,dyn-store-1782413208556-2,Chemical Shelfs,dyn-shelf-1782413208556-2,Middle Shelf,,,,,,,,,,,,Heparin sodium salt from porcine intestinal mucosa,,,,g,,2026-06-25T18:46:48.552Z,Physical State: Solid,,,,,Sample,,,,,
,"HEPES, 4-(2-hydroxyethyl)-1-piperazineethanesulfonic acid",7365-45-9,Main Lab,1,units,,,New Chemical Shelf,Shelf #2,Available,,,,,,,,Daniel Munoz,,,,,,,,,,,,,,,,,dyn-store-1782413208556-2,Chemical Shelfs,dyn-shelf-1782413208556-2,Middle Shelf,,,,,,,,,,,,"HEPES, 4-(2-hydroxyethyl)-1-piperazineethanesulfonic acid",,,,kg,,2026-06-25T18:46:48.552Z,Physical State: Solid,,,,,Sample,,,,,
,"HEPES, 4-(2-hydroxyethyl)-1-piperazineethanesulfonic acid",7365-45-9,Main Lab,500,units,,,New Chemical Shelf,Shelf #2,Available,,,,,,,,Daniel Munoz,,,,,,,,,,,,,,,,,dyn-store-1782413208556-2,Chemical Shelfs,dyn-shelf-1782413208556-2,Middle Shelf,,,,,,,,,,,,"HEPES, 4-(2-hydroxyethyl)-1-piperazineethanesulfonic acid",,,,g,,2026-06-25T18:46:48.552Z,Physical State: Solid,,,,,Sample,,,,,
,"Hexadecyltrimethylammonium bromide, 98%",57-09-0,Main Lab,50,units,,,New Chemical Shelf,Shelf #2,Available,,,,,,,,Daniel Munoz,,,,,,,,,,,,,,,,,dyn-store-1782413208556-2,Chemical Shelfs,dyn-shelf-1782413208556-2,Middle Shelf,,,,,,,,,,,,"Hexadecyltrimethylammonium bromide, 98%",,,,g,,2026-06-25T18:46:48.552Z,Physical State: Solid,,,,,Sample,,,,,
,"Hexadecyltrimethylammonium bromide, 98%",57-09-0,Main Lab,50,units,,,New Chemical Shelf,Shelf #2,Available,,,,,,,,Daniel Munoz,,,,,,,,,,,,,,,,,dyn-store-1782413208556-2,Chemical Shelfs,dyn-shelf-1782413208556-2,Middle Shelf,,,,,,,,,,,,"Hexadecyltrimethylammonium bromide, 98%",,,,g,,2026-06-25T18:46:48.552Z,Physical State: Solid,,,,,Sample,,,,,
,Hydrochloric Acid,7647-01-0,Main Lab,500,units,,,Sousa RM.A480A EQ034923 Fumehood,Fumehood / Shelf 1,Available,,,,,,,,Daniel Munoz,,,,,,,,,,,,,,,,,dyn-store-1782413208557-6,Fumehood,dyn-shelf-1782413208557-6,Shelf 1,,,,,,,,,,,,Hydrochloric Acid,,,,g,,2026-06-25T18:46:48.552Z,Physical State: Solid,,,,,Sample,,,,,
,"Igepal CA-630, for molecular biology",9036-19-5,Main Lab,100,units,,,New Chemical Shelf,Shelf #2,Available,,,,,,,,Daniel Munoz,,,,,,,,,,,,,,,,,dyn-store-1782413208556-2,Chemical Shelfs,dyn-shelf-1782413208556-2,Middle Shelf,,,,,,,,,,,,"Igepal CA-630, for molecular biology",,,,mL,,2026-06-25T18:46:48.552Z,Physical State: Liquid,,,,,Sample,,,,,
,"Igepal CA-630, for molecular biology",9036-19-5,Main Lab,100,units,,,New Chemical Shelf,Shelf #2,Available,,,,,,,,Daniel Munoz,,,,,,,,,,,,,,,,,dyn-store-1782413208556-2,Chemical Shelfs,dyn-shelf-1782413208556-2,Middle Shelf,,,,,,,,,,,,"Igepal CA-630, for molecular biology",,,,mL,,2026-06-25T18:46:48.552Z,Physical State: Liquid,,,,,Sample,,,,,
,Imidazole,,Main Lab,1,units,,,New Chemical Shelf,Under bench #1,Available,,,,,,,,Daniel Munoz,,,,,,,,,,,,,,,,,dyn-store-1782413208556-2,Chemical Shelfs,dyn-shelf-1782413208566-236,Under Bench Storage,,,,,,,dyn-box-1782413208566-236,Under bench #1,,,,Imidazole,,,,kg,,2026-06-25T18:46:48.552Z,Physical State: Solid,,,,,Sample,,,,,
,Imidazole,288-32-4,Main Lab,500,units,,,New Chemical Shelf,Shelf #2,Available,,,,,,,,Daniel Munoz,,,,,,,,,,,,,,,,,dyn-store-1782413208556-2,Chemical Shelfs,dyn-shelf-1782413208556-2,Middle Shelf,,,,,,,,,,,,Imidazole,,,,g,,2026-06-25T18:46:48.552Z,Physical State: Solid,,,,,Sample,,,,,
,Insect PopCulture® Reagent,,Main Lab,50,units,,,New Chemical Shelf,Shelf #2,Available,,,,,,,,Daniel Munoz,,,,,,,,,,,,,,,,,dyn-store-1782413208556-2,Chemical Shelfs,dyn-shelf-1782413208556-2,Middle Shelf,,,,,,,,,,,,Insect PopCulture® Reagent,,,,mL,,2026-06-25T18:46:48.552Z,Physical State: liquid,,,,,Sample,,,,,
,Iodoacetamide azide,,Main Lab,1,units,,,Freezer #2,Tray 1,Available,,,,,,,,Daniel Munoz,,,,,,,,,,,,,,,,,dyn-store-1782413208558-31,Freezer #2 - Close to Shakers,dyn-shelf-1782413208558-31,Shelf 1,,,,,,,dyn-box-1782413208564-159,Tray 1,,,,Iodoacetamide azide,,,,mg,,2026-06-25T18:46:48.552Z,,,,,,Sample,,,,,
,"IPTG, Isopropyl β-D-Thiogalactoside",367-93-1,Main Lab,100,units,,,Freezer #2,Tray 1,Available,,,,,,,,Daniel Munoz,,,,,,,,,,,,,,,,,dyn-store-1782413208558-31,Freezer #2 - Close to Shakers,dyn-shelf-1782413208558-31,Shelf 1,,,,,,,dyn-box-1782413208564-159,Tray 1,,,,"IPTG, Isopropyl β-D-Thiogalactoside",,,,g,,2026-06-25T18:46:48.552Z,,,,,,Sample,,,,,
,IPTG/X-Gal Solution,,Main Lab,10,units,,,Freezer #2,Jar 3,Available,,,,,,,,Daniel Munoz,,,,,,,,,,,,,,,,,dyn-store-1782413208558-31,Freezer #2 - Close to Shakers,dyn-shelf-1782413208558-31,Shelf 1,,,,,,,dyn-box-1782413208559-42,Jar 3,,,,IPTG/X-Gal Solution,,,,mL,,2026-06-25T18:46:48.552Z,,,,,,Sample,,,,,
,IPTG/X-Gal Solution,,Main Lab,10,units,,,Freezer #2,Jar 3,Available,,,,,,,,Daniel Munoz,,,,,,,,,,,,,,,,,dyn-store-1782413208558-31,Freezer #2 - Close to Shakers,dyn-shelf-1782413208558-31,Shelf 1,,,,,,,dyn-box-1782413208559-42,Jar 3,,,,IPTG/X-Gal Solution,,,,mL,,2026-06-25T18:46:48.552Z,,,,,,Sample,,,,,
,"Iron(III) chloride hexahydrate, 97%",10025-77-1,Main Lab,250,units,,,New Chemical Shelf,Shelf #2,Available,,,,,,,,Daniel Munoz,,,,,,,,,,,,,,,,,dyn-store-1782413208556-2,Chemical Shelfs,dyn-shelf-1782413208556-2,Middle Shelf,,,,,,,,,,,,"Iron(III) chloride hexahydrate, 97%",,,,g,,2026-06-25T18:46:48.552Z,Physical State: Solid,,,,,Sample,,,,,
,Jeffamine M-600,,Main Lab,200,units,,,New Chemical Shelf,Shelf #2,Available,,,,,,,,Daniel Munoz,,,,,,,,,,,,,,,,,dyn-store-1782413208556-2,Chemical Shelfs,dyn-shelf-1782413208556-2,Middle Shelf,,,,,,,,,,,,Jeffamine M-600,,,,mL,,2026-06-25T18:46:48.552Z,Physical State: liquid,,,,,Sample,,,,,
,Kanamycin Monosulfate,25389-94-0,Main Lab,25,units,,,New Chemical Shelf,Shelf #2,Available,,,,,,,,Daniel Munoz,,,,,,,,,,,,,,,,,dyn-store-1782413208556-2,Chemical Shelfs,dyn-shelf-1782413208556-2,Middle Shelf,,,,,,,,,,,,Kanamycin Monosulfate,,,,g,,2026-06-25T18:46:48.552Z,Physical State: Solid,,,,,Sample,,,,,
,L-(+)-Arabinose,5328-37-0,Main Lab,1,units,,,New Chemical Shelf,Shelf #1,Available,,,,,,,,Daniel Munoz,,,,,,,,,,,,,,,,,dyn-store-1782413208556-2,Chemical Shelfs,dyn-shelf-1782413208558-18,Top Shelf,,,,,,,,,,,,L-(+)-Arabinose,,,,kg,,2026-06-25T18:46:48.552Z,Physical State: Solid,,,,,Sample,,,,,
,L-a-Phosphatidic acid sodium salt,,Main Lab,5,units,,,Freezer #2,Jar 3,Available,,,,,,,,Daniel Munoz,,,,,,,,,,,,,,,,,dyn-store-1782413208558-31,Freezer #2 - Close to Shakers,dyn-shelf-1782413208558-31,Shelf 1,,,,,,,dyn-box-1782413208559-42,Jar 3,,,,L-a-Phosphatidic acid sodium salt,,,,mg,,2026-06-25T18:46:48.552Z,Physical State: solid,,,,,Sample,,,,,
,L-a-Phosphatidylcholine,,Main Lab,25,units,,,Freezer #2,Jar 3,Available,,,,,,,,Daniel Munoz,,,,,,,,,,,,,,,,,dyn-store-1782413208558-31,Freezer #2 - Close to Shakers,dyn-shelf-1782413208558-31,Shelf 1,,,,,,,dyn-box-1782413208559-42,Jar 3,,,,L-a-Phosphatidylcholine,,,,mg,,2026-06-25T18:46:48.552Z,Physical State: solid,,,,,Sample,,,,,
,"L-Rhamnose monohydrate, 99%",10030-85-0,Main Lab,10,units,,,New Chemical Shelf,Shelf #3,Available,,,,,,,,Daniel Munoz,,,,,,,,,,,,,,,,,dyn-store-1782413208556-2,Chemical Shelfs,dyn-shelf-1782413208557-3,Bottom Shelf,,,,,,,,,,,,"L-Rhamnose monohydrate, 99%",,,,g,,2026-06-25T18:46:48.552Z,Physical State: Solid,,,,,Sample,,,,,
,"L(+)-Arabinose, 99%",87-72-9,Main Lab,25,units,,,New Chemical Shelf,Shelf #1,Available,,,,,,,,Daniel Munoz,,,,,,,,,,,,,,,,,dyn-store-1782413208556-2,Chemical Shelfs,dyn-shelf-1782413208558-18,Top Shelf,,,,,,,,,,,,"L(+)-Arabinose, 99%",,,,g,,2026-06-25T18:46:48.552Z,Physical State: Solid,,,,,Sample,,,,,
,Lactic Acid,50-21-5,Main Lab,250,units,,,Sousa RM.A480A EQ034923 Fumehood,Fumehood / Shelf 1,Available,,,,,,,,Daniel Munoz,,,,,,,,,,,,,,,,,dyn-store-1782413208557-6,Fumehood,dyn-shelf-1782413208557-6,Shelf 1,,,,,,,,,,,,Lactic Acid,,,,mL,,2026-06-25T18:46:48.552Z,Physical State: Liquid,,,,,Sample,,,,,
,"LDAO detergent (n-Dodecyl-N, N-dimethylamine-N-oxide)",1643-20-5,Main Lab,5,units,,,Freezer #2,Jar 5,Available,,,,,,,,Daniel Munoz,,,,,,,,,,,,,,,,,dyn-store-1782413208558-31,Freezer #2 - Close to Shakers,dyn-shelf-1782413208558-31,Shelf 1,,,,,,,dyn-box-1782413208564-176,Jar 5,,,,"LDAO detergent (n-Dodecyl-N, N-dimethylamine-N-oxide)",,,,g,,2026-06-25T18:46:48.552Z,,,,,,Sample,,,,,
,Light Mineral Oil,8012-95-1,Main Lab,1,units,,,New Chemical Shelf,Shelf #2,Available,,,,,,,,Daniel Munoz,,,,,,,,,,,,,,,,,dyn-store-1782413208556-2,Chemical Shelfs,dyn-shelf-1782413208556-2,Middle Shelf,,,,,,,,,,,,Light Mineral Oil,,,,L,,2026-06-25T18:46:48.552Z,Physical State: Liquid,,,,,Sample,,,,,
,"Lithium acetate dihydrate, 99%",6108-17-4,Main Lab,100,units,,,New Chemical Shelf,Shelf #2,Available,,,,,,,,Daniel Munoz,,,,,,,,,,,,,,,,,dyn-store-1782413208556-2,Chemical Shelfs,dyn-shelf-1782413208556-2,Middle Shelf,,,,,,,,,,,,"Lithium acetate dihydrate, 99%",,,,g,,2026-06-25T18:46:48.552Z,Physical State: Solid,,,,,Sample,,,,,
,Lithium bromide,7550-35-8,Main Lab,100,units,,,New Chemical Shelf,Shelf #2,Available,,,,,,,,Daniel Munoz,,,,,,,,,,,,,,,,,dyn-store-1782413208556-2,Chemical Shelfs,dyn-shelf-1782413208556-2,Middle Shelf,,,,,,,,,,,,Lithium bromide,,,,g,,2026-06-25T18:46:48.552Z,Physical State: Solid,,,,,Sample,,,,,
,"Lithium chloride, 99%",7447-41-8,Main Lab,100,units,,,New Chemical Shelf,Shelf #2,Available,,,,,,,,Daniel Munoz,,,,,,,,,,,,,,,,,dyn-store-1782413208556-2,Chemical Shelfs,dyn-shelf-1782413208556-2,Middle Shelf,,,,,,,,,,,,"Lithium chloride, 99%",,,,g,,2026-06-25T18:46:48.552Z,Physical State: Solid,,,,,Sample,,,,,
,Lithium citrate tribasic tetrahydrate - 1.5 M,,Main Lab,200,units,,,New Chemical Shelf,Shelf #2,Available,,,,,,,,Daniel Munoz,,,,,,,,,,,,,,,,,dyn-store-1782413208556-2,Chemical Shelfs,dyn-shelf-1782413208556-2,Middle Shelf,,,,,,,,,,,,Lithium citrate tribasic tetrahydrate - 1.5 M,,,,mL,,2026-06-25T18:46:48.552Z,Physical State: liquid,,,,,Sample,,,,,
,"Lithium sulfate monohydrate, 99%",10102-25-7,Main Lab,100,units,,,New Chemical Shelf,Shelf #2,Available,,,,,,,,Daniel Munoz,,,,,,,,,,,,,,,,,dyn-store-1782413208556-2,Chemical Shelfs,dyn-shelf-1782413208556-2,Middle Shelf,,,,,,,,,,,,"Lithium sulfate monohydrate, 99%",,,,g,,2026-06-25T18:46:48.552Z,Physical State: Solid,,,,,Sample,,,,,
,Low Melting Point Agarose,,Main Lab,50,units,,,New Chemical Shelf,Shelf #1,Available,,,,,,,,Daniel Munoz,,,,,,,,,,,,,,,,,dyn-store-1782413208556-2,Chemical Shelfs,dyn-shelf-1782413208558-18,Top Shelf,,,,,,,,,,,,Low Melting Point Agarose,,,,g,,2026-06-25T18:46:48.552Z,Physical State: Solid,,,,,Sample,,,,,
,"Lubrol, 99%",--,Main Lab,100,units,,,New Chemical Shelf,Shelf #2,Available,,,,,,,,Daniel Munoz,,,,,,,,,,,,,,,,,dyn-store-1782413208556-2,Chemical Shelfs,dyn-shelf-1782413208556-2,Middle Shelf,,,,,,,,,,,,"Lubrol, 99%",,,,g,,2026-06-25T18:46:48.552Z,Physical State: Solid,,,,,Sample,,,,,
,"Lysozyme from chicken egg white, lyophilized powder",12650-88-3,Main Lab,10,units,,,Freezer #2,Tray 1,Available,,,,,,,,Daniel Munoz,,,,,,,,,,,,,,,,,dyn-store-1782413208558-31,Freezer #2 - Close to Shakers,dyn-shelf-1782413208558-31,Shelf 1,,,,,,,dyn-box-1782413208564-159,Tray 1,,,,"Lysozyme from chicken egg white, lyophilized powder",,,,g,,2026-06-25T18:46:48.552Z,Physical State: Solid,,,,,Sample,,,,,
,"Lysozyme, from chicken egg white",,Main Lab,5,units,,,Freezer #2,Tray 1,Available,,,,,,,,Daniel Munoz,,,,,,,,,,,,,,,,,dyn-store-1782413208558-31,Freezer #2 - Close to Shakers,dyn-shelf-1782413208558-31,Shelf 1,,,,,,,dyn-box-1782413208564-159,Tray 1,,,,"Lysozyme, from chicken egg white",,,,g,,2026-06-25T18:46:48.552Z,,,,,,Sample,,,,,
,"Lysozyme, from chicken egg white",,Main Lab,10,units,,,Freezer #2,Tray 1,Available,,,,,,,,Daniel Munoz,,,,,,,,,,,,,,,,,dyn-store-1782413208558-31,Freezer #2 - Close to Shakers,dyn-shelf-1782413208558-31,Shelf 1,,,,,,,dyn-box-1782413208564-159,Tray 1,,,,"Lysozyme, from chicken egg white",,,,g,,2026-06-25T18:46:48.552Z,,,,,,Sample,,,,,
,"Lysozyme, from chicken egg white",,Main Lab,5,units,,,Freezer #2,Tray 1,Available,,,,,,,,Daniel Munoz,,,,,,,,,,,,,,,,,dyn-store-1782413208558-31,Freezer #2 - Close to Shakers,dyn-shelf-1782413208558-31,Shelf 1,,,,,,,dyn-box-1782413208564-159,Tray 1,,,,"Lysozyme, from chicken egg white",,,,g,,2026-06-25T18:46:48.552Z,,,,,,Sample,,,,,
,"m-Phenylenediamine, 99%",108-45-2,Main Lab,100,units,,,New Chemical Shelf,Shelf #2,Available,,,,,,,,Daniel Munoz,,,,,,,,,,,,,,,,,dyn-store-1782413208556-2,Chemical Shelfs,dyn-shelf-1782413208556-2,Middle Shelf,,,,,,,,,,,,"m-Phenylenediamine, 99%",,,,g,,2026-06-25T18:46:48.552Z,Physical State: solid,,,,,Sample,,,,,
,"Magnesium acetate-4-hydrate, 99%",16674-78-5,Main Lab,250,units,,,New Chemical Shelf,Shelf #2,Available,,,,,,,,Daniel Munoz,,,,,,,,,,,,,,,,,dyn-store-1782413208556-2,Chemical Shelfs,dyn-shelf-1782413208556-2,Middle Shelf,,,,,,,,,,,,"Magnesium acetate-4-hydrate, 99%",,,,g,,2026-06-25T18:46:48.552Z,Physical State: Solid,,,,,Sample,,,,,
,"Magnesium chloride hexahydrate, 99%",7791-18-6,Main Lab,500,units,,,New Chemical Shelf,Shelf #2,Available,,,,,,,,Daniel Munoz,,,,,,,,,,,,,,,,,dyn-store-1782413208556-2,Chemical Shelfs,dyn-shelf-1782413208556-2,Middle Shelf,,,,,,,,,,,,"Magnesium chloride hexahydrate, 99%",,,,g,,2026-06-25T18:46:48.552Z,Physical State: Solid,,,,,Sample,,,,,
,"Magnesium chloride hexahydrate, 99%",7791-18-6,Main Lab,500,units,,,New Chemical Shelf,Shelf #2,Available,,,,,,,,Daniel Munoz,,,,,,,,,,,,,,,,,dyn-store-1782413208556-2,Chemical Shelfs,dyn-shelf-1782413208556-2,Middle Shelf,,,,,,,,,,,,"Magnesium chloride hexahydrate, 99%",,,,g,,2026-06-25T18:46:48.552Z,Physical State: Solid,,,,,Sample,,,,,
,Magnesium formate dihydrate,6150-82-9,Main Lab,100,units,,,New Chemical Shelf,Shelf #2,Available,,,,,,,,Daniel Munoz,,,,,,,,,,,,,,,,,dyn-store-1782413208556-2,Chemical Shelfs,dyn-shelf-1782413208556-2,Middle Shelf,,,,,,,,,,,,Magnesium formate dihydrate,,,,g,,2026-06-25T18:46:48.552Z,Physical State: Solid,,,,,Sample,,,,,
,"Magnesium nitrate hexahydrate, 99%",13446-18-9,Main Lab,100,units,,,New Chemical Shelf,Shelf #2,Available,,,,,,,,Daniel Munoz,,,,,,,,,,,,,,,,,dyn-store-1782413208556-2,Chemical Shelfs,dyn-shelf-1782413208556-2,Middle Shelf,,,,,,,,,,,,"Magnesium nitrate hexahydrate, 99%",,,,g,,2026-06-25T18:46:48.552Z,Physical State: Solid,,,,,Sample,,,,,
,"Magnesium sulfate heptahydrate, 99%",10034-99-8,Main Lab,250,units,,,New Chemical Shelf,Shelf #2,Available,,,,,,,,Daniel Munoz,,,,,,,,,,,,,,,,,dyn-store-1782413208556-2,Chemical Shelfs,dyn-shelf-1782413208556-2,Middle Shelf,,,,,,,,,,,,"Magnesium sulfate heptahydrate, 99%",,,,g,,2026-06-25T18:46:48.552Z,Physical State: Solid,,,,,Sample,,,,,
,"Malonic acid, 99%",141-82-2,Main Lab,100,units,,,New Chemical Shelf,Shelf #2,Available,,,,,,,,Daniel Munoz,,,,,,,,,,,,,,,,,dyn-store-1782413208556-2,Chemical Shelfs,dyn-shelf-1782413208556-2,Middle Shelf,,,,,,,,,,,,"Malonic acid, 99%",,,,g,,2026-06-25T18:46:48.552Z,Physical State: Solid,,,,,Sample,,,,,
,Maltodextrin,9050-36-6,Main Lab,500,units,,,New Chemical Shelf,Shelf #2,Available,,,,,,,,Daniel Munoz,,,,,,,,,,,,,,,,,dyn-store-1782413208556-2,Chemical Shelfs,dyn-shelf-1782413208556-2,Middle Shelf,,,,,,,,,,,,Maltodextrin,,,,g,,2026-06-25T18:46:48.552Z,Physical State: Solid,,,,,Sample,,,,,
,Maltose,6363-53-7,Main Lab,500,units,,,New Chemical Shelf,Shelf #2,Available,,,,,,,,Daniel Munoz,,,,,,,,,,,,,,,,,dyn-store-1782413208556-2,Chemical Shelfs,dyn-shelf-1782413208556-2,Middle Shelf,,,,,,,,,,,,Maltose,,,,g,,2026-06-25T18:46:48.552Z,Physical State: Solid,,,,,Sample,,,,,
,"MES hydrate, 99%",145224-94-8,Main Lab,500,units,,,New Chemical Shelf,Shelf #2,Available,,,,,,,,Daniel Munoz,,,,,,,,,,,,,,,,,dyn-store-1782413208556-2,Chemical Shelfs,dyn-shelf-1782413208556-2,Middle Shelf,,,,,,,,,,,,"MES hydrate, 99%",,,,g,,2026-06-25T18:46:48.552Z,Physical State: Solid,,,,,Sample,,,,,
,"Methanol, 99%",67-56-1,Main Lab,4,units,,,Sousa RM.A480A EQ034923 Fumehood,Fumehood / Shelf 1,Available,,,,,,,,Daniel Munoz,,,,,,,,,,,,,,,,,dyn-store-1782413208557-6,Fumehood,dyn-shelf-1782413208557-6,Shelf 1,,,,,,,,,,,,"Methanol, 99%",,,,L,,2026-06-25T18:46:48.552Z,Physical State: Liquid,,,,,Sample,,,,,
,Methoxypolyethylene glycol 5000 maleimide,99126-64-4,Main Lab,1,units,,,Freezer #2,Jar 1,Available,,,,,,,,Daniel Munoz,,,,,,,,,,,,,,,,,dyn-store-1782413208558-31,Freezer #2 - Close to Shakers,dyn-shelf-1782413208558-31,Shelf 1,,,,,,,dyn-box-1782413208558-31,Jar 1,,,,Methoxypolyethylene glycol 5000 maleimide,,,,g,,2026-06-25T18:46:48.552Z,Physical State: Solid,,,,,Sample,,,,,
,"Methyl alpha-D-mannopyranoside, 99%",617-04-9,Main Lab,100,units,,,New Chemical Shelf,Shelf #2,Available,,,,,,,,Daniel Munoz,,,,,,,,,,,,,,,,,dyn-store-1782413208556-2,Chemical Shelfs,dyn-shelf-1782413208556-2,Middle Shelf,,,,,,,,,,,,"Methyl alpha-D-mannopyranoside, 99%",,,,g,,2026-06-25T18:46:48.552Z,Physical State: Solid,,,,,Sample,,,,,
,"Micro-90, Concentrated Cleaning Solution",,Main Lab,225,units,,,New Chemical Shelf,Shelf #2,Available,,,,,,,,Daniel Munoz,,,,,,,,,,,,,,,,,dyn-store-1782413208556-2,Chemical Shelfs,dyn-shelf-1782413208556-2,Middle Shelf,,,,,,,,,,,,"Micro-90, Concentrated Cleaning Solution",,,,mL,,2026-06-25T18:46:48.552Z,,,,,,Sample,,,,,
,"MOPS (3-morpholinopropane-1-sulfonic acid),99%",1132-61-2,Main Lab,500,units,,,New Chemical Shelf,Shelf #2,Available,,,,,,,,Daniel Munoz,,,,,,,,,,,,,,,,,dyn-store-1782413208556-2,Chemical Shelfs,dyn-shelf-1782413208556-2,Middle Shelf,,,,,,,,,,,,"MOPS (3-morpholinopropane-1-sulfonic acid),99%",,,,g,,2026-06-25T18:46:48.552Z,Physical State: Solid,,,,,Sample,,,,,
,"MP Alumina TSC, 99%",,Main Lab,500,units,,,New Chemical Shelf,Shelf #1,Available,,,,,,,,Daniel Munoz,,,,,,,,,,,,,,,,,dyn-store-1782413208556-2,Chemical Shelfs,dyn-shelf-1782413208558-18,Top Shelf,,,,,,,,,,,,"MP Alumina TSC, 99%",,,,g,,2026-06-25T18:46:48.552Z,Physical State: Solid,,,,,Sample,,,,,
,mPEG-Maleimide,,Main Lab,1,units,,,Freezer #2,Jar 1,Available,,,,,,,,Daniel Munoz,,,,,,,,,,,,,,,,,dyn-store-1782413208558-31,Freezer #2 - Close to Shakers,dyn-shelf-1782413208558-31,Shelf 1,,,,,,,dyn-box-1782413208558-31,Jar 1,,,,mPEG-Maleimide,,,,g,,2026-06-25T18:46:48.552Z,Physical State: Solid,,,,,Sample,,,,,
,"mPEG-Maleimide,",,Main Lab,1,units,,,Freezer #2,Jar 1,Available,,,,,,,,Daniel Munoz,,,,,,,,,,,,,,,,,dyn-store-1782413208558-31,Freezer #2 - Close to Shakers,dyn-shelf-1782413208558-31,Shelf 1,,,,,,,dyn-box-1782413208558-31,Jar 1,,,,"mPEG-Maleimide,",,,,g,,2026-06-25T18:46:48.552Z,Physical State: Solid,,,,,Sample,,,,,
,Mts-Atf-Biotin Label Transfer Reagent,,Main Lab,5,units,,,Freezer #2,Jar 5,Available,,,,,,,,Daniel Munoz,,,,,,,,,,,,,,,,,dyn-store-1782413208558-31,Freezer #2 - Close to Shakers,dyn-shelf-1782413208558-31,Shelf 1,,,,,,,dyn-box-1782413208564-176,Jar 5,,,,Mts-Atf-Biotin Label Transfer Reagent,,,,mg,,2026-06-25T18:46:48.552Z,,,,,,Sample,,,,,
,"myo-Inositol, 99%",87-89-8,Main Lab,25,units,,,New Chemical Shelf,Shelf #2,Available,,,,,,,,Daniel Munoz,,,,,,,,,,,,,,,,,dyn-store-1782413208556-2,Chemical Shelfs,dyn-shelf-1782413208556-2,Middle Shelf,,,,,,,,,,,,"myo-Inositol, 99%",,,,g,,2026-06-25T18:46:48.552Z,Physical State: Solid,,,,,Sample,,,,,
,"Myristic (1-tetradecanoic) acid, 98%",544-63-8,Main Lab,100,units,,,New Chemical Shelf,Shelf #2,Available,,,,,,,,Daniel Munoz,,,,,,,,,,,,,,,,,dyn-store-1782413208556-2,Chemical Shelfs,dyn-shelf-1782413208556-2,Middle Shelf,,,,,,,,,,,,"Myristic (1-tetradecanoic) acid, 98%",,,,g,,2026-06-25T18:46:48.552Z,Physical State: Solid,,,,,Sample,,,,,
,N-(1-pyrene)maleimide,,Main Lab,100,units,,,Freezer #2,Jar 3,Available,,,,,,,,Daniel Munoz,,,,,,,,,,,,,,,,,dyn-store-1782413208558-31,Freezer #2 - Close to Shakers,dyn-shelf-1782413208558-31,Shelf 1,,,,,,,dyn-box-1782413208559-42,Jar 3,,,,N-(1-pyrene)maleimide,,,,mg,,2026-06-25T18:46:48.552Z,Physical State: solid,,,,,Sample,,,,,
,N-(3-Dimethylaminopropyl)-N'-ethylcarbodiimide,1892-57-5,Main Lab,10,units,,,Freezer #2,Jar 1,Available,,,,,,,,Daniel Munoz,,,,,,,,,,,,,,,,,dyn-store-1782413208558-31,Freezer #2 - Close to Shakers,dyn-shelf-1782413208558-31,Shelf 1,,,,,,,dyn-box-1782413208558-31,Jar 1,,,,N-(3-Dimethylaminopropyl)-N'-ethylcarbodiimide,,,,mL,,2026-06-25T18:46:48.552Z,Physical State: Liquid,,,,,Sample,,,,,
,n-Dodecyl-B-D-maltoside,69227-93-6,Main Lab,5,units,,,Freezer #2,Jar 4,Available,,,,,,,,Daniel Munoz,,,,,,,,,,,,,,,,,dyn-store-1782413208558-31,Freezer #2 - Close to Shakers,dyn-shelf-1782413208558-31,Shelf 1,,,,,,,dyn-box-1782413208562-109,Jar 4,,,,n-Dodecyl-B-D-maltoside,,,,g,,2026-06-25T18:46:48.552Z,,,,,,Sample,,,,,
,"n-Dodecyl-N, N-dimethylamine-N-oxide",,Main Lab,5,units,,,Freezer #2,Jar 5,Available,,,,,,,,Daniel Munoz,,,,,,,,,,,,,,,,,dyn-store-1782413208558-31,Freezer #2 - Close to Shakers,dyn-shelf-1782413208558-31,Shelf 1,,,,,,,dyn-box-1782413208564-176,Jar 5,,,,"n-Dodecyl-N, N-dimethylamine-N-oxide",,,,g,,2026-06-25T18:46:48.552Z,,,,,,Sample,,,,,
,n-Dodecyl-ß-D-maltoside,69227-93-6,Main Lab,25,units,,,Freezer #2,Tray 1,Available,,,,,,,,Daniel Munoz,,,,,,,,,,,,,,,,,dyn-store-1782413208558-31,Freezer #2 - Close to Shakers,dyn-shelf-1782413208558-31,Shelf 1,,,,,,,dyn-box-1782413208564-159,Tray 1,,,,n-Dodecyl-ß-D-maltoside,,,,g,,2026-06-25T18:46:48.552Z,,,,,,Sample,,,,,
,"N-Hydroxysuccinimide, 98%",6066-82-6,Main Lab,5,units,,,Dessicator Jar #1,Dessicator Jar #1 / Shelf 1,Available,,,,,,,,Daniel Munoz,,,,,,,,,,,,,,,,,dyn-store-1782413208559-53,Dessicator Jar #1,dyn-shelf-1782413208559-53,Shelf 1,,,,,,,,,,,,"N-Hydroxysuccinimide, 98%",,,,g,,2026-06-25T18:46:48.552Z,Physical State: Solid,,,,,Sample,,,,,
,"N-Lauroylsarcosine sodium salt, 99%",137-16-6,Main Lab,50,units,,,New Chemical Shelf,Shelf #2,Available,,,,,,,,Daniel Munoz,,,,,,,,,,,,,,,,,dyn-store-1782413208556-2,Chemical Shelfs,dyn-shelf-1782413208556-2,Middle Shelf,,,,,,,,,,,,"N-Lauroylsarcosine sodium salt, 99%",,,,g,,2026-06-25T18:46:48.552Z,Physical State: Solid,,,,,Sample,,,,,
,"N-Lauroylsarcosine sodium salt, 99%",137-16-6,Main Lab,50,units,,,New Chemical Shelf,Shelf #2,Available,,,,,,,,Daniel Munoz,,,,,,,,,,,,,,,,,dyn-store-1782413208556-2,Chemical Shelfs,dyn-shelf-1782413208556-2,Middle Shelf,,,,,,,,,,,,"N-Lauroylsarcosine sodium salt, 99%",,,,g,,2026-06-25T18:46:48.552Z,Physical State: Solid,,,,,Sample,,,,,
,"N-Lauroylsarcosine sodium salt, 99%",137-16-6,Main Lab,50,units,,,New Chemical Shelf,Shelf #2,Available,,,,,,,,Daniel Munoz,,,,,,,,,,,,,,,,,dyn-store-1782413208556-2,Chemical Shelfs,dyn-shelf-1782413208556-2,Middle Shelf,,,,,,,,,,,,"N-Lauroylsarcosine sodium salt, 99%",,,,g,,2026-06-25T18:46:48.552Z,Physical State: Solid,,,,,Sample,,,,,
,n-Octyl-B-D-glucopyranoside,29836-26-8,Main Lab,5,units,,,Freezer #2,Jar 4,Available,,,,,,,,Daniel Munoz,,,,,,,,,,,,,,,,,dyn-store-1782413208558-31,Freezer #2 - Close to Shakers,dyn-shelf-1782413208558-31,Shelf 1,,,,,,,dyn-box-1782413208562-109,Jar 4,,,,n-Octyl-B-D-glucopyranoside,,,,g,,2026-06-25T18:46:48.552Z,,,,,,Sample,,,,,
,n-Octyl-B-D-Glucopyranoside,29836-26-8,Main Lab,5,units,,,Freezer #2,Jar 5,Available,,,,,,,,Daniel Munoz,,,,,,,,,,,,,,,,,dyn-store-1782413208558-31,Freezer #2 - Close to Shakers,dyn-shelf-1782413208558-31,Shelf 1,,,,,,,dyn-box-1782413208564-176,Jar 5,,,,n-Octyl-B-D-Glucopyranoside,,,,g,,2026-06-25T18:46:48.552Z,,,,,,Sample,,,,,
,n-Octyl-b-D-glucopyranoside,29836-26-8,Main Lab,1,units,,,Freezer #2,Jar 1,Available,,,,,,,,Daniel Munoz,,,,,,,,,,,,,,,,,dyn-store-1782413208558-31,Freezer #2 - Close to Shakers,dyn-shelf-1782413208558-31,Shelf 1,,,,,,,dyn-box-1782413208558-31,Jar 1,,,,n-Octyl-b-D-glucopyranoside,,,,g,,2026-06-25T18:46:48.552Z,Physical State: Solid,,,,,Sample,,,,,
,"N-Octyl-B-D-Glucopyranoside, 99%",,Main Lab,10,units,,,Dessicator Jar #1,Dessicator Jar #1 / Shelf 1,Available,,,,,,,,Daniel Munoz,,,,,,,,,,,,,,,,,dyn-store-1782413208559-53,Dessicator Jar #1,dyn-shelf-1782413208559-53,Shelf 1,,,,,,,,,,,,"N-Octyl-B-D-Glucopyranoside, 99%",,,,g,,2026-06-25T18:46:48.552Z,Physical State: Solid,,,,,Sample,,,,,
,"n-Octyl-b-D-Glucopyranoside, ANAGRADE",29836-26-8,Main Lab,25,units,,,Freezer #2,Tray 1,Available,,,,,,,,Daniel Munoz,,,,,,,,,,,,,,,,,dyn-store-1782413208558-31,Freezer #2 - Close to Shakers,dyn-shelf-1782413208558-31,Shelf 1,,,,,,,dyn-box-1782413208564-159,Tray 1,,,,"n-Octyl-b-D-Glucopyranoside, ANAGRADE",,,,g,,2026-06-25T18:46:48.552Z,Physical State: Solid,,,,,Sample,,,,,
,N-p-Tosyl-L-phenylalanine chloromethyl ketone,,Main Lab,1,units,,,Freezer #2,Jar 1,Available,,,,,,,,Daniel Munoz,,,,,,,,,,,,,,,,,dyn-store-1782413208558-31,Freezer #2 - Close to Shakers,dyn-shelf-1782413208558-31,Shelf 1,,,,,,,dyn-box-1782413208558-31,Jar 1,,,,N-p-Tosyl-L-phenylalanine chloromethyl ketone,,,,g,,2026-06-25T18:46:48.552Z,Physical State: solid,,,,,Sample,,,,,
,"N,N-Dimethylformamide",68-12-2,Main Lab,100,units,,,Sousa RM.A480A EQ034923 Fumehood,Fumehood / Shelf 1,Available,,,,,,,,Daniel Munoz,,,,,,,,,,,,,,,,,dyn-store-1782413208557-6,Fumehood,dyn-shelf-1782413208557-6,Shelf 1,,,,,,,,,,,,"N,N-Dimethylformamide",,,,mL,,2026-06-25T18:46:48.552Z,Physical State: Liquid,,,,,Sample,,,,,
,"N,N-Dimethylformamide",68-12-2,Main Lab,1,units,,,Flammable Cabinet #1,Flammable Cabinet #1 / Shelf 1,Available,,,,,,,,Daniel Munoz,,,,,,,,,,,,,,,,,dyn-store-1782413208557-5,Flammable Cabinet #1,dyn-shelf-1782413208557-5,Shelf 1,,,,,,,,,,,,"N,N-Dimethylformamide",,,,L,,2026-06-25T18:46:48.552Z,Physical State: Liquid,,,,,Sample,,,,,
,"N,N-Methylenebisacrylamide",110-26-9,Main Lab,100,units,,,Refrigerator #2,Tray 1,Available,,,,,,,,Daniel Munoz,,,,,,,,,,,,,,,,,dyn-store-1782413208559-62,Refrigerator #2,dyn-shelf-1782413208559-62,Shelf 1,,,,,,,dyn-box-1782413208569-342,Tray 1,,,,"N,N-Methylenebisacrylamide",,,,g,,2026-06-25T18:46:48.552Z,Physical State: Solid,,,,,Sample,,,,,
,"N,N,N?,N-Tetramethylethylenediamine",110-18-9,Main Lab,25,units,,,Refrigerator #2,Tray 1,Available,,,,,,,,Daniel Munoz,,,,,,,,,,,,,,,,,dyn-store-1782413208559-62,Refrigerator #2,dyn-shelf-1782413208559-62,Shelf 1,,,,,,,dyn-box-1782413208569-342,Tray 1,,,,"N,N,N?,N-Tetramethylethylenediamine",,,,mL,,2026-06-25T18:46:48.552Z,,,,,,Sample,,,,,
,NHS-Activated Dry Agarpse Resin,,Main Lab,1,units,,,Freezer #2,Tray 1,Available,,,,,,,,Daniel Munoz,,,,,,,,,,,,,,,,,dyn-store-1782413208558-31,Freezer #2 - Close to Shakers,dyn-shelf-1782413208558-31,Shelf 1,,,,,,,dyn-box-1782413208564-159,Tray 1,,,,NHS-Activated Dry Agarpse Resin,,,,g,,2026-06-25T18:46:48.552Z,,,,,,Sample,,,,,
,"Nickel (II) Chloride Hexahydrate, 99%",7791-20-0,Main Lab,250,units,,,New Chemical Shelf,Shelf #2,Available,,,,,,,,Daniel Munoz,,,,,,,,,,,,,,,,,dyn-store-1782413208556-2,Chemical Shelfs,dyn-shelf-1782413208556-2,Middle Shelf,,,,,,,,,,,,"Nickel (II) Chloride Hexahydrate, 99%",,,,g,,2026-06-25T18:46:48.552Z,Physical State: Solid,,,,,Sample,,,,,
,Nickel Sulfate Hexahydrate,10101-97-0,Main Lab,100,units,,,New Chemical Shelf,Shelf #2,Available,,,,,,,,Daniel Munoz,,,,,,,,,,,,,,,,,dyn-store-1782413208556-2,Chemical Shelfs,dyn-shelf-1782413208556-2,Middle Shelf,,,,,,,,,,,,Nickel Sulfate Hexahydrate,,,,g,,2026-06-25T18:46:48.552Z,Physical State: Solid,,,,,Sample,,,,,
,Nonfat Instant Milk,,Main Lab,1,units,,,New Chemical Shelf,Shelf #2,Available,,,,,,,,Daniel Munoz,,,,,,,,,,,,,,,,,dyn-store-1782413208556-2,Chemical Shelfs,dyn-shelf-1782413208556-2,Middle Shelf,,,,,,,,,,,,Nonfat Instant Milk,,,,jar,,2026-06-25T18:46:48.552Z,,,,,,Sample,,,,,
,"NZY Broth, 99%",--,Main Lab,500,units,,,New Chemical Shelf,Shelf #2,Available,,,,,,,,Daniel Munoz,,,,,,,,,,,,,,,,,dyn-store-1782413208556-2,Chemical Shelfs,dyn-shelf-1782413208556-2,Middle Shelf,,,,,,,,,,,,"NZY Broth, 99%",,,,g,,2026-06-25T18:46:48.552Z,Physical State: Solid,,,,,Sample,,,,,
,Oligomycin,,Main Lab,10,units,,,Freezer #2,Jar 3,Available,,,,,,,,Daniel Munoz,,,,,,,,,,,,,,,,,dyn-store-1782413208558-31,Freezer #2 - Close to Shakers,dyn-shelf-1782413208558-31,Shelf 1,,,,,,,dyn-box-1782413208559-42,Jar 3,,,,Oligomycin,,,,mg,,2026-06-25T18:46:48.552Z,Physical State: liquid,,,,,Sample,,,,,
,Optimizer blueBALLS,,Main Lab,500,units,,,New Chemical Shelf,Shelf #2,Available,,,,,,,,Daniel Munoz,,,,,,,,,,,,,,,,,dyn-store-1782413208556-2,Chemical Shelfs,dyn-shelf-1782413208556-2,Middle Shelf,,,,,,,,,,,,Optimizer blueBALLS,,,,units,,2026-06-25T18:46:48.552Z,,,,,,Sample,,,,,
,"Orange G, 99%",1936-15-8,Main Lab,25,units,,,New Chemical Shelf,Shelf #2,Available,,,,,,,,Daniel Munoz,,,,,,,,,,,,,,,,,dyn-store-1782413208556-2,Chemical Shelfs,dyn-shelf-1782413208556-2,Middle Shelf,,,,,,,,,,,,"Orange G, 99%",,,,g,,2026-06-25T18:46:48.552Z,Physical State: Solid,,,,,Sample,,,,,
,"p-Anisidine, 100 g",104-94-9,Main Lab,100,units,,,New Chemical Shelf,Shelf #1,Available,,,,,,,,Daniel Munoz,,,,,,,,,,,,,,,,,dyn-store-1782413208556-2,Chemical Shelfs,dyn-shelf-1782413208558-18,Top Shelf,,,,,,,,,,,,"p-Anisidine, 100 g",,,,g,,2026-06-25T18:46:48.552Z,,,,,,Sample,,,,,
,Paraffin Oil,,Main Lab,250,units,,,New Chemical Shelf,Shelf #3,Available,,,,,,,,Daniel Munoz,,,,,,,,,,,,,,,,,dyn-store-1782413208556-2,Chemical Shelfs,dyn-shelf-1782413208557-3,Bottom Shelf,,,,,,,,,,,,Paraffin Oil,,,,mL,,2026-06-25T18:46:48.552Z,Physical State: liquid,,,,,Sample,,,,,
,Paratone-N,,Main Lab,100,units,,,New Chemical Shelf,Shelf #3,Available,,,,,,,,Daniel Munoz,,,,,,,,,,,,,,,,,dyn-store-1782413208556-2,Chemical Shelfs,dyn-shelf-1782413208557-3,Bottom Shelf,,,,,,,,,,,,Paratone-N,,,,mL,,2026-06-25T18:46:48.552Z,Physical State: liquid,,,,,Sample,,,,,
,Penicillin G potassium,113-98-4,Main Lab,100,units,,,New Chemical Shelf,Shelf #3,Available,,,,,,,,Daniel Munoz,,,,,,,,,,,,,,,,,dyn-store-1782413208556-2,Chemical Shelfs,dyn-shelf-1782413208557-3,Bottom Shelf,,,,,,,,,,,,Penicillin G potassium,,,,g,,2026-06-25T18:46:48.552Z,Physical State: Solid,,,,,Sample,,,,,
,"Periodic acid, 99%",10450-60-9,Main Lab,25,units,,,New Chemical Shelf,Shelf #3,Available,,,,,,,,Daniel Munoz,,,,,,,,,,,,,,,,,dyn-store-1782413208556-2,Chemical Shelfs,dyn-shelf-1782413208557-3,Bottom Shelf,,,,,,,,,,,,"Periodic acid, 99%",,,,g,,2026-06-25T18:46:48.552Z,Physical State: Solid,,,,,Sample,,,,,
,Phenol,,Main Lab,100,units,,,Freezer #2,Tray 1,Available,,,,,,,,Daniel Munoz,,,,,,,,,,,,,,,,,dyn-store-1782413208558-31,Freezer #2 - Close to Shakers,dyn-shelf-1782413208558-31,Shelf 1,,,,,,,dyn-box-1782413208564-159,Tray 1,,,,Phenol,,,,g,,2026-06-25T18:46:48.552Z,Physical State: liquid,,,,,Sample,,,,,
,Phenylglyoxal monohydrate,1074-12-0,Main Lab,5,units,,,New Chemical Shelf,Shelf #3,Available,,,,,,,,Daniel Munoz,,,,,,,,,,,,,,,,,dyn-store-1782413208556-2,Chemical Shelfs,dyn-shelf-1782413208557-3,Bottom Shelf,,,,,,,,,,,,Phenylglyoxal monohydrate,,,,g,,2026-06-25T18:46:48.552Z,Physical State: Solid,,,,,Sample,,,,,
,Phosphoramidon,,Main Lab,5,units,,,Freezer #2,Jar 3,Available,,,,,,,,Daniel Munoz,,,,,,,,,,,,,,,,,dyn-store-1782413208558-31,Freezer #2 - Close to Shakers,dyn-shelf-1782413208558-31,Shelf 1,,,,,,,dyn-box-1782413208559-42,Jar 3,,,,Phosphoramidon,,,,mg,,2026-06-25T18:46:48.552Z,,,,,,Sample,,,,,
,Phosphoric acid,7664-38-2,Main Lab,500,units,,,Sousa RM.A480A EQ034923 Fumehood,Fumehood / Shelf 1,Available,,,,,,,,Daniel Munoz,,,,,,,,,,,,,,,,,dyn-store-1782413208557-6,Fumehood,dyn-shelf-1782413208557-6,Shelf 1,,,,,,,,,,,,Phosphoric acid,,,,mL,,2026-06-25T18:46:48.552Z,Physical State: Liquid,,,,,Sample,,,,,
,Phosphoric Acid,7664-38-2,Main Lab,250,units,,,Sousa RM.A480A EQ034923 Fumehood,Fumehood / Shelf 1,Available,,,,,,,,Daniel Munoz,,,,,,,,,,,,,,,,,dyn-store-1782413208557-6,Fumehood,dyn-shelf-1782413208557-6,Shelf 1,,,,,,,,,,,,Phosphoric Acid,,,,mL,,2026-06-25T18:46:48.552Z,Physical State: Liquid,,,,,Sample,,,,,
,"Piperidine ReagentPlus®, 99%",110-89-4,Main Lab,100,units,,,Flammable Cabinet #1,Flammable Cabinet #1 / Shelf 1,Available,,,,,,,,Daniel Munoz,,,,,,,,,,,,,,,,,dyn-store-1782413208557-5,Flammable Cabinet #1,dyn-shelf-1782413208557-5,Shelf 1,,,,,,,,,,,,"Piperidine ReagentPlus®, 99%",,,,mL,,2026-06-25T18:46:48.552Z,,,,,,Sample,,,,,
,"PMSF, Phenylmethanesulfonyl fluoride, 99%",329-98-6,Main Lab,10,units,,,New Chemical Shelf,Shelf #3,Available,,,,,,,,Daniel Munoz,,,,,,,,,,,,,,,,,dyn-store-1782413208556-2,Chemical Shelfs,dyn-shelf-1782413208557-3,Bottom Shelf,,,,,,,,,,,,"PMSF, Phenylmethanesulfonyl fluoride, 99%",,,,g,,2026-06-25T18:46:48.552Z,Physical State: Solid,,,,,Sample,,,,,
,"PMSF, Phenylmethylsulfonyl fluoride",329-98-6,Main Lab,25,units,,,Freezer #2,Tray 1,Available,,,,,,,,Daniel Munoz,,,,,,,,,,,,,,,,,dyn-store-1782413208558-31,Freezer #2 - Close to Shakers,dyn-shelf-1782413208558-31,Shelf 1,,,,,,,dyn-box-1782413208564-159,Tray 1,,,,"PMSF, Phenylmethylsulfonyl fluoride",,,,g,,2026-06-25T18:46:48.552Z,Physical State: Solid,,,,,Sample,,,,,
,Poly-L-glutamic acid sodium salt,,Main Lab,100,units,,,Freezer #2,Jar 1,Available,,,,,,,,Daniel Munoz,,,,,,,,,,,,,,,,,dyn-store-1782413208558-31,Freezer #2 - Close to Shakers,dyn-shelf-1782413208558-31,Shelf 1,,,,,,,dyn-box-1782413208558-31,Jar 1,,,,Poly-L-glutamic acid sodium salt,,,,mg,,2026-06-25T18:46:48.552Z,Physical State: solid,,,,,Sample,,,,,
,"Poly(Glu, Tyr) sodium salt (4:1 Glu, Tyr)",,Main Lab,10,units,,,Freezer #2,Jar 2,Available,,,,,,,,Daniel Munoz,,,,,,,,,,,,,,,,,dyn-store-1782413208558-31,Freezer #2 - Close to Shakers,dyn-shelf-1782413208558-31,Shelf 1,,,,,,,dyn-box-1782413208558-36,Jar 2,,,,"Poly(Glu, Tyr) sodium salt (4:1 Glu, Tyr)",,,,mg,,2026-06-25T18:46:48.552Z,,,,,,Sample,,,,,
,Ponceau S,6226-79-5,Main Lab,10,units,,,New Chemical Shelf,Shelf #3,Available,,,,,,,,Daniel Munoz,,,,,,,,,,,,,,,,,dyn-store-1782413208556-2,Chemical Shelfs,dyn-shelf-1782413208557-3,Bottom Shelf,,,,,,,,,,,,Ponceau S,,,,g,,2026-06-25T18:46:48.552Z,Physical State: Solid,,,,,Sample,,,,,
,"Potassium acetate, 99%",127-08-2,Main Lab,500,units,,,New Chemical Shelf,Shelf #3,Available,,,,,,,,Daniel Munoz,,,,,,,,,,,,,,,,,dyn-store-1782413208556-2,Chemical Shelfs,dyn-shelf-1782413208557-3,Bottom Shelf,,,,,,,,,,,,"Potassium acetate, 99%",,,,g,,2026-06-25T18:46:48.552Z,Physical State: Solid,,,,,Sample,,,,,
,"Potassium acetate, 99%",127-08-2,Main Lab,100,units,,,New Chemical Shelf,Shelf #3,Available,,,,,,,,Daniel Munoz,,,,,,,,,,,,,,,,,dyn-store-1782413208556-2,Chemical Shelfs,dyn-shelf-1782413208557-3,Bottom Shelf,,,,,,,,,,,,"Potassium acetate, 99%",,,,g,,2026-06-25T18:46:48.552Z,Physical State: Solid,,,,,Sample,,,,,
,"Potassium Bromide, 99%",1958-02-03,Main Lab,100,units,,,Dessicator Jar #1,Dessicator Jar #1 / Shelf 1,Available,,,,,,,,Daniel Munoz,,,,,,,,,,,,,,,,,dyn-store-1782413208559-53,Dessicator Jar #1,dyn-shelf-1782413208559-53,Shelf 1,,,,,,,,,,,,"Potassium Bromide, 99%",,,,g,,2026-06-25T18:46:48.552Z,Physical State: Solid,,,,,Sample,,,,,
,"Potassium Bromide, 99%",1958-02-03,Main Lab,250,units,,,New Chemical Shelf,Shelf #3,Available,,,,,,,,Daniel Munoz,,,,,,,,,,,,,,,,,dyn-store-1782413208556-2,Chemical Shelfs,dyn-shelf-1782413208557-3,Bottom Shelf,,,,,,,,,,,,"Potassium Bromide, 99%",,,,g,,2026-06-25T18:46:48.552Z,Physical State: Solid,,,,,Sample,,,,,
,Potassium Carbonate Anhydrous,584-08-7,Main Lab,500,units,,,New Chemical Shelf,Shelf #3,Available,,,,,,,,Daniel Munoz,,,,,,,,,,,,,,,,,dyn-store-1782413208556-2,Chemical Shelfs,dyn-shelf-1782413208557-3,Bottom Shelf,,,,,,,,,,,,Potassium Carbonate Anhydrous,,,,g,,2026-06-25T18:46:48.552Z,Physical State: Solid,,,,,Sample,,,,,
,"Potassium Chloride, 99%",7447-40-7,Main Lab,3,units,,,New Chemical Shelf,Shelf #3,Available,,,,,,,,Daniel Munoz,,,,,,,,,,,,,,,,,dyn-store-1782413208556-2,Chemical Shelfs,dyn-shelf-1782413208557-3,Bottom Shelf,,,,,,,,,,,,"Potassium Chloride, 99%",,,,kg,,2026-06-25T18:46:48.552Z,Physical State: Solid,,,,,Sample,,,,,
,Potassium dihydrogen phosphate,7778-77-0,Main Lab,500,units,,,New Chemical Shelf,Shelf #3,Available,,,,,,,,Daniel Munoz,,,,,,,,,,,,,,,,,dyn-store-1782413208556-2,Chemical Shelfs,dyn-shelf-1782413208557-3,Bottom Shelf,,,,,,,,,,,,Potassium dihydrogen phosphate,,,,g,,2026-06-25T18:46:48.552Z,Physical State: Solid,,,,,Sample,,,,,
,Potassium Ferricyanide(III),13746-66-2,Main Lab,5,units,,,New Chemical Shelf,Shelf #3,Available,,,,,,,,Daniel Munoz,,,,,,,,,,,,,,,,,dyn-store-1782413208556-2,Chemical Shelfs,dyn-shelf-1782413208557-3,Bottom Shelf,,,,,,,,,,,,Potassium Ferricyanide(III),,,,g,,2026-06-25T18:46:48.552Z,Physical State: Solid,,,,,Sample,,,,,
,"Potassium flouride, 99%",,Main Lab,100,units,,,Dessicator Jar #1,Dessicator Jar #1 / Shelf 1,Available,,,,,,,,Daniel Munoz,,,,,,,,,,,,,,,,,dyn-store-1782413208559-53,Dessicator Jar #1,dyn-shelf-1782413208559-53,Shelf 1,,,,,,,,,,,,"Potassium flouride, 99%",,,,g,,2026-06-25T18:46:48.552Z,Physical State: Solid,,,,,Sample,,,,,
,Potassium formate,590-29-4,Main Lab,500,units,,,New Chemical Shelf,Shelf #3,Available,,,,,,,,Daniel Munoz,,,,,,,,,,,,,,,,,dyn-store-1782413208556-2,Chemical Shelfs,dyn-shelf-1782413208557-3,Bottom Shelf,,,,,,,,,,,,Potassium formate,,,,g,,2026-06-25T18:46:48.552Z,Physical State: Solid,,,,,Sample,,,,,
,"Potassium hexacyanoferrate(II) trihydrate, 99%",14459-95-1,Main Lab,100,units,,,New Chemical Shelf,Shelf #3,Available,,,,,,,,Daniel Munoz,,,,,,,,,,,,,,,,,dyn-store-1782413208556-2,Chemical Shelfs,dyn-shelf-1782413208557-3,Bottom Shelf,,,,,,,,,,,,"Potassium hexacyanoferrate(II) trihydrate, 99%",,,,g,,2026-06-25T18:46:48.552Z,Physical State: Solid,,,,,Sample,,,,,
,"Potassium hydroxide, 99%",1310-58-3,Main Lab,500,units,,,New Chemical Shelf,Shelf #3,Available,,,,,,,,Daniel Munoz,,,,,,,,,,,,,,,,,dyn-store-1782413208556-2,Chemical Shelfs,dyn-shelf-1782413208557-3,Bottom Shelf,,,,,,,,,,,,"Potassium hydroxide, 99%",,,,g,,2026-06-25T18:46:48.552Z,Physical State: Solid,,,,,Sample,,,,,
,"Potassium hydroxide, 99%",1310-58-3,Main Lab,250,units,,,New Chemical Shelf,Shelf #3,Available,,,,,,,,Daniel Munoz,,,,,,,,,,,,,,,,,dyn-store-1782413208556-2,Chemical Shelfs,dyn-shelf-1782413208557-3,Bottom Shelf,,,,,,,,,,,,"Potassium hydroxide, 99%",,,,g,,2026-06-25T18:46:48.552Z,Physical State: Solid,,,,,Sample,,,,,
,"Potassium iodide, 99%",7681-11-0,Main Lab,100,units,,,New Chemical Shelf,Shelf #3,Available,,,,,,,,Daniel Munoz,,,,,,,,,,,,,,,,,dyn-store-1782413208556-2,Chemical Shelfs,dyn-shelf-1782413208557-3,Bottom Shelf,,,,,,,,,,,,"Potassium iodide, 99%",,,,g,,2026-06-25T18:46:48.552Z,Physical State: Solid,,,,,Sample,,,,,
,"Potassium nitrate, 99%",7757-79-1,Main Lab,500,units,,,New Chemical Shelf,Shelf #3,Available,,,,,,,,Daniel Munoz,,,,,,,,,,,,,,,,,dyn-store-1782413208556-2,Chemical Shelfs,dyn-shelf-1782413208557-3,Bottom Shelf,,,,,,,,,,,,"Potassium nitrate, 99%",,,,g,,2026-06-25T18:46:48.552Z,Physical State: Solid,,,,,Sample,,,,,
,Potassium phosphate dibasic,1958-11-04,Main Lab,70,units,,,New Chemical Shelf,Shelf #3,Available,,,,,,,,Daniel Munoz,,,,,,,,,,,,,,,,,dyn-store-1782413208556-2,Chemical Shelfs,dyn-shelf-1782413208557-3,Bottom Shelf,,,,,,,,,,,,Potassium phosphate dibasic,,,,g,,2026-06-25T18:46:48.552Z,Physical State: Solid,,,,,Sample,,,,,
,"Potassium phosphate monobasic, 99%",7778-77-0,Main Lab,500,units,,,New Chemical Shelf,Shelf #3,Available,,,,,,,,Daniel Munoz,,,,,,,,,,,,,,,,,dyn-store-1782413208556-2,Chemical Shelfs,dyn-shelf-1782413208557-3,Bottom Shelf,,,,,,,,,,,,"Potassium phosphate monobasic, 99%",,,,g,,2026-06-25T18:46:48.552Z,Physical State: Solid,,,,,Sample,,,,,
,Potassium sodium tartrate tetrahydrate,6381-59-5,Main Lab,250,units,,,New Chemical Shelf,Shelf #3,Available,,,,,,,,Daniel Munoz,,,,,,,,,,,,,,,,,dyn-store-1782413208556-2,Chemical Shelfs,dyn-shelf-1782413208557-3,Bottom Shelf,,,,,,,,,,,,Potassium sodium tartrate tetrahydrate,,,,g,,2026-06-25T18:46:48.552Z,Physical State: Solid,,,,,Sample,,,,,
,"Potassium thiocyanate, 99%",333-20-0,Main Lab,100,units,,,New Chemical Shelf,Shelf #3,Available,,,,,,,,Daniel Munoz,,,,,,,,,,,,,,,,,dyn-store-1782413208556-2,Chemical Shelfs,dyn-shelf-1782413208557-3,Bottom Shelf,,,,,,,,,,,,"Potassium thiocyanate, 99%",,,,g,,2026-06-25T18:46:48.552Z,Physical State: Solid,,,,,Sample,,,,,
,"Propylene Glycol(1,2-Propanediol)",57-55-6,Main Lab,500,units,,,New Chemical Shelf,Shelf #3,Available,,,,,,,,Daniel Munoz,,,,,,,,,,,,,,,,,dyn-store-1782413208556-2,Chemical Shelfs,dyn-shelf-1782413208557-3,Bottom Shelf,,,,,,,,,,,,"Propylene Glycol(1,2-Propanediol)",,,,mL,,2026-06-25T18:46:48.552Z,Physical State: Liquid,,,,,Sample,,,,,
,Protease Inhibitor Cocktail,,Main Lab,5,units,,,Freezer #2,Jar 3,Available,,,,,,,,Daniel Munoz,,,,,,,,,,,,,,,,,dyn-store-1782413208558-31,Freezer #2 - Close to Shakers,dyn-shelf-1782413208558-31,Shelf 1,,,,,,,dyn-box-1782413208559-42,Jar 3,,,,Protease Inhibitor Cocktail,,,,mL,,2026-06-25T18:46:48.552Z,Physical State: liquid,,,,,Sample,,,,,
,Protease Inhibitor Cocktail,,Main Lab,5,units,,,Freezer #2,Jar 3,Available,,,,,,,,Daniel Munoz,,,,,,,,,,,,,,,,,dyn-store-1782413208558-31,Freezer #2 - Close to Shakers,dyn-shelf-1782413208558-31,Shelf 1,,,,,,,dyn-box-1782413208559-42,Jar 3,,,,Protease Inhibitor Cocktail,,,,mL,,2026-06-25T18:46:48.552Z,Physical State: liquid,,,,,Sample,,,,,
,Protease Inhibitor Cocktail,,Main Lab,5,units,,,Freezer #2,Jar 3,Available,,,,,,,,Daniel Munoz,,,,,,,,,,,,,,,,,dyn-store-1782413208558-31,Freezer #2 - Close to Shakers,dyn-shelf-1782413208558-31,Shelf 1,,,,,,,dyn-box-1782413208559-42,Jar 3,,,,Protease Inhibitor Cocktail,,,,mL,,2026-06-25T18:46:48.552Z,Physical State: liquid,,,,,Sample,,,,,
,Pyridine,110-86-1,Main Lab,1,units,,,Flammable Cabinet #1,Batey/Sousa RM.A450 Flammable Cabinet #1 Sousa Shelf,Available,,,,,,,,Daniel Munoz,,,,,,,,,,,,,,,,,dyn-store-1782413208557-5,Flammable Cabinet #1,dyn-shelf-1782413208559-57,Batey/Sousa RM.A450 Flammable Cabinet #1 Sousa Shelf,,,,,,,,,,,,Pyridine,,,,L,,2026-06-25T18:46:48.552Z,,,,,,Sample,,,,,
,RNAprotect Bacteria Reagent,,Main Lab,100,units,,,New Chemical Shelf,Shelf #3,Available,,,,,,,,Daniel Munoz,,,,,,,,,,,,,,,,,dyn-store-1782413208556-2,Chemical Shelfs,dyn-shelf-1782413208557-3,Bottom Shelf,,,,,,,,,,,,RNAprotect Bacteria Reagent,,,,mL,,2026-06-25T18:46:48.552Z,,,,,,Sample,,,,,
,RNase A,,Main Lab,6,units,,,Refrigerator #2,Tray 1,Available,,,,,,,,Daniel Munoz,,,,,,,,,,,,,,,,,dyn-store-1782413208559-62,Refrigerator #2,dyn-shelf-1782413208559-62,Shelf 1,,,,,,,dyn-box-1782413208569-342,Tray 1,,,,RNase A,,,,kit,,2026-06-25T18:46:48.552Z,,,,,,Sample,,,,,
,"Saponin from quillaja bark, 99%",8047-15-2,Main Lab,100,units,,,New Chemical Shelf,Shelf #3,Available,,,,,,,,Daniel Munoz,,,,,,,,,,,,,,,,,dyn-store-1782413208556-2,Chemical Shelfs,dyn-shelf-1782413208557-3,Bottom Shelf,,,,,,,,,,,,"Saponin from quillaja bark, 99%",,,,g,,2026-06-25T18:46:48.552Z,Physical State: Solid,,,,,Sample,,,,,
,SeaKem LE Agarose,,Main Lab,125,units,,,New Chemical Shelf,Shelf #1,Available,,,,,,,,Daniel Munoz,,,,,,,,,,,,,,,,,dyn-store-1782413208556-2,Chemical Shelfs,dyn-shelf-1782413208558-18,Top Shelf,,,,,,,,,,,,SeaKem LE Agarose,,,,g,,2026-06-25T18:46:48.552Z,Physical State: Solid,,,,,Sample,,,,,
,"Silver nitrate, 99%",7761-88-8,Main Lab,25,units,,,New Chemical Shelf,Shelf #3,Available,,,,,,,,Daniel Munoz,,,,,,,,,,,,,,,,,dyn-store-1782413208556-2,Chemical Shelfs,dyn-shelf-1782413208557-3,Bottom Shelf,,,,,,,,,,,,"Silver nitrate, 99%",,,,g,,2026-06-25T18:46:48.552Z,Physical State: Solid,,,,,Sample,,,,,
,"Sodium acetate, 99%",127-09-3,Main Lab,250,units,,,New Chemical Shelf,Shelf #3,Available,,,,,,,,Daniel Munoz,,,,,,,,,,,,,,,,,dyn-store-1782413208556-2,Chemical Shelfs,dyn-shelf-1782413208557-3,Bottom Shelf,,,,,,,,,,,,"Sodium acetate, 99%",,,,g,,2026-06-25T18:46:48.552Z,Physical State: Solid,,,,,Sample,,,,,
,"Sodium Bicarbonate, 99%",144-55-8,Main Lab,500,units,,,New Chemical Shelf,Shelf #3,Available,,,,,,,,Daniel Munoz,,,,,,,,,,,,,,,,,dyn-store-1782413208556-2,Chemical Shelfs,dyn-shelf-1782413208557-3,Bottom Shelf,,,,,,,,,,,,"Sodium Bicarbonate, 99%",,,,g,,2026-06-25T18:46:48.552Z,Physical State: Solid,,,,,Sample,,,,,
,"Sodium bromide, 99%",7647-15-6,Main Lab,100,units,,,New Chemical Shelf,Shelf #3,Available,,,,,,,,Daniel Munoz,,,,,,,,,,,,,,,,,dyn-store-1782413208556-2,Chemical Shelfs,dyn-shelf-1782413208557-3,Bottom Shelf,,,,,,,,,,,,"Sodium bromide, 99%",,,,g,,2026-06-25T18:46:48.552Z,Physical State: Solid,,,,,Sample,,,,,
,"Sodium cacodylate trihydrate, 99%",6131-99-3,Main Lab,25,units,,,New Chemical Shelf,Shelf #3,Available,,,,,,,,Daniel Munoz,,,,,,,,,,,,,,,,,dyn-store-1782413208556-2,Chemical Shelfs,dyn-shelf-1782413208557-3,Bottom Shelf,,,,,,,,,,,,"Sodium cacodylate trihydrate, 99%",,,,g,,2026-06-25T18:46:48.552Z,Physical State: Solid,,,,,Sample,,,,,
,"Sodium Carbonate anhydrous, 99%",497-19-5,Main Lab,500,units,,,New Chemical Shelf,Shelf #3,Available,,,,,,,,Daniel Munoz,,,,,,,,,,,,,,,,,dyn-store-1782413208556-2,Chemical Shelfs,dyn-shelf-1782413208557-3,Bottom Shelf,,,,,,,,,,,,"Sodium Carbonate anhydrous, 99%",,,,g,,2026-06-25T18:46:48.552Z,Physical State: Solid,,,,,Sample,,,,,
,"Sodium carbonate, anhydrous, 99%",497-19-8,Main Lab,500,units,,,New Chemical Shelf,Shelf #3,Available,,,,,,,,Daniel Munoz,,,,,,,,,,,,,,,,,dyn-store-1782413208556-2,Chemical Shelfs,dyn-shelf-1782413208557-3,Bottom Shelf,,,,,,,,,,,,"Sodium carbonate, anhydrous, 99%",,,,g,,2026-06-25T18:46:48.552Z,Physical State: Solid,,,,,Sample,,,,,
,"Sodium chloride, 99%",7647-14-5,Main Lab,3,units,,,New Chemical Shelf,Under bench #1,Available,,,,,,,,Daniel Munoz,,,,,,,,,,,,,,,,,dyn-store-1782413208556-2,Chemical Shelfs,dyn-shelf-1782413208566-236,Under Bench Storage,,,,,,,dyn-box-1782413208566-236,Under bench #1,,,,"Sodium chloride, 99%",,,,g,,2026-06-25T18:46:48.552Z,Physical State: Solid,,,,,Sample,,,,,
,"Sodium chloride, 99%",7647-14-5,Main Lab,10,units,,,New Chemical Shelf,Under bench #1,Available,,,,,,,,Daniel Munoz,,,,,,,,,,,,,,,,,dyn-store-1782413208556-2,Chemical Shelfs,dyn-shelf-1782413208566-236,Under Bench Storage,,,,,,,dyn-box-1782413208566-236,Under bench #1,,,,"Sodium chloride, 99%",,,,kg,,2026-06-25T18:46:48.552Z,Physical State: Solid,,,,,Sample,,,,,
,"Sodium chloride, 99%",7647-14-5,Main Lab,500,units,,,New Chemical Shelf,Shelf #3,Available,,,,,,,,Daniel Munoz,,,,,,,,,,,,,,,,,dyn-store-1782413208556-2,Chemical Shelfs,dyn-shelf-1782413208557-3,Bottom Shelf,,,,,,,,,,,,"Sodium chloride, 99%",,,,g,,2026-06-25T18:46:48.552Z,Physical State: Solid,,,,,Sample,,,,,
,"Sodium cyanoborohydride, 95%",25895-60-7,Main Lab,10,units,,,New Chemical Shelf,Shelf #3,Available,,,,,,,,Daniel Munoz,,,,,,,,,,,,,,,,,dyn-store-1782413208556-2,Chemical Shelfs,dyn-shelf-1782413208557-3,Bottom Shelf,,,,,,,,,,,,"Sodium cyanoborohydride, 95%",,,,g,,2026-06-25T18:46:48.552Z,Physical State: Solid,,,,,Sample,,,,,
,"Sodium cyanoborohydride, 95%",25895-60-7,Main Lab,10,units,,,New Chemical Shelf,Shelf #3,Available,,,,,,,,Daniel Munoz,,,,,,,,,,,,,,,,,dyn-store-1782413208556-2,Chemical Shelfs,dyn-shelf-1782413208557-3,Bottom Shelf,,,,,,,,,,,,"Sodium cyanoborohydride, 95%",,,,g,,2026-06-25T18:46:48.552Z,Physical State: Solid,,,,,Sample,,,,,
,"Sodium deoxycholate, 98%",302-95-4,Main Lab,25,units,,,New Chemical Shelf,Shelf #3,Available,,,,,,,,Daniel Munoz,,,,,,,,,,,,,,,,,dyn-store-1782413208556-2,Chemical Shelfs,dyn-shelf-1782413208557-3,Bottom Shelf,,,,,,,,,,,,"Sodium deoxycholate, 98%",,,,g,,2026-06-25T18:46:48.552Z,Physical State: Solid,,,,,Sample,,,,,
,"Sodium deoxycholate, 98%",302-95-4,Main Lab,10,units,,,New Chemical Shelf,Shelf #3,Available,,,,,,,,Daniel Munoz,,,,,,,,,,,,,,,,,dyn-store-1782413208556-2,Chemical Shelfs,dyn-shelf-1782413208557-3,Bottom Shelf,,,,,,,,,,,,"Sodium deoxycholate, 98%",,,,g,,2026-06-25T18:46:48.552Z,Physical State: Solid,,,,,Sample,,,,,
,Sodium dodecyl sulfate,151-21-3,Main Lab,500,units,,,New Chemical Shelf,Under bench #1,Available,,,,,,,,Daniel Munoz,,,,,,,,,,,,,,,,,dyn-store-1782413208556-2,Chemical Shelfs,dyn-shelf-1782413208566-236,Under Bench Storage,,,,,,,dyn-box-1782413208566-236,Under bench #1,,,,Sodium dodecyl sulfate,,,,g,,2026-06-25T18:46:48.552Z,,,,,,Sample,,,,,
,Sodium Fluoride,,Main Lab,5,units,,,New Chemical Shelf,Shelf #3,Available,,,,,,,,Daniel Munoz,,,,,,,,,,,,,,,,,dyn-store-1782413208556-2,Chemical Shelfs,dyn-shelf-1782413208557-3,Bottom Shelf,,,,,,,,,,,,Sodium Fluoride,,,,g,,2026-06-25T18:46:48.552Z,,,,,,Sample,,,,,
,"Sodium formate, 99%",141-53-7,Main Lab,1,units,,,New Chemical Shelf,Shelf #3,Available,,,,,,,,Daniel Munoz,,,,,,,,,,,,,,,,,dyn-store-1782413208556-2,Chemical Shelfs,dyn-shelf-1782413208557-3,Bottom Shelf,,,,,,,,,,,,"Sodium formate, 99%",,,,kg,,2026-06-25T18:46:48.552Z,Physical State: Solid,,,,,Sample,,,,,
,Sodium hydroxide,1310-73-2,Main Lab,500,units,,,New Chemical Shelf,Shelf #3,Available,,,,,,,,Daniel Munoz,,,,,,,,,,,,,,,,,dyn-store-1782413208556-2,Chemical Shelfs,dyn-shelf-1782413208557-3,Bottom Shelf,,,,,,,,,,,,Sodium hydroxide,,,,g,,2026-06-25T18:46:48.552Z,Physical State: Solid,,,,,Sample,,,,,
,"Sodium iodide, 99%",7681-82-5,Main Lab,100,units,,,New Chemical Shelf,Shelf #3,Available,,,,,,,,Daniel Munoz,,,,,,,,,,,,,,,,,dyn-store-1782413208556-2,Chemical Shelfs,dyn-shelf-1782413208557-3,Bottom Shelf,,,,,,,,,,,,"Sodium iodide, 99%",,,,g,,2026-06-25T18:46:48.552Z,Physical State: Solid,,,,,Sample,,,,,
,"Sodium malonate dibasic monohydrate, 98%",26522-85-0,Main Lab,100,units,,,New Chemical Shelf,Shelf #3,Available,,,,,,,,Daniel Munoz,,,,,,,,,,,,,,,,,dyn-store-1782413208556-2,Chemical Shelfs,dyn-shelf-1782413208557-3,Bottom Shelf,,,,,,,,,,,,"Sodium malonate dibasic monohydrate, 98%",,,,g,,2026-06-25T18:46:48.552Z,Physical State: Solid,,,,,Sample,,,,,
,"Sodium perchlorate monohydrate, 99%",1991-07-03,Main Lab,250,units,,,New Chemical Shelf,Shelf #3,Available,,,,,,,,Daniel Munoz,,,,,,,,,,,,,,,,,dyn-store-1782413208556-2,Chemical Shelfs,dyn-shelf-1782413208557-3,Bottom Shelf,,,,,,,,,,,,"Sodium perchlorate monohydrate, 99%",,,,g,,2026-06-25T18:46:48.552Z,Physical State: Solid,,,,,Sample,,,,,
,Sodium Phosphate,7558-79-4,Main Lab,500,units,,,New Chemical Shelf,Shelf #3,Available,,,,,,,,Daniel Munoz,,,,,,,,,,,,,,,,,dyn-store-1782413208556-2,Chemical Shelfs,dyn-shelf-1782413208557-3,Bottom Shelf,,,,,,,,,,,,Sodium Phosphate,,,,g,,2026-06-25T18:46:48.552Z,Physical State: Solid,,,,,Sample,,,,,
,"Sodium phosphate dibasic anhydrous, 99%",7558-79-4,Main Lab,500,units,,,New Chemical Shelf,Shelf #3,Available,,,,,,,,Daniel Munoz,,,,,,,,,,,,,,,,,dyn-store-1782413208556-2,Chemical Shelfs,dyn-shelf-1782413208557-3,Bottom Shelf,,,,,,,,,,,,"Sodium phosphate dibasic anhydrous, 99%",,,,g,,2026-06-25T18:46:48.552Z,Physical State: Solid,,,,,Sample,,,,,
,"Sodium phosphate dibasic heptahydrate, 99%",77782-85-6,Main Lab,500,units,,,New Chemical Shelf,Shelf #3,Available,,,,,,,,Daniel Munoz,,,,,,,,,,,,,,,,,dyn-store-1782413208556-2,Chemical Shelfs,dyn-shelf-1782413208557-3,Bottom Shelf,,,,,,,,,,,,"Sodium phosphate dibasic heptahydrate, 99%",,,,g,,2026-06-25T18:46:48.552Z,Physical State: Solid,,,,,Sample,,,,,
,"Sodium phosphate monobasic monohydrate, 99%",10049-21-5,Main Lab,500,units,,,New Chemical Shelf,Shelf #3,Available,,,,,,,,Daniel Munoz,,,,,,,,,,,,,,,,,dyn-store-1782413208556-2,Chemical Shelfs,dyn-shelf-1782413208557-3,Bottom Shelf,,,,,,,,,,,,"Sodium phosphate monobasic monohydrate, 99%",,,,g,,2026-06-25T18:46:48.552Z,Physical State: Solid,,,,,Sample,,,,,
,"Sodium phosphate monobasic monohydrate, 99%",10049-21-5,Main Lab,500,units,,,New Chemical Shelf,Shelf #3,Available,,,,,,,,Daniel Munoz,,,,,,,,,,,,,,,,,dyn-store-1782413208556-2,Chemical Shelfs,dyn-shelf-1782413208557-3,Bottom Shelf,,,,,,,,,,,,"Sodium phosphate monobasic monohydrate, 99%",,,,g,,2026-06-25T18:46:48.552Z,Physical State: Solid,,,,,Sample,,,,,
,"Sodium pyrophosphate, 99%",13472-36-1,Main Lab,500,units,,,New Chemical Shelf,Shelf #3,Available,,,,,,,,Daniel Munoz,,,,,,,,,,,,,,,,,dyn-store-1782413208556-2,Chemical Shelfs,dyn-shelf-1782413208557-3,Bottom Shelf,,,,,,,,,,,,"Sodium pyrophosphate, 99%",,,,g,,2026-06-25T18:46:48.552Z,Physical State: Solid,,,,,Sample,,,,,
,"Sodium pyrophosphate, 99%",13472-36-1,Main Lab,500,units,,,New Chemical Shelf,Shelf #3,Available,,,,,,,,Daniel Munoz,,,,,,,,,,,,,,,,,dyn-store-1782413208556-2,Chemical Shelfs,dyn-shelf-1782413208557-3,Bottom Shelf,,,,,,,,,,,,"Sodium pyrophosphate, 99%",,,,g,,2026-06-25T18:46:48.552Z,Physical State: Solid,,,,,Sample,,,,,
,"Sodium sulfate decahydrate, 99%",7727-73-3,Main Lab,100,units,,,New Chemical Shelf,Shelf #3,Available,,,,,,,,Daniel Munoz,,,,,,,,,,,,,,,,,dyn-store-1782413208556-2,Chemical Shelfs,dyn-shelf-1782413208557-3,Bottom Shelf,,,,,,,,,,,,"Sodium sulfate decahydrate, 99%",,,,g,,2026-06-25T18:46:48.552Z,Physical State: Solid,,,,,Sample,,,,,
,"Sodium Sulfate, anhydrous",,Main Lab,3,units,,,New Chemical Shelf,Under bench #1,Available,,,,,,,,Daniel Munoz,,,,,,,,,,,,,,,,,dyn-store-1782413208556-2,Chemical Shelfs,dyn-shelf-1782413208566-236,Under Bench Storage,,,,,,,dyn-box-1782413208566-236,Under bench #1,,,,"Sodium Sulfate, anhydrous",,,,kg,,2026-06-25T18:46:48.552Z,Physical State: Solid,,,,,Sample,,,,,
,"Sodium Sulfate, anhydrous",7757-82-6,Main Lab,100,units,,,New Chemical Shelf,Shelf #3,Available,,,,,,,,Daniel Munoz,,,,,,,,,,,,,,,,,dyn-store-1782413208556-2,Chemical Shelfs,dyn-shelf-1782413208557-3,Bottom Shelf,,,,,,,,,,,,"Sodium Sulfate, anhydrous",,,,mL,,2026-06-25T18:46:48.552Z,Physical State: Solid,,,,,Sample,,,,,
,"Sodium tartrate dibasic dihydrate, 99%",6106-24-7,Main Lab,250,units,,,New Chemical Shelf,Shelf #3,Available,,,,,,,,Daniel Munoz,,,,,,,,,,,,,,,,,dyn-store-1782413208556-2,Chemical Shelfs,dyn-shelf-1782413208557-3,Bottom Shelf,,,,,,,,,,,,"Sodium tartrate dibasic dihydrate, 99%",,,,g,,2026-06-25T18:46:48.552Z,Physical State: Solid,,,,,Sample,,,,,
,Sodium thiocyanate,540-72-7,Main Lab,100,units,,,New Chemical Shelf,Shelf #3,Available,,,,,,,,Daniel Munoz,,,,,,,,,,,,,,,,,dyn-store-1782413208556-2,Chemical Shelfs,dyn-shelf-1782413208557-3,Bottom Shelf,,,,,,,,,,,,Sodium thiocyanate,,,,g,,2026-06-25T18:46:48.552Z,Physical State: Solid,,,,,Sample,,,,,
,"Sodium thiosulfate, 99%",7772-98-7,Main Lab,250,units,,,New Chemical Shelf,Shelf #3,Available,,,,,,,,Daniel Munoz,,,,,,,,,,,,,,,,,dyn-store-1782413208556-2,Chemical Shelfs,dyn-shelf-1782413208557-3,Bottom Shelf,,,,,,,,,,,,"Sodium thiosulfate, 99%",,,,g,,2026-06-25T18:46:48.552Z,Physical State: Solid,,,,,Sample,,,,,
,SPDP,,Main Lab,50,units,,,Freezer #2,Jar 4,Available,,,,,,,,Daniel Munoz,,,,,,,,,,,,,,,,,dyn-store-1782413208558-31,Freezer #2 - Close to Shakers,dyn-shelf-1782413208558-31,Shelf 1,,,,,,,dyn-box-1782413208562-109,Jar 4,,,,SPDP,,,,mg,,2026-06-25T18:46:48.552Z,,,,,,Sample,,,,,
,"Spectinomycin Dihydrochloride Pentahydrate, USP Grade, 5 grams",22189-32-8,Main Lab,5,units,,,Freezer #2,Jar 4,Available,,,,,,,,Daniel Munoz,,,,,,,,,,,,,,,,,dyn-store-1782413208558-31,Freezer #2 - Close to Shakers,dyn-shelf-1782413208558-31,Shelf 1,,,,,,,dyn-box-1782413208562-109,Jar 4,,,,"Spectinomycin Dihydrochloride Pentahydrate, USP Grade, 5 grams",,,,g,,2026-06-25T18:46:48.552Z,Physical State: Solid,,,,,Sample,,,,,
,Spermine Tetrahydrochloride,,Main Lab,1,units,,,Freezer #2,Jar 1,Available,,,,,,,,Daniel Munoz,,,,,,,,,,,,,,,,,dyn-store-1782413208558-31,Freezer #2 - Close to Shakers,dyn-shelf-1782413208558-31,Shelf 1,,,,,,,dyn-box-1782413208558-31,Jar 1,,,,Spermine Tetrahydrochloride,,,,g,,2026-06-25T18:46:48.552Z,,,,,,Sample,,,,,
,"Succinic acid, 99%",110-15-6,Main Lab,100,units,,,New Chemical Shelf,Shelf #3,Available,,,,,,,,Daniel Munoz,,,,,,,,,,,,,,,,,dyn-store-1782413208556-2,Chemical Shelfs,dyn-shelf-1782413208557-3,Bottom Shelf,,,,,,,,,,,,"Succinic acid, 99%",,,,g,,2026-06-25T18:46:48.552Z,Physical State: Solid,,,,,Sample,,,,,
,"Sucrose, 99%",57-50-1,Main Lab,1,units,,,New Chemical Shelf,Shelf #3,Available,,,,,,,,Daniel Munoz,,,,,,,,,,,,,,,,,dyn-store-1782413208556-2,Chemical Shelfs,dyn-shelf-1782413208557-3,Bottom Shelf,,,,,,,,,,,,"Sucrose, 99%",,,,kg,,2026-06-25T18:46:48.552Z,Physical State: Solid,,,,,Sample,,,,,
,"Sucrose, 99%",57-50-1,Main Lab,1,units,,,New Chemical Shelf,Shelf #3,Available,,,,,,,,Daniel Munoz,,,,,,,,,,,,,,,,,dyn-store-1782413208556-2,Chemical Shelfs,dyn-shelf-1782413208557-3,Bottom Shelf,,,,,,,,,,,,"Sucrose, 99%",,,,kg,,2026-06-25T18:46:48.552Z,Physical State: Solid,,,,,Sample,,,,,
,Sulfo-LC-SPDP,,Main Lab,50,units,,,Freezer #2,Jar 4,Available,,,,,,,,Daniel Munoz,,,,,,,,,,,,,,,,,dyn-store-1782413208558-31,Freezer #2 - Close to Shakers,dyn-shelf-1782413208558-31,Shelf 1,,,,,,,dyn-box-1782413208562-109,Jar 4,,,,Sulfo-LC-SPDP,,,,mg,,2026-06-25T18:46:48.552Z,,,,,,Sample,,,,,
,"Sulfur, Sublimed,  99%",--,Main Lab,543,units,,,New Chemical Shelf,Shelf #3,Available,,,,,,,,Daniel Munoz,,,,,,,,,,,,,,,,,dyn-store-1782413208556-2,Chemical Shelfs,dyn-shelf-1782413208557-3,Bottom Shelf,,,,,,,,,,,,"Sulfur, Sublimed,  99%",,,,g,,2026-06-25T18:46:48.552Z,Physical State: Solid,,,,,Sample,,,,,
,"Sulfur, sublimed, 99%",7704-34-9,Main Lab,500,units,,,New Chemical Shelf,Shelf #3,Available,,,,,,,,Daniel Munoz,,,,,,,,,,,,,,,,,dyn-store-1782413208556-2,Chemical Shelfs,dyn-shelf-1782413208557-3,Bottom Shelf,,,,,,,,,,,,"Sulfur, sublimed, 99%",,,,g,,2026-06-25T18:46:48.552Z,Physical State: Solid,,,,,Sample,,,,,
,Sulfuric acid,7664-93-9,Main Lab,250,units,,,Sousa RM.A480A EQ034923 Fumehood,Fumehood / Shelf 1,Available,,,,,,,,Daniel Munoz,,,,,,,,,,,,,,,,,dyn-store-1782413208557-6,Fumehood,dyn-shelf-1782413208557-6,Shelf 1,,,,,,,,,,,,Sulfuric acid,,,,mL,,2026-06-25T18:46:48.552Z,Physical State: Liquid,,,,,Sample,,,,,
,SuperBlock Dry Blend Blocking Buffer,,Main Lab,200,units,,,New Chemical Shelf,Shelf #1,Available,,,,,,,,Daniel Munoz,,,,,,,,,,,,,,,,,dyn-store-1782413208556-2,Chemical Shelfs,dyn-shelf-1782413208558-18,Top Shelf,,,,,,,,,,,,SuperBlock Dry Blend Blocking Buffer,,,,mL,,2026-06-25T18:46:48.552Z,,,,,,Sample,,,,,
,"TAPS, 99%",29915-38-6,Main Lab,100,units,,,New Chemical Shelf,Shelf #3,Available,,,,,,,,Daniel Munoz,,,,,,,,,,,,,,,,,dyn-store-1782413208556-2,Chemical Shelfs,dyn-shelf-1782413208557-3,Bottom Shelf,,,,,,,,,,,,"TAPS, 99%",,,,g,,2026-06-25T18:46:48.552Z,Physical State: Solid,,,,,Sample,,,,,
,TAPSO,--,Main Lab,100,units,,,New Chemical Shelf,Shelf #3,Available,,,,,,,,Daniel Munoz,,,,,,,,,,,,,,,,,dyn-store-1782413208556-2,Chemical Shelfs,dyn-shelf-1782413208557-3,Bottom Shelf,,,,,,,,,,,,TAPSO,,,,g,,2026-06-25T18:46:48.552Z,Physical State: Solid,,,,,Sample,,,,,
,"Taurine, 99%",107-35-7,Main Lab,100,units,,,New Chemical Shelf,Shelf #3,Available,,,,,,,,Daniel Munoz,,,,,,,,,,,,,,,,,dyn-store-1782413208556-2,Chemical Shelfs,dyn-shelf-1782413208557-3,Bottom Shelf,,,,,,,,,,,,"Taurine, 99%",,,,g,,2026-06-25T18:46:48.552Z,Physical State: Solid,,,,,Sample,,,,,
,TCEP Hydrochloride,51805-45-9,Main Lab,5,units,,,Freezer #2,Tray 1,Available,,,,,,,,Daniel Munoz,,,,,,,,,,,,,,,,,dyn-store-1782413208558-31,Freezer #2 - Close to Shakers,dyn-shelf-1782413208558-31,Shelf 1,,,,,,,dyn-box-1782413208564-159,Tray 1,,,,TCEP Hydrochloride,,,,g,,2026-06-25T18:46:48.552Z,Physical State: Solid,,,,,Sample,,,,,
,"Tert-Butanol, 99%",75-65-0,Main Lab,500,units,,,Flammable Cabinet #1,Flammable Cabinet #1 / Shelf 1,Available,,,,,,,,Daniel Munoz,,,,,,,,,,,,,,,,,dyn-store-1782413208557-5,Flammable Cabinet #1,dyn-shelf-1782413208557-5,Shelf 1,,,,,,,,,,,,"Tert-Butanol, 99%",,,,mL,,2026-06-25T18:46:48.552Z,Physical State: Liquid,,,,,Sample,,,,,
,Testosterone,--,Main Lab,25,units,,,New Chemical Shelf,Shelf #3,Available,,,,,,,,Daniel Munoz,,,,,,,,,,,,,,,,,dyn-store-1782413208556-2,Chemical Shelfs,dyn-shelf-1782413208557-3,Bottom Shelf,,,,,,,,,,,,Testosterone,,,,g,,2026-06-25T18:46:48.552Z,Physical State: Solid,,,,,Sample,,,,,
,Tetracycline Free Base Trihydrate,,Main Lab,5,units,,,Freezer #2,Jar 2,Available,,,,,,,,Daniel Munoz,,,,,,,,,,,,,,,,,dyn-store-1782413208558-31,Freezer #2 - Close to Shakers,dyn-shelf-1782413208558-31,Shelf 1,,,,,,,dyn-box-1782413208558-36,Jar 2,,,,Tetracycline Free Base Trihydrate,,,,g,,2026-06-25T18:46:48.552Z,Physical State: solid,,,,,Sample,,,,,
,Tetracycline hydrochloride,,Main Lab,25,units,,,Freezer #2,Jar 2,Available,,,,,,,,Daniel Munoz,,,,,,,,,,,,,,,,,dyn-store-1782413208558-31,Freezer #2 - Close to Shakers,dyn-shelf-1782413208558-31,Shelf 1,,,,,,,dyn-box-1782413208558-36,Jar 2,,,,Tetracycline hydrochloride,,,,g,,2026-06-25T18:46:48.552Z,Physical State: solid,,,,,Sample,,,,,
,Thymidine 5'-monophosphate,,Main Lab,100,units,,,Freezer #2,Jar 1,Available,,,,,,,,Daniel Munoz,,,,,,,,,,,,,,,,,dyn-store-1782413208558-31,Freezer #2 - Close to Shakers,dyn-shelf-1782413208558-31,Shelf 1,,,,,,,dyn-box-1782413208558-31,Jar 1,,,,Thymidine 5'-monophosphate,,,,mg,,2026-06-25T18:46:48.552Z,Physical State: solid,,,,,Sample,,,,,
,TMB Stabilized Substrate for HRP,--,Main Lab,200,units,,,New Chemical Shelf,Shelf #3,Available,,,,,,,,Daniel Munoz,,,,,,,,,,,,,,,,,dyn-store-1782413208556-2,Chemical Shelfs,dyn-shelf-1782413208557-3,Bottom Shelf,,,,,,,,,,,,TMB Stabilized Substrate for HRP,,,,mL,,2026-06-25T18:46:48.552Z,Physical State: Liquid,,,,,Sample,,,,,
,"Toluene, 99%",108-88-3,Main Lab,1,units,,,Flammable Cabinet #1,Flammable Cabinet #1 / Shelf 1,Available,,,,,,,,Daniel Munoz,,,,,,,,,,,,,,,,,dyn-store-1782413208557-5,Flammable Cabinet #1,dyn-shelf-1782413208557-5,Shelf 1,,,,,,,,,,,,"Toluene, 99%",,,,L,,2026-06-25T18:46:48.552Z,Physical State: Liquid,,,,,Sample,,,,,
,"Toluene, 99%",108-88-3,Main Lab,1,units,,,Flammable Cabinet #1,Flammable Cabinet #1 / Shelf 1,Available,,,,,,,,Daniel Munoz,,,,,,,,,,,,,,,,,dyn-store-1782413208557-5,Flammable Cabinet #1,dyn-shelf-1782413208557-5,Shelf 1,,,,,,,,,,,,"Toluene, 99%",,,,L,,2026-06-25T18:46:48.552Z,Physical State: Liquid,,,,,Sample,,,,,
,"tri-sodium citrate dihydrate, 99%",--,Main Lab,1,units,,,New Chemical Shelf,Shelf #3,Available,,,,,,,,Daniel Munoz,,,,,,,,,,,,,,,,,dyn-store-1782413208556-2,Chemical Shelfs,dyn-shelf-1782413208557-3,Bottom Shelf,,,,,,,,,,,,"tri-sodium citrate dihydrate, 99%",,,,kg,,2026-06-25T18:46:48.552Z,Physical State: Solid,,,,,Sample,,,,,
,"Tricine, 99%",2004-04-01,Main Lab,100,units,,,New Chemical Shelf,Shelf #3,Available,,,,,,,,Daniel Munoz,,,,,,,,,,,,,,,,,dyn-store-1782413208556-2,Chemical Shelfs,dyn-shelf-1782413208557-3,Bottom Shelf,,,,,,,,,,,,"Tricine, 99%",,,,g,,2026-06-25T18:46:48.552Z,Physical State: Solid,,,,,Sample,,,,,
,"Triethanolamine, 99%",102-71-6,Main Lab,1,units,,,New Chemical Shelf,Shelf #3,Available,,,,,,,,Daniel Munoz,,,,,,,,,,,,,,,,,dyn-store-1782413208556-2,Chemical Shelfs,dyn-shelf-1782413208557-3,Bottom Shelf,,,,,,,,,,,,"Triethanolamine, 99%",,,,L,,2026-06-25T18:46:48.552Z,Physical State: Liquid,,,,,Sample,,,,,
,"Trimethylamine N-oxide dihydrate, 98%",62637-93-8,Main Lab,10,units,,,New Chemical Shelf,Shelf #3,Available,,,,,,,,Daniel Munoz,,,,,,,,,,,,,,,,,dyn-store-1782413208556-2,Chemical Shelfs,dyn-shelf-1782413208557-3,Bottom Shelf,,,,,,,,,,,,"Trimethylamine N-oxide dihydrate, 98%",,,,g,,2026-06-25T18:46:48.552Z,Physical State: Solid,,,,,Sample,,,,,
,"triproplyamine, 99%",12650-88-3,Main Lab,25,units,,,New Chemical Shelf,Shelf #3,Available,,,,,,,,Daniel Munoz,,,,,,,,,,,,,,,,,dyn-store-1782413208556-2,Chemical Shelfs,dyn-shelf-1782413208557-3,Bottom Shelf,,,,,,,,,,,,"triproplyamine, 99%",,,,mL,,2026-06-25T18:46:48.552Z,Physical State: Solid,,,,,Sample,,,,,
,"tris-(2-carboxyethyl)phosphine, hydrochloride (TCEP)",,Main Lab,1,units,,,Freezer #2,Jar 5,Available,,,,,,,,Daniel Munoz,,,,,,,,,,,,,,,,,dyn-store-1782413208558-31,Freezer #2 - Close to Shakers,dyn-shelf-1782413208558-31,Shelf 1,,,,,,,dyn-box-1782413208564-176,Jar 5,,,,"tris-(2-carboxyethyl)phosphine, hydrochloride (TCEP)",,,,g,,2026-06-25T18:46:48.552Z,Physical State: solid,,,,,Sample,,,,,
,"Tris(2-carboxyethyl)phosphine, HCl",51805-45-9,Main Lab,25,units,,,Freezer #2,Jar 4,Available,,,,,,,,Daniel Munoz,,,,,,,,,,,,,,,,,dyn-store-1782413208558-31,Freezer #2 - Close to Shakers,dyn-shelf-1782413208558-31,Shelf 1,,,,,,,dyn-box-1782413208562-109,Jar 4,,,,"Tris(2-carboxyethyl)phosphine, HCl",,,,g,,2026-06-25T18:46:48.552Z,Physical State: Solid,,,,,Sample,,,,,
,Tris(hydroxymethyl)aminomethane Hydrochloride,1185-53-1,Main Lab,1,units,,,New Chemical Shelf,Under bench #1,Available,,,,,,,,Daniel Munoz,,,,,,,,,,,,,,,,,dyn-store-1782413208556-2,Chemical Shelfs,dyn-shelf-1782413208566-236,Under Bench Storage,,,,,,,dyn-box-1782413208566-236,Under bench #1,,,,Tris(hydroxymethyl)aminomethane Hydrochloride,,,,kg,,2026-06-25T18:46:48.552Z,Physical State: Solid,,,,,Sample,,,,,
,Trisodium citrate dihydrate,1932-04-03,Main Lab,500,units,,,New Chemical Shelf,Shelf #3,Available,,,,,,,,Daniel Munoz,,,,,,,,,,,,,,,,,dyn-store-1782413208556-2,Chemical Shelfs,dyn-shelf-1782413208557-3,Bottom Shelf,,,,,,,,,,,,Trisodium citrate dihydrate,,,,g,,2026-06-25T18:46:48.552Z,Physical State: Solid,,,,,Sample,,,,,
,"Triton  X-114, 99%",9036-19-5,Main Lab,100,units,,,New Chemical Shelf,Shelf #3,Available,,,,,,,,Daniel Munoz,,,,,,,,,,,,,,,,,dyn-store-1782413208556-2,Chemical Shelfs,dyn-shelf-1782413208557-3,Bottom Shelf,,,,,,,,,,,,"Triton  X-114, 99%",,,,mL,,2026-06-25T18:46:48.552Z,Physical State: Liquid,,,,,Sample,,,,,
,"Triton X-100, 99%",9002-93-1,Main Lab,500,units,,,New Chemical Shelf,Shelf #3,Available,,,,,,,,Daniel Munoz,,,,,,,,,,,,,,,,,dyn-store-1782413208556-2,Chemical Shelfs,dyn-shelf-1782413208557-3,Bottom Shelf,,,,,,,,,,,,"Triton X-100, 99%",,,,mL,,2026-06-25T18:46:48.552Z,Physical State: Liquid,,,,,Sample,,,,,
,"Triton X-100, 99%",9002-93-1,Main Lab,100,units,,,New Chemical Shelf,Shelf #3,Available,,,,,,,,Daniel Munoz,,,,,,,,,,,,,,,,,dyn-store-1782413208556-2,Chemical Shelfs,dyn-shelf-1782413208557-3,Bottom Shelf,,,,,,,,,,,,"Triton X-100, 99%",,,,mL,,2026-06-25T18:46:48.552Z,Physical State: Liquid,,,,,Sample,,,,,
,"Trizma base, 99%",77-86-1,Main Lab,10,units,,,New Chemical Shelf,Under bench #1,Available,,,,,,,,Daniel Munoz,,,,,,,,,,,,,,,,,dyn-store-1782413208556-2,Chemical Shelfs,dyn-shelf-1782413208566-236,Under Bench Storage,,,,,,,dyn-box-1782413208566-236,Under bench #1,,,,"Trizma base, 99%",,,,kg,,2026-06-25T18:46:48.552Z,Physical State: Solid,,,,,Sample,,,,,
,"Trizma base, 99%",77-86-1,Main Lab,1,units,,,New Chemical Shelf,Shelf #3,Available,,,,,,,,Daniel Munoz,,,,,,,,,,,,,,,,,dyn-store-1782413208556-2,Chemical Shelfs,dyn-shelf-1782413208557-3,Bottom Shelf,,,,,,,,,,,,"Trizma base, 99%",,,,kg,,2026-06-25T18:46:48.552Z,Physical State: Solid,,,,,Sample,,,,,
,"Tween 20 (Polyoxyethylenesorbitan monolaurate), 99%",9005-64-5,Main Lab,100,units,,,New Chemical Shelf,Shelf #3,Available,,,,,,,,Daniel Munoz,,,,,,,,,,,,,,,,,dyn-store-1782413208556-2,Chemical Shelfs,dyn-shelf-1782413208557-3,Bottom Shelf,,,,,,,,,,,,"Tween 20 (Polyoxyethylenesorbitan monolaurate), 99%",,,,mL,,2026-06-25T18:46:48.552Z,Physical State: Liquid,,,,,Sample,,,,,
,TWEEN® 20,9005-64-5,Main Lab,100,units,,,New Chemical Shelf,Shelf #3,Available,,,,,,,,Daniel Munoz,,,,,,,,,,,,,,,,,dyn-store-1782413208556-2,Chemical Shelfs,dyn-shelf-1782413208557-3,Bottom Shelf,,,,,,,,,,,,TWEEN® 20,,,,mL,,2026-06-25T18:46:48.552Z,,,,,,Sample,,,,,
,Urea,57-13-6,Main Lab,1,units,,,New Chemical Shelf,Shelf #3,Available,,,,,,,,Daniel Munoz,,,,,,,,,,,,,,,,,dyn-store-1782413208556-2,Chemical Shelfs,dyn-shelf-1782413208557-3,Bottom Shelf,,,,,,,,,,,,Urea,,,,kg,,2026-06-25T18:46:48.552Z,,,,,,Sample,,,,,
,Urea,57-13-6,Main Lab,1,units,,,New Chemical Shelf,Under bench #1,Available,,,,,,,,Daniel Munoz,,,,,,,,,,,,,,,,,dyn-store-1782413208556-2,Chemical Shelfs,dyn-shelf-1782413208566-236,Under Bench Storage,,,,,,,dyn-box-1782413208566-236,Under bench #1,,,,Urea,,,,kg,,2026-06-25T18:46:48.552Z,,,,,,Sample,,,,,
,Urea,57-13-6,Main Lab,1,units,,,New Chemical Shelf,Under bench #1,Available,,,,,,,,Daniel Munoz,,,,,,,,,,,,,,,,,dyn-store-1782413208556-2,Chemical Shelfs,dyn-shelf-1782413208566-236,Under Bench Storage,,,,,,,dyn-box-1782413208566-236,Under bench #1,,,,Urea,,,,kg,,2026-06-25T18:46:48.552Z,,,,,,Sample,,,,,
,"Urea, 99%",--,Main Lab,50,units,,,New Chemical Shelf,Shelf #3,Available,,,,,,,,Daniel Munoz,,,,,,,,,,,,,,,,,dyn-store-1782413208556-2,Chemical Shelfs,dyn-shelf-1782413208557-3,Bottom Shelf,,,,,,,,,,,,"Urea, 99%",,,,g,,2026-06-25T18:46:48.552Z,Physical State: Solid,,,,,Sample,,,,,
,"Urea, 99%",57-13-6,Main Lab,1,units,,,New Chemical Shelf,Under bench #1,Available,,,,,,,,Daniel Munoz,,,,,,,,,,,,,,,,,dyn-store-1782413208556-2,Chemical Shelfs,dyn-shelf-1782413208566-236,Under Bench Storage,,,,,,,dyn-box-1782413208566-236,Under bench #1,,,,"Urea, 99%",,,,kg,,2026-06-25T18:46:48.552Z,Physical State: Solid,,,,,Sample,,,,,
,"Urea, 99%",57-13-6,Main Lab,1,units,,,New Chemical Shelf,Under bench #1,Available,,,,,,,,Daniel Munoz,,,,,,,,,,,,,,,,,dyn-store-1782413208556-2,Chemical Shelfs,dyn-shelf-1782413208566-236,Under Bench Storage,,,,,,,dyn-box-1782413208566-236,Under bench #1,,,,"Urea, 99%",,,,kg,,2026-06-25T18:46:48.552Z,Physical State: Solid,,,,,Sample,,,,,
,Uridine 5'-diphosphoglucose disodium salt,,Main Lab,500,units,,,Freezer #2,Jar 3,Available,,,,,,,,Daniel Munoz,,,,,,,,,,,,,,,,,dyn-store-1782413208558-31,Freezer #2 - Close to Shakers,dyn-shelf-1782413208558-31,Shelf 1,,,,,,,dyn-box-1782413208559-42,Jar 3,,,,Uridine 5'-diphosphoglucose disodium salt,,,,mg,,2026-06-25T18:46:48.552Z,Physical State: solid,,,,,Sample,,,,,
,Water,7732-18-5,Main Lab,4,units,,,Sousa RM.A480A EQ034923 Fumehood,Fumehood / Shelf 1,Available,,,,,,,,Daniel Munoz,,,,,,,,,,,,,,,,,dyn-store-1782413208557-6,Fumehood,dyn-shelf-1782413208557-6,Shelf 1,,,,,,,,,,,,Water,,,,L,,2026-06-25T18:46:48.552Z,Physical State: Liquid,,,,,Sample,,,,,
,"Xylene Cyanol F.F., 75 %",2650-17-1,Main Lab,10,units,,,New Chemical Shelf,Shelf #3,Available,,,,,,,,Daniel Munoz,,,,,,,,,,,,,,,,,dyn-store-1782413208556-2,Chemical Shelfs,dyn-shelf-1782413208557-3,Bottom Shelf,,,,,,,,,,,,"Xylene Cyanol F.F., 75 %",,,,g,,2026-06-25T18:46:48.552Z,Physical State: Solid,,,,,Sample,,,,,
,"Xylitol, 99%",87-99-0,Main Lab,100,units,,,New Chemical Shelf,Shelf #3,Available,,,,,,,,Daniel Munoz,,,,,,,,,,,,,,,,,dyn-store-1782413208556-2,Chemical Shelfs,dyn-shelf-1782413208557-3,Bottom Shelf,,,,,,,,,,,,"Xylitol, 99%",,,,g,,2026-06-25T18:46:48.552Z,Physical State: Solid,,,,,Sample,,,,,
,"Zinc acetate-2-hydrate, 99%",5970-45-6,Main Lab,1,units,,,New Chemical Shelf,Shelf #3,Available,,,,,,,,Daniel Munoz,,,,,,,,,,,,,,,,,dyn-store-1782413208556-2,Chemical Shelfs,dyn-shelf-1782413208557-3,Bottom Shelf,,,,,,,,,,,,"Zinc acetate-2-hydrate, 99%",,,,kg,,2026-06-25T18:46:48.552Z,Physical State: Solid,,,,,Sample,,,,,
,"Zinc sulfate heptahydrate, 99%",7446-20-0,Main Lab,250,units,,,New Chemical Shelf,Shelf #3,Available,,,,,,,,Daniel Munoz,,,,,,,,,,,,,,,,,dyn-store-1782413208556-2,Chemical Shelfs,dyn-shelf-1782413208557-3,Bottom Shelf,,,,,,,,,,,,"Zinc sulfate heptahydrate, 99%",,,,g,,2026-06-25T18:46:48.552Z,Physical State: Solid,,,,,Sample,,,,,
,Trifluoroacetic acid,,Main Lab,100,units,,,Sousa RM.A480A EQ034923 Fumehood,Fumehood / Shelf 1,Available,,,,,,,,Whitney Bergman,,,,,,,,,,,,,,,,,dyn-store-1782413208557-6,Fumehood,dyn-shelf-1782413208557-6,Shelf 1,,,,,,,,,,,,Trifluoroacetic acid,,,,g,,2026-06-25T18:46:48.552Z,,,,,,Sample,,,,,
,NAD Reduced Dipotassium Salt,,Main Lab,1,units,,,-20 Freezer 2 (F2),Tray 1-F2,Available,,,,,,,,Stephen Upton,,,,,,,,,,,,,,,Sigma Corporation of America,,dyn-store-1782413208558-31,Freezer #2 - Close to Shakers,dyn-shelf-1782413208558-31,Shelf 1,,,,,,,dyn-box-1782413208564-159,Tray 1,,,,NAD Reduced Dipotassium Salt,,,,,,2026-06-25T18:46:48.552Z,,N4505,,,,Sample,,,,,
,Conalbumin from chicken egg white,,Main Lab,1,units,,,-20 Freezer 2 (F2),Tray 1-F2,Available,,,,,,,,Stephen Upton,,,,,,,,,,,,,,,Sigma Corporation of America,,dyn-store-1782413208558-31,Freezer #2 - Close to Shakers,dyn-shelf-1782413208558-31,Shelf 1,,,,,,,dyn-box-1782413208564-159,Tray 1,,,,Conalbumin from chicken egg white,,,,,,2026-06-25T18:46:48.552Z,,C7786,,,,Sample,,,,,
,N-term,,Main Lab,1,vials,,,-80 Freezer / A Shelf / AA / AA2-2 WNB OmpG Mutants #1,-80 Freezer / A Shelf / AA / AA2-2 WNB OmpG Mutants #1,Available,,,,,,,,,,,,,,,,,,,,,,,,,2615,-80 Freezer,5105,A Shelf,dyn-rack-1782413261908-0,AA,,,,,dyn-box-1782413261908-0,AA2-2 WNB OmpG Mutants #1,,,NP00000019,N-term,1,1,56.2 µM,30 µL,,2020-08-25,"OmpG 1 Cys N-term protein aliquots in 8M urea, 20 mM Tris, 2 mM TCEP pH 8",,,$,,Default,,,,,
,N-term,,Main Lab,1,vials,,,-80 Freezer / A Shelf / AA / AA2-2 WNB OmpG Mutants #1,-80 Freezer / A Shelf / AA / AA2-2 WNB OmpG Mutants #1,Available,,,,,,,,,,,,,,,,,,,,,,,,,2615,-80 Freezer,5105,A Shelf,dyn-rack-1782413261908-0,AA,,,,,dyn-box-1782413261908-0,AA2-2 WNB OmpG Mutants #1,,,NP00000020,N-term,1,2,56.2 µM,30 µL,,2020-08-25,"OmpG 1 Cys N-term protein aliquots in 8M urea, 20 mM Tris, 2 mM TCEP pH 8",,,$,,Default,,,,,
,N-term,,Main Lab,1,vials,,,-80 Freezer / A Shelf / AA / AA2-2 WNB OmpG Mutants #1,-80 Freezer / A Shelf / AA / AA2-2 WNB OmpG Mutants #1,Available,,,,,,,,,,,,,,,,,,,,,,,,,2615,-80 Freezer,5105,A Shelf,dyn-rack-1782413261908-0,AA,,,,,dyn-box-1782413261908-0,AA2-2 WNB OmpG Mutants #1,,,NP00000021,N-term,1,3,56.2 µM,30 µL,,2020-08-25,"OmpG 1 Cys N-term protein aliquots in 8M urea, 20 mM Tris, 2 mM TCEP pH 8",,,$,,Default,,,,,
,N-term,,Main Lab,1,vials,,,-80 Freezer / A Shelf / AA / AA2-2 WNB OmpG Mutants #1,-80 Freezer / A Shelf / AA / AA2-2 WNB OmpG Mutants #1,Available,,,,,,,,,,,,,,,,,,,,,,,,,2615,-80 Freezer,5105,A Shelf,dyn-rack-1782413261908-0,AA,,,,,dyn-box-1782413261908-0,AA2-2 WNB OmpG Mutants #1,,,NP00000022,N-term,1,4,56.2 µM,30 µL,,2020-08-25,"OmpG 1 Cys N-term protein aliquots in 8M urea, 20 mM Tris, 2 mM TCEP pH 8",,,$,,Default,,,,,
,N-term,,Main Lab,1,vials,,,-80 Freezer / A Shelf / AA / AA2-2 WNB OmpG Mutants #1,-80 Freezer / A Shelf / AA / AA2-2 WNB OmpG Mutants #1,Available,,,,,,,,,,,,,,,,,,,,,,,,,2615,-80 Freezer,5105,A Shelf,dyn-rack-1782413261908-0,AA,,,,,dyn-box-1782413261908-0,AA2-2 WNB OmpG Mutants #1,,,NP00000023,N-term,1,5,56.2 µM,30 µL,,2020-08-25,"OmpG 1 Cys N-term protein aliquots in 8M urea, 20 mM Tris, 2 mM TCEP pH 8",,,$,,Default,,,,,
,N-term,,Main Lab,1,vials,,,-80 Freezer / A Shelf / AA / AA2-2 WNB OmpG Mutants #1,-80 Freezer / A Shelf / AA / AA2-2 WNB OmpG Mutants #1,Available,,,,,,,,,,,,,,,,,,,,,,,,,2615,-80 Freezer,5105,A Shelf,dyn-rack-1782413261908-0,AA,,,,,dyn-box-1782413261908-0,AA2-2 WNB OmpG Mutants #1,,,NP00000024,N-term,1,6,56.2 µM,30 µL,,2020-08-25,"OmpG 1 Cys N-term protein aliquots in 8M urea, 20 mM Tris, 2 mM TCEP pH 8",,,$,,Default,,,,,
,N-term,,Main Lab,1,vials,,,-80 Freezer / A Shelf / AA / AA2-2 WNB OmpG Mutants #1,-80 Freezer / A Shelf / AA / AA2-2 WNB OmpG Mutants #1,Available,,,,,,,,,,,,,,,,,,,,,,,,,2615,-80 Freezer,5105,A Shelf,dyn-rack-1782413261908-0,AA,,,,,dyn-box-1782413261908-0,AA2-2 WNB OmpG Mutants #1,,,NP00000025,N-term,1,7,56.2 µM,30 µL,,2020-08-25,"OmpG 1 Cys N-term protein aliquots in 8M urea, 20 mM Tris, 2 mM TCEP pH 8",,,$,,Default,,,,,
,N-term,,Main Lab,1,vials,,,-80 Freezer / A Shelf / AA / AA2-2 WNB OmpG Mutants #1,-80 Freezer / A Shelf / AA / AA2-2 WNB OmpG Mutants #1,Available,,,,,,,,,,,,,,,,,,,,,,,,,2615,-80 Freezer,5105,A Shelf,dyn-rack-1782413261908-0,AA,,,,,dyn-box-1782413261908-0,AA2-2 WNB OmpG Mutants #1,,,NP00000026,N-term,1,8,56.2 µM,30 µL,,2020-08-25,"OmpG 1 Cys N-term protein aliquots in 8M urea, 20 mM Tris, 2 mM TCEP pH 8",,,$,,Default,,,,,
,N-term,,Main Lab,1,vials,,,-80 Freezer / A Shelf / AA / AA2-2 WNB OmpG Mutants #1,-80 Freezer / A Shelf / AA / AA2-2 WNB OmpG Mutants #1,Available,,,,,,,,,,,,,,,,,,,,,,,,,2615,-80 Freezer,5105,A Shelf,dyn-rack-1782413261908-0,AA,,,,,dyn-box-1782413261908-0,AA2-2 WNB OmpG Mutants #1,,,NP00000027,N-term,1,9,56.2 µM,30 µL,,2020-08-25,"OmpG 1 Cys N-term protein aliquots in 8M urea, 20 mM Tris, 2 mM TCEP pH 8",,,$,,Default,,,,,
,N-term,,Main Lab,1,vials,,,-80 Freezer / A Shelf / AA / AA2-2 WNB OmpG Mutants #1,-80 Freezer / A Shelf / AA / AA2-2 WNB OmpG Mutants #1,Available,,,,,,,,,,,,,,,,,,,,,,,,,2615,-80 Freezer,5105,A Shelf,dyn-rack-1782413261908-0,AA,,,,,dyn-box-1782413261908-0,AA2-2 WNB OmpG Mutants #1,,,NP00000028,N-term,2,2,56.2 µM,30 µL,,2020-08-25,"OmpG 1 Cys N-term protein aliquots in 8M urea, 20 mM Tris, 2 mM TCEP pH 8",,,$,,Default,,,,,
,N-term,,Main Lab,1,vials,,,-80 Freezer / A Shelf / AA / AA2-2 WNB OmpG Mutants #1,-80 Freezer / A Shelf / AA / AA2-2 WNB OmpG Mutants #1,Available,,,,,,,,,,,,,,,,,,,,,,,,,2615,-80 Freezer,5105,A Shelf,dyn-rack-1782413261908-0,AA,,,,,dyn-box-1782413261908-0,AA2-2 WNB OmpG Mutants #1,,,NP00000029,N-term,2,3,56.2 µM,30 µL,,2020-08-25,"OmpG 1 Cys N-term protein aliquots in 8M urea, 20 mM Tris, 2 mM TCEP pH 8",,,$,,Default,,,,,
,N-term,,Main Lab,1,vials,,,-80 Freezer / A Shelf / AA / AA2-2 WNB OmpG Mutants #1,-80 Freezer / A Shelf / AA / AA2-2 WNB OmpG Mutants #1,Available,,,,,,,,,,,,,,,,,,,,,,,,,2615,-80 Freezer,5105,A Shelf,dyn-rack-1782413261908-0,AA,,,,,dyn-box-1782413261908-0,AA2-2 WNB OmpG Mutants #1,,,NP00000030,N-term,2,4,56.2 µM,30 µL,,2020-08-25,"OmpG 1 Cys N-term protein aliquots in 8M urea, 20 mM Tris, 2 mM TCEP pH 8",,,$,,Default,,,,,
,N-term,,Main Lab,1,vials,,,-80 Freezer / A Shelf / AA / AA2-2 WNB OmpG Mutants #1,-80 Freezer / A Shelf / AA / AA2-2 WNB OmpG Mutants #1,Available,,,,,,,,,,,,,,,,,,,,,,,,,2615,-80 Freezer,5105,A Shelf,dyn-rack-1782413261908-0,AA,,,,,dyn-box-1782413261908-0,AA2-2 WNB OmpG Mutants #1,,,NP00000031,N-term,2,5,56.2 µM,30 µL,,2020-08-25,"OmpG 1 Cys N-term protein aliquots in 8M urea, 20 mM Tris, 2 mM TCEP pH 8",,,$,,Default,,,,,
,N-term,,Main Lab,1,vials,,,-80 Freezer / A Shelf / AA / AA2-2 WNB OmpG Mutants #1,-80 Freezer / A Shelf / AA / AA2-2 WNB OmpG Mutants #1,Available,,,,,,,,,,,,,,,,,,,,,,,,,2615,-80 Freezer,5105,A Shelf,dyn-rack-1782413261908-0,AA,,,,,dyn-box-1782413261908-0,AA2-2 WNB OmpG Mutants #1,,,NP00000032,N-term,2,6,56.2 µM,30 µL,,2020-08-25,"OmpG 1 Cys N-term protein aliquots in 8M urea, 20 mM Tris, 2 mM TCEP pH 8",,,$,,Default,,,,,
,N-term,,Main Lab,1,vials,,,-80 Freezer / A Shelf / AA / AA2-2 WNB OmpG Mutants #1,-80 Freezer / A Shelf / AA / AA2-2 WNB OmpG Mutants #1,Available,,,,,,,,,,,,,,,,,,,,,,,,,2615,-80 Freezer,5105,A Shelf,dyn-rack-1782413261908-0,AA,,,,,dyn-box-1782413261908-0,AA2-2 WNB OmpG Mutants #1,,,NP00000033,N-term,2,7,56.2 µM,30 µL,,2020-08-25,"OmpG 1 Cys N-term protein aliquots in 8M urea, 20 mM Tris, 2 mM TCEP pH 8",,,$,,Default,,,,,
,N-term,,Main Lab,1,vials,,,-80 Freezer / A Shelf / AA / AA2-2 WNB OmpG Mutants #1,-80 Freezer / A Shelf / AA / AA2-2 WNB OmpG Mutants #1,Available,,,,,,,,,,,,,,,,,,,,,,,,,2615,-80 Freezer,5105,A Shelf,dyn-rack-1782413261908-0,AA,,,,,dyn-box-1782413261908-0,AA2-2 WNB OmpG Mutants #1,,,NP00000034,N-term,2,8,56.2 µM,30 µL,,2020-08-25,"OmpG 1 Cys N-term protein aliquots in 8M urea, 20 mM Tris, 2 mM TCEP pH 8",,,$,,Default,,,,,
,N-term,,Main Lab,1,vials,,,-80 Freezer / A Shelf / AA / AA2-2 WNB OmpG Mutants #1,-80 Freezer / A Shelf / AA / AA2-2 WNB OmpG Mutants #1,Available,,,,,,,,,,,,,,,,,,,,,,,,,2615,-80 Freezer,5105,A Shelf,dyn-rack-1782413261908-0,AA,,,,,dyn-box-1782413261908-0,AA2-2 WNB OmpG Mutants #1,,,NP00000035,N-term,2,9,56.2 µM,30 µL,,2020-08-25,"OmpG 1 Cys N-term protein aliquots in 8M urea, 20 mM Tris, 2 mM TCEP pH 8",,,$,,Default,,,,,
,N-term,,Main Lab,1,vials,,,-80 Freezer / A Shelf / AA / AA2-2 WNB OmpG Mutants #1,-80 Freezer / A Shelf / AA / AA2-2 WNB OmpG Mutants #1,Available,,,,,,,,,,,,,,,,,,,,,,,,,2615,-80 Freezer,5105,A Shelf,dyn-rack-1782413261908-0,AA,,,,,dyn-box-1782413261908-0,AA2-2 WNB OmpG Mutants #1,,,NP00000036,N-term,3,2,56.2 µM,30 µL,,2020-08-25,"OmpG 1 Cys N-term protein aliquots in 8M urea, 20 mM Tris, 2 mM TCEP pH 8",,,$,,Default,,,,,
,N-term,,Main Lab,1,vials,,,-80 Freezer / A Shelf / AA / AA2-2 WNB OmpG Mutants #1,-80 Freezer / A Shelf / AA / AA2-2 WNB OmpG Mutants #1,Available,,,,,,,,,,,,,,,,,,,,,,,,,2615,-80 Freezer,5105,A Shelf,dyn-rack-1782413261908-0,AA,,,,,dyn-box-1782413261908-0,AA2-2 WNB OmpG Mutants #1,,,NP00000037,N-term,3,3,56.2 µM,30 µL,,2020-08-25,"OmpG 1 Cys N-term protein aliquots in 8M urea, 20 mM Tris, 2 mM TCEP pH 8",,,$,,Default,,,,,
,N-term,,Main Lab,1,vials,,,-80 Freezer / A Shelf / AA / AA2-2 WNB OmpG Mutants #1,-80 Freezer / A Shelf / AA / AA2-2 WNB OmpG Mutants #1,Available,,,,,,,,,,,,,,,,,,,,,,,,,2615,-80 Freezer,5105,A Shelf,dyn-rack-1782413261908-0,AA,,,,,dyn-box-1782413261908-0,AA2-2 WNB OmpG Mutants #1,,,NP00000038,N-term,3,4,56.2 µM,30 µL,,2020-08-25,"OmpG 1 Cys N-term protein aliquots in 8M urea, 20 mM Tris, 2 mM TCEP pH 8",,,$,,Default,,,,,
,N-term,,Main Lab,1,vials,,,-80 Freezer / A Shelf / AA / AA2-2 WNB OmpG Mutants #1,-80 Freezer / A Shelf / AA / AA2-2 WNB OmpG Mutants #1,Available,,,,,,,,,,,,,,,,,,,,,,,,,2615,-80 Freezer,5105,A Shelf,dyn-rack-1782413261908-0,AA,,,,,dyn-box-1782413261908-0,AA2-2 WNB OmpG Mutants #1,,,NP00000039,N-term,3,5,56.2 µM,30 µL,,2020-08-25,"OmpG 1 Cys N-term protein aliquots in 8M urea, 20 mM Tris, 2 mM TCEP pH 8",,,$,,Default,,,,,
,N-term,,Main Lab,1,vials,,,-80 Freezer / A Shelf / AA / AA2-2 WNB OmpG Mutants #1,-80 Freezer / A Shelf / AA / AA2-2 WNB OmpG Mutants #1,Available,,,,,,,,,,,,,,,,,,,,,,,,,2615,-80 Freezer,5105,A Shelf,dyn-rack-1782413261908-0,AA,,,,,dyn-box-1782413261908-0,AA2-2 WNB OmpG Mutants #1,,,NP00000040,N-term,3,6,56.2 µM,30 µL,,2020-08-25,"OmpG 1 Cys N-term protein aliquots in 8M urea, 20 mM Tris, 2 mM TCEP pH 8",,,$,,Default,,,,,
,N-term,,Main Lab,1,vials,,,-80 Freezer / A Shelf / AA / AA2-2 WNB OmpG Mutants #1,-80 Freezer / A Shelf / AA / AA2-2 WNB OmpG Mutants #1,Available,,,,,,,,,,,,,,,,,,,,,,,,,2615,-80 Freezer,5105,A Shelf,dyn-rack-1782413261908-0,AA,,,,,dyn-box-1782413261908-0,AA2-2 WNB OmpG Mutants #1,,,NP00000041,N-term,3,7,56.2 µM,30 µL,,2020-08-25,"OmpG 1 Cys N-term protein aliquots in 8M urea, 20 mM Tris, 2 mM TCEP pH 8",,,$,,Default,,,,,
,N-term,,Main Lab,1,vials,,,-80 Freezer / A Shelf / AA / AA2-2 WNB OmpG Mutants #1,-80 Freezer / A Shelf / AA / AA2-2 WNB OmpG Mutants #1,Available,,,,,,,,,,,,,,,,,,,,,,,,,2615,-80 Freezer,5105,A Shelf,dyn-rack-1782413261908-0,AA,,,,,dyn-box-1782413261908-0,AA2-2 WNB OmpG Mutants #1,,,NP00000042,N-term,3,8,56.2 µM,30 µL,,2020-08-25,"OmpG 1 Cys N-term protein aliquots in 8M urea, 20 mM Tris, 2 mM TCEP pH 8",,,$,,Default,,,,,
,N-term,,Main Lab,1,vials,,,-80 Freezer / A Shelf / AA / AA2-2 WNB OmpG Mutants #1,-80 Freezer / A Shelf / AA / AA2-2 WNB OmpG Mutants #1,Available,,,,,,,,,,,,,,,,,,,,,,,,,2615,-80 Freezer,5105,A Shelf,dyn-rack-1782413261908-0,AA,,,,,dyn-box-1782413261908-0,AA2-2 WNB OmpG Mutants #1,,,NP00000043,N-term,3,9,56.2 µM,30 µL,,2020-08-25,"OmpG 1 Cys N-term protein aliquots in 8M urea, 20 mM Tris, 2 mM TCEP pH 8",,,$,,Default,,,,,
,N-term,,Main Lab,1,vials,,,-80 Freezer / A Shelf / AA / AA2-2 WNB OmpG Mutants #1,-80 Freezer / A Shelf / AA / AA2-2 WNB OmpG Mutants #1,Available,,,,,,,,,,,,,,,,,,,,,,,,,2615,-80 Freezer,5105,A Shelf,dyn-rack-1782413261908-0,AA,,,,,dyn-box-1782413261908-0,AA2-2 WNB OmpG Mutants #1,,,NP00000044,N-term,2,1,56.2 µM,30 µL,,2020-08-25,"OmpG 1 Cys N-term protein aliquots in 8M urea, 20 mM Tris, 2 mM TCEP pH 8",,,$,,Default,,,,,
,N-term,,Main Lab,1,vials,,,-80 Freezer / A Shelf / AA / AA2-2 WNB OmpG Mutants #1,-80 Freezer / A Shelf / AA / AA2-2 WNB OmpG Mutants #1,Available,,,,,,,,,,,,,,,,,,,,,,,,,2615,-80 Freezer,5105,A Shelf,dyn-rack-1782413261908-0,AA,,,,,dyn-box-1782413261908-0,AA2-2 WNB OmpG Mutants #1,,,NP00000045,N-term,3,1,56.2 µM,30 µL,,2020-08-25,"OmpG 1 Cys N-term protein aliquots in 8M urea, 20 mM Tris, 2 mM TCEP pH 8",,,$,,Default,,,,,
,N-term,,Main Lab,1,vials,,,-80 Freezer / A Shelf / AA / AA2-2 WNB OmpG Mutants #1,-80 Freezer / A Shelf / AA / AA2-2 WNB OmpG Mutants #1,Available,,,,,,,,,,,,,,,,,,,,,,,,,2615,-80 Freezer,5105,A Shelf,dyn-rack-1782413261908-0,AA,,,,,dyn-box-1782413261908-0,AA2-2 WNB OmpG Mutants #1,,,NP00000046,N-term,4,1,56.2 µM,30 µL,,2020-08-25,"OmpG 1 Cys N-term protein aliquots in 8M urea, 20 mM Tris, 2 mM TCEP pH 8",,,$,,Default,,,,,
,N-term,,Main Lab,1,vials,,,-80 Freezer / A Shelf / AA / AA2-2 WNB OmpG Mutants #1,-80 Freezer / A Shelf / AA / AA2-2 WNB OmpG Mutants #1,Available,,,,,,,,,,,,,,,,,,,,,,,,,2615,-80 Freezer,5105,A Shelf,dyn-rack-1782413261908-0,AA,,,,,dyn-box-1782413261908-0,AA2-2 WNB OmpG Mutants #1,,,NP00000047,N-term,4,2,56.2 µM,30 µL,,2020-08-25,"OmpG 1 Cys N-term protein aliquots in 8M urea, 20 mM Tris, 2 mM TCEP pH 8",,,$,,Default,,,,,
,N-term,,Main Lab,1,vials,,,-80 Freezer / A Shelf / AA / AA2-2 WNB OmpG Mutants #1,-80 Freezer / A Shelf / AA / AA2-2 WNB OmpG Mutants #1,Available,,,,,,,,,,,,,,,,,,,,,,,,,2615,-80 Freezer,5105,A Shelf,dyn-rack-1782413261908-0,AA,,,,,dyn-box-1782413261908-0,AA2-2 WNB OmpG Mutants #1,,,NP00000048,N-term,4,3,56.2 µM,30 µL,,2020-08-25,"OmpG 1 Cys N-term protein aliquots in 8M urea, 20 mM Tris, 2 mM TCEP pH 8",,,$,,Default,,,,,
,N-term,,Main Lab,1,vials,,,-80 Freezer / A Shelf / AA / AA2-2 WNB OmpG Mutants #1,-80 Freezer / A Shelf / AA / AA2-2 WNB OmpG Mutants #1,Available,,,,,,,,,,,,,,,,,,,,,,,,,2615,-80 Freezer,5105,A Shelf,dyn-rack-1782413261908-0,AA,,,,,dyn-box-1782413261908-0,AA2-2 WNB OmpG Mutants #1,,,NP00000049,N-term,4,4,56.2 µM,30 µL,,2020-08-25,"OmpG 1 Cys N-term protein aliquots in 8M urea, 20 mM Tris, 2 mM TCEP pH 8",,,$,,Default,,,,,
,D6W,,Main Lab,1,vials,,,-80 Freezer / A Shelf / AA / AA2-2 WNB OmpG Mutants #1,-80 Freezer / A Shelf / AA / AA2-2 WNB OmpG Mutants #1,Available,,,,,,,,,,,,,,,,,,,,,,,,,2615,-80 Freezer,5105,A Shelf,dyn-rack-1782413261908-0,AA,,,,,dyn-box-1782413261908-0,AA2-2 WNB OmpG Mutants #1,,,NP00000050,D6W,5,1,65.2 µM,30 µL,,2020-08-28,"OmpG 1 Cys N-term D6W protein stock in 8M urea, 20 mM Tris, 2 mM TCEP pH 8",,,$,,Default,,,,,
,D6W,,Main Lab,1,vials,,,-80 Freezer / A Shelf / AA / AA2-2 WNB OmpG Mutants #1,-80 Freezer / A Shelf / AA / AA2-2 WNB OmpG Mutants #1,Available,,,,,,,,,,,,,,,,,,,,,,,,,2615,-80 Freezer,5105,A Shelf,dyn-rack-1782413261908-0,AA,,,,,dyn-box-1782413261908-0,AA2-2 WNB OmpG Mutants #1,,,NP00000051,D6W,5,2,65.2 µM,30 µL,,2020-08-28,"OmpG 1 Cys N-term D6W protein stock in 8M urea, 20 mM Tris, 2 mM TCEP pH 8",,,$,,Default,,,,,
,D6W,,Main Lab,1,vials,,,-80 Freezer / A Shelf / AA / AA2-2 WNB OmpG Mutants #1,-80 Freezer / A Shelf / AA / AA2-2 WNB OmpG Mutants #1,Available,,,,,,,,,,,,,,,,,,,,,,,,,2615,-80 Freezer,5105,A Shelf,dyn-rack-1782413261908-0,AA,,,,,dyn-box-1782413261908-0,AA2-2 WNB OmpG Mutants #1,,,NP00000052,D6W,5,3,65.2 µM,30 µL,,2020-08-28,"OmpG 1 Cys N-term D6W protein stock in 8M urea, 20 mM Tris, 2 mM TCEP pH 8",,,$,,Default,,,,,
,D6W,,Main Lab,1,vials,,,-80 Freezer / A Shelf / AA / AA2-2 WNB OmpG Mutants #1,-80 Freezer / A Shelf / AA / AA2-2 WNB OmpG Mutants #1,Available,,,,,,,,,,,,,,,,,,,,,,,,,2615,-80 Freezer,5105,A Shelf,dyn-rack-1782413261908-0,AA,,,,,dyn-box-1782413261908-0,AA2-2 WNB OmpG Mutants #1,,,NP00000053,D6W,5,4,65.2 µM,30 µL,,2020-08-28,"OmpG 1 Cys N-term D6W protein stock in 8M urea, 20 mM Tris, 2 mM TCEP pH 8",,,$,,Default,,,,,
,D6W,,Main Lab,1,vials,,,-80 Freezer / A Shelf / AA / AA2-2 WNB OmpG Mutants #1,-80 Freezer / A Shelf / AA / AA2-2 WNB OmpG Mutants #1,Available,,,,,,,,,,,,,,,,,,,,,,,,,2615,-80 Freezer,5105,A Shelf,dyn-rack-1782413261908-0,AA,,,,,dyn-box-1782413261908-0,AA2-2 WNB OmpG Mutants #1,,,NP00000054,D6W,5,5,65.2 µM,30 µL,,2020-08-28,"OmpG 1 Cys N-term D6W protein stock in 8M urea, 20 mM Tris, 2 mM TCEP pH 8",,,$,,Default,,,,,
,D6W,,Main Lab,1,vials,,,-80 Freezer / A Shelf / AA / AA2-2 WNB OmpG Mutants #1,-80 Freezer / A Shelf / AA / AA2-2 WNB OmpG Mutants #1,Available,,,,,,,,,,,,,,,,,,,,,,,,,2615,-80 Freezer,5105,A Shelf,dyn-rack-1782413261908-0,AA,,,,,dyn-box-1782413261908-0,AA2-2 WNB OmpG Mutants #1,,,NP00000055,D6W,5,6,65.2 µM,30 µL,,2020-08-28,"OmpG 1 Cys N-term D6W protein stock in 8M urea, 20 mM Tris, 2 mM TCEP pH 8",,,$,,Default,,,,,
,D6W,,Main Lab,1,vials,,,-80 Freezer / A Shelf / AA / AA2-2 WNB OmpG Mutants #1,-80 Freezer / A Shelf / AA / AA2-2 WNB OmpG Mutants #1,Available,,,,,,,,,,,,,,,,,,,,,,,,,2615,-80 Freezer,5105,A Shelf,dyn-rack-1782413261908-0,AA,,,,,dyn-box-1782413261908-0,AA2-2 WNB OmpG Mutants #1,,,NP00000056,D6W,5,7,65.2 µM,30 µL,,2020-08-28,"OmpG 1 Cys N-term D6W protein stock in 8M urea, 20 mM Tris, 2 mM TCEP pH 8",,,$,,Default,,,,,
,D6W,,Main Lab,1,vials,,,-80 Freezer / A Shelf / AA / AA2-2 WNB OmpG Mutants #1,-80 Freezer / A Shelf / AA / AA2-2 WNB OmpG Mutants #1,Available,,,,,,,,,,,,,,,,,,,,,,,,,2615,-80 Freezer,5105,A Shelf,dyn-rack-1782413261908-0,AA,,,,,dyn-box-1782413261908-0,AA2-2 WNB OmpG Mutants #1,,,NP00000057,D6W,5,8,65.2 µM,30 µL,,2020-08-28,"OmpG 1 Cys N-term D6W protein stock in 8M urea, 20 mM Tris, 2 mM TCEP pH 8",,,$,,Default,,,,,
,D6W,,Main Lab,1,vials,,,-80 Freezer / A Shelf / AA / AA2-2 WNB OmpG Mutants #1,-80 Freezer / A Shelf / AA / AA2-2 WNB OmpG Mutants #1,Available,,,,,,,,,,,,,,,,,,,,,,,,,2615,-80 Freezer,5105,A Shelf,dyn-rack-1782413261908-0,AA,,,,,dyn-box-1782413261908-0,AA2-2 WNB OmpG Mutants #1,,,NP00000058,D6W,5,9,65.2 µM,30 µL,,2020-08-28,"OmpG 1 Cys N-term D6W protein stock in 8M urea, 20 mM Tris, 2 mM TCEP pH 8",,,$,,Default,,,,,
,D6W,,Main Lab,1,vials,,,-80 Freezer / A Shelf / AA / AA2-2 WNB OmpG Mutants #1,-80 Freezer / A Shelf / AA / AA2-2 WNB OmpG Mutants #1,Available,,,,,,,,,,,,,,,,,,,,,,,,,2615,-80 Freezer,5105,A Shelf,dyn-rack-1782413261908-0,AA,,,,,dyn-box-1782413261908-0,AA2-2 WNB OmpG Mutants #1,,,NP00000059,D6W,6,1,65.2 µM,30 µL,,2020-08-28,"OmpG 1 Cys N-term D6W protein stock in 8M urea, 20 mM Tris, 2 mM TCEP pH 8",,,$,,Default,,,,,
,D6W,,Main Lab,1,vials,,,-80 Freezer / A Shelf / AA / AA2-2 WNB OmpG Mutants #1,-80 Freezer / A Shelf / AA / AA2-2 WNB OmpG Mutants #1,Available,,,,,,,,,,,,,,,,,,,,,,,,,2615,-80 Freezer,5105,A Shelf,dyn-rack-1782413261908-0,AA,,,,,dyn-box-1782413261908-0,AA2-2 WNB OmpG Mutants #1,,,NP00000060,D6W,6,2,65.2 µM,30 µL,,2020-08-28,"OmpG 1 Cys N-term D6W protein stock in 8M urea, 20 mM Tris, 2 mM TCEP pH 8",,,$,,Default,,,,,
,N5W,,Main Lab,1,vials,,,-80 Freezer / A Shelf / AA / AA2-2 WNB OmpG Mutants #1,-80 Freezer / A Shelf / AA / AA2-2 WNB OmpG Mutants #1,Available,,,,,,,,,,,,,,,,,,,,,,,,,2615,-80 Freezer,5105,A Shelf,dyn-rack-1782413261908-0,AA,,,,,dyn-box-1782413261908-0,AA2-2 WNB OmpG Mutants #1,,,NP00000061,N5W,7,1,58.5 µM,30 µL,,2020-08-28,"OmpG 1 Cys N-term N5W protein stock in 8M urea, 20 mM Tris, 2 mM TCEP pH 8",,,$,,Default,,,,,
,N5W,,Main Lab,1,vials,,,-80 Freezer / A Shelf / AA / AA2-2 WNB OmpG Mutants #1,-80 Freezer / A Shelf / AA / AA2-2 WNB OmpG Mutants #1,Available,,,,,,,,,,,,,,,,,,,,,,,,,2615,-80 Freezer,5105,A Shelf,dyn-rack-1782413261908-0,AA,,,,,dyn-box-1782413261908-0,AA2-2 WNB OmpG Mutants #1,,,NP00000062,N5W,7,2,58.5 µM,30 µL,,2020-08-28,"OmpG 1 Cys N-term N5W protein stock in 8M urea, 20 mM Tris, 2 mM TCEP pH 8",,,$,,Default,,,,,
,N5W,,Main Lab,1,vials,,,-80 Freezer / A Shelf / AA / AA2-2 WNB OmpG Mutants #1,-80 Freezer / A Shelf / AA / AA2-2 WNB OmpG Mutants #1,Available,,,,,,,,,,,,,,,,,,,,,,,,,2615,-80 Freezer,5105,A Shelf,dyn-rack-1782413261908-0,AA,,,,,dyn-box-1782413261908-0,AA2-2 WNB OmpG Mutants #1,,,NP00000063,N5W,7,3,58.5 µM,30 µL,,2020-08-28,"OmpG 1 Cys N-term N5W protein stock in 8M urea, 20 mM Tris, 2 mM TCEP pH 8",,,$,,Default,,,,,
,N5W,,Main Lab,1,vials,,,-80 Freezer / A Shelf / AA / AA2-2 WNB OmpG Mutants #1,-80 Freezer / A Shelf / AA / AA2-2 WNB OmpG Mutants #1,Available,,,,,,,,,,,,,,,,,,,,,,,,,2615,-80 Freezer,5105,A Shelf,dyn-rack-1782413261908-0,AA,,,,,dyn-box-1782413261908-0,AA2-2 WNB OmpG Mutants #1,,,NP00000064,N5W,7,4,58.5 µM,30 µL,,2020-08-28,"OmpG 1 Cys N-term N5W protein stock in 8M urea, 20 mM Tris, 2 mM TCEP pH 8",,,$,,Default,,,,,
,N5W,,Main Lab,1,vials,,,-80 Freezer / A Shelf / AA / AA2-2 WNB OmpG Mutants #1,-80 Freezer / A Shelf / AA / AA2-2 WNB OmpG Mutants #1,Available,,,,,,,,,,,,,,,,,,,,,,,,,2615,-80 Freezer,5105,A Shelf,dyn-rack-1782413261908-0,AA,,,,,dyn-box-1782413261908-0,AA2-2 WNB OmpG Mutants #1,,,NP00000065,N5W,7,5,58.5 µM,30 µL,,2020-08-28,"OmpG 1 Cys N-term N5W protein stock in 8M urea, 20 mM Tris, 2 mM TCEP pH 8",,,$,,Default,,,,,
,N5W,,Main Lab,1,vials,,,-80 Freezer / A Shelf / AA / AA2-2 WNB OmpG Mutants #1,-80 Freezer / A Shelf / AA / AA2-2 WNB OmpG Mutants #1,Available,,,,,,,,,,,,,,,,,,,,,,,,,2615,-80 Freezer,5105,A Shelf,dyn-rack-1782413261908-0,AA,,,,,dyn-box-1782413261908-0,AA2-2 WNB OmpG Mutants #1,,,NP00000066,N5W,7,6,58.5 µM,30 µL,,2020-08-28,"OmpG 1 Cys N-term N5W protein stock in 8M urea, 20 mM Tris, 2 mM TCEP pH 8",,,$,,Default,,,,,
,N5W,,Main Lab,1,vials,,,-80 Freezer / A Shelf / AA / AA2-2 WNB OmpG Mutants #1,-80 Freezer / A Shelf / AA / AA2-2 WNB OmpG Mutants #1,Available,,,,,,,,,,,,,,,,,,,,,,,,,2615,-80 Freezer,5105,A Shelf,dyn-rack-1782413261908-0,AA,,,,,dyn-box-1782413261908-0,AA2-2 WNB OmpG Mutants #1,,,NP00000067,N5W,7,7,58.5 µM,30 µL,,2020-08-28,"OmpG 1 Cys N-term N5W protein stock in 8M urea, 20 mM Tris, 2 mM TCEP pH 8",,,$,,Default,,,,,
,N5W,,Main Lab,1,vials,,,-80 Freezer / A Shelf / AA / AA2-2 WNB OmpG Mutants #1,-80 Freezer / A Shelf / AA / AA2-2 WNB OmpG Mutants #1,Available,,,,,,,,,,,,,,,,,,,,,,,,,2615,-80 Freezer,5105,A Shelf,dyn-rack-1782413261908-0,AA,,,,,dyn-box-1782413261908-0,AA2-2 WNB OmpG Mutants #1,,,NP00000068,N5W,7,8,58.5 µM,30 µL,,2020-08-28,"OmpG 1 Cys N-term N5W protein stock in 8M urea, 20 mM Tris, 2 mM TCEP pH 8",,,$,,Default,,,,,
,N5W,,Main Lab,1,vials,,,-80 Freezer / A Shelf / AA / AA2-2 WNB OmpG Mutants #1,-80 Freezer / A Shelf / AA / AA2-2 WNB OmpG Mutants #1,Available,,,,,,,,,,,,,,,,,,,,,,,,,2615,-80 Freezer,5105,A Shelf,dyn-rack-1782413261908-0,AA,,,,,dyn-box-1782413261908-0,AA2-2 WNB OmpG Mutants #1,,,NP00000069,N5W,7,9,58.5 µM,30 µL,,2020-08-28,"OmpG 1 Cys N-term N5W protein stock in 8M urea, 20 mM Tris, 2 mM TCEP pH 8",,,$,,Default,,,,,
,N5W,,Main Lab,1,vials,,,-80 Freezer / A Shelf / AA / AA2-2 WNB OmpG Mutants #1,-80 Freezer / A Shelf / AA / AA2-2 WNB OmpG Mutants #1,Available,,,,,,,,,,,,,,,,,,,,,,,,,2615,-80 Freezer,5105,A Shelf,dyn-rack-1782413261908-0,AA,,,,,dyn-box-1782413261908-0,AA2-2 WNB OmpG Mutants #1,,,NP00000070,N5W,8,2,58.5 µM,30 µL,,2020-08-28,"OmpG 1 Cys N-term N5W protein stock in 8M urea, 20 mM Tris, 2 mM TCEP pH 8",,,$,,Default,,,,,
,N5W,,Main Lab,1,vials,,,-80 Freezer / A Shelf / AA / AA2-2 WNB OmpG Mutants #1,-80 Freezer / A Shelf / AA / AA2-2 WNB OmpG Mutants #1,Available,,,,,,,,,,,,,,,,,,,,,,,,,2615,-80 Freezer,5105,A Shelf,dyn-rack-1782413261908-0,AA,,,,,dyn-box-1782413261908-0,AA2-2 WNB OmpG Mutants #1,,,NP00000071,N5W,8,3,58.5 µM,30 µL,,2020-08-28,"OmpG 1 Cys N-term N5W protein stock in 8M urea, 20 mM Tris, 2 mM TCEP pH 8",,,$,,Default,,,,,
,N5W,,Main Lab,1,vials,,,-80 Freezer / A Shelf / AA / AA2-2 WNB OmpG Mutants #1,-80 Freezer / A Shelf / AA / AA2-2 WNB OmpG Mutants #1,Available,,,,,,,,,,,,,,,,,,,,,,,,,2615,-80 Freezer,5105,A Shelf,dyn-rack-1782413261908-0,AA,,,,,dyn-box-1782413261908-0,AA2-2 WNB OmpG Mutants #1,,,NP00000072,N5W,8,4,58.5 µM,30 µL,,2020-08-28,"OmpG 1 Cys N-term N5W protein stock in 8M urea, 20 mM Tris, 2 mM TCEP pH 8",,,$,,Default,,,,,
,N5W,,Main Lab,1,vials,,,-80 Freezer / A Shelf / AA / AA2-2 WNB OmpG Mutants #1,-80 Freezer / A Shelf / AA / AA2-2 WNB OmpG Mutants #1,Available,,,,,,,,,,,,,,,,,,,,,,,,,2615,-80 Freezer,5105,A Shelf,dyn-rack-1782413261908-0,AA,,,,,dyn-box-1782413261908-0,AA2-2 WNB OmpG Mutants #1,,,NP00000073,N5W,8,5,58.5 µM,30 µL,,2020-08-28,"OmpG 1 Cys N-term N5W protein stock in 8M urea, 20 mM Tris, 2 mM TCEP pH 8",,,$,,Default,,,,,
,N5W,,Main Lab,1,vials,,,-80 Freezer / A Shelf / AA / AA2-2 WNB OmpG Mutants #1,-80 Freezer / A Shelf / AA / AA2-2 WNB OmpG Mutants #1,Available,,,,,,,,,,,,,,,,,,,,,,,,,2615,-80 Freezer,5105,A Shelf,dyn-rack-1782413261908-0,AA,,,,,dyn-box-1782413261908-0,AA2-2 WNB OmpG Mutants #1,,,NP00000074,N5W,8,6,58.5 µM,30 µL,,2020-08-28,"OmpG 1 Cys N-term N5W protein stock in 8M urea, 20 mM Tris, 2 mM TCEP pH 8",,,$,,Default,,,,,
,N5W,,Main Lab,1,vials,,,-80 Freezer / A Shelf / AA / AA2-2 WNB OmpG Mutants #1,-80 Freezer / A Shelf / AA / AA2-2 WNB OmpG Mutants #1,Available,,,,,,,,,,,,,,,,,,,,,,,,,2615,-80 Freezer,5105,A Shelf,dyn-rack-1782413261908-0,AA,,,,,dyn-box-1782413261908-0,AA2-2 WNB OmpG Mutants #1,,,NP00000075,N5W,8,7,58.5 µM,30 µL,,2020-08-28,"OmpG 1 Cys N-term N5W protein stock in 8M urea, 20 mM Tris, 2 mM TCEP pH 8",,,$,,Default,,,,,
,N5W,,Main Lab,1,vials,,,-80 Freezer / A Shelf / AA / AA2-2 WNB OmpG Mutants #1,-80 Freezer / A Shelf / AA / AA2-2 WNB OmpG Mutants #1,Available,,,,,,,,,,,,,,,,,,,,,,,,,2615,-80 Freezer,5105,A Shelf,dyn-rack-1782413261908-0,AA,,,,,dyn-box-1782413261908-0,AA2-2 WNB OmpG Mutants #1,,,NP00000076,N5W,8,8,58.5 µM,30 µL,,2020-08-28,"OmpG 1 Cys N-term N5W protein stock in 8M urea, 20 mM Tris, 2 mM TCEP pH 8",,,$,,Default,,,,,
,N5W,,Main Lab,1,vials,,,-80 Freezer / A Shelf / AA / AA2-2 WNB OmpG Mutants #1,-80 Freezer / A Shelf / AA / AA2-2 WNB OmpG Mutants #1,Available,,,,,,,,,,,,,,,,,,,,,,,,,2615,-80 Freezer,5105,A Shelf,dyn-rack-1782413261908-0,AA,,,,,dyn-box-1782413261908-0,AA2-2 WNB OmpG Mutants #1,,,NP00000077,N5W,8,1,58.5 µM,30 µL,,2020-08-28,"OmpG 1 Cys N-term N5W protein stock in 8M urea, 20 mM Tris, 2 mM TCEP pH 8",,,$,,Default,,,,,
,N5W,,Main Lab,1,vials,,,-80 Freezer / A Shelf / AA / AA2-2 WNB OmpG Mutants #1,-80 Freezer / A Shelf / AA / AA2-2 WNB OmpG Mutants #1,Available,,,,,,,,,,,,,,,,,,,,,,,,,2615,-80 Freezer,5105,A Shelf,dyn-rack-1782413261908-0,AA,,,,,dyn-box-1782413261908-0,AA2-2 WNB OmpG Mutants #1,,,NP00000078,N5W,8,9,58.5 µM,30 µL,,2020-08-28,"OmpG 1 Cys N-term N5W protein stock in 8M urea, 20 mM Tris, 2 mM TCEP pH 8",,,$,,Default,,,,,
,N5W,,Main Lab,1,vials,,,-80 Freezer / A Shelf / AA / AA2-2 WNB OmpG Mutants #1,-80 Freezer / A Shelf / AA / AA2-2 WNB OmpG Mutants #1,Available,,,,,,,,,,,,,,,,,,,,,,,,,2615,-80 Freezer,5105,A Shelf,dyn-rack-1782413261908-0,AA,,,,,dyn-box-1782413261908-0,AA2-2 WNB OmpG Mutants #1,,,NP00000079,N5W,9,1,58.5 µM,30 µL,,2020-08-28,"OmpG 1 Cys N-term N5W protein stock in 8M urea, 20 mM Tris, 2 mM TCEP pH 8",,,$,,Default,,,,,
,N5W,,Main Lab,1,vials,,,-80 Freezer / A Shelf / AA / AA2-2 WNB OmpG Mutants #1,-80 Freezer / A Shelf / AA / AA2-2 WNB OmpG Mutants #1,Available,,,,,,,,,,,,,,,,,,,,,,,,,2615,-80 Freezer,5105,A Shelf,dyn-rack-1782413261908-0,AA,,,,,dyn-box-1782413261908-0,AA2-2 WNB OmpG Mutants #1,,,NP00000080,N5W,9,2,58.5 µM,30 µL,,2020-08-28,"OmpG 1 Cys N-term N5W protein stock in 8M urea, 20 mM Tris, 2 mM TCEP pH 8",,,$,,Default,,,,,
,N5W,,Main Lab,1,vials,,,-80 Freezer / A Shelf / AA / AA2-2 WNB OmpG Mutants #1,-80 Freezer / A Shelf / AA / AA2-2 WNB OmpG Mutants #1,Available,,,,,,,,,,,,,,,,,,,,,,,,,2615,-80 Freezer,5105,A Shelf,dyn-rack-1782413261908-0,AA,,,,,dyn-box-1782413261908-0,AA2-2 WNB OmpG Mutants #1,,,NP00000081,N5W,9,3,58.5 µM,30 µL,,2020-08-28,"OmpG 1 Cys N-term N5W protein stock in 8M urea, 20 mM Tris, 2 mM TCEP pH 8",,,$,,Default,,,,,
,N5W,,Main Lab,1,vials,,,-80 Freezer / A Shelf / AA / AA2-2 WNB OmpG Mutants #1,-80 Freezer / A Shelf / AA / AA2-2 WNB OmpG Mutants #1,Available,,,,,,,,,,,,,,,,,,,,,,,,,2615,-80 Freezer,5105,A Shelf,dyn-rack-1782413261908-0,AA,,,,,dyn-box-1782413261908-0,AA2-2 WNB OmpG Mutants #1,,,NP00000082,N5W,9,4,58.5 µM,30 µL,,2020-08-28,"OmpG 1 Cys N-term N5W protein stock in 8M urea, 20 mM Tris, 2 mM TCEP pH 8",,,$,,Default,,,,,
,N5W,,Main Lab,1,vials,,,-80 Freezer / A Shelf / AA / AA2-2 WNB OmpG Mutants #1,-80 Freezer / A Shelf / AA / AA2-2 WNB OmpG Mutants #1,Available,,,,,,,,,,,,,,,,,,,,,,,,,2615,-80 Freezer,5105,A Shelf,dyn-rack-1782413261908-0,AA,,,,,dyn-box-1782413261908-0,AA2-2 WNB OmpG Mutants #1,,,NP00000083,N5W,9,5,58.5 µM,30 µL,,2020-08-28,"OmpG 1 Cys N-term N5W protein stock in 8M urea, 20 mM Tris, 2 mM TCEP pH 8",,,$,,Default,,,,,
,N5W,,Main Lab,1,vials,,,-80 Freezer / A Shelf / AA / AA2-2 WNB OmpG Mutants #1,-80 Freezer / A Shelf / AA / AA2-2 WNB OmpG Mutants #1,Available,,,,,,,,,,,,,,,,,,,,,,,,,2615,-80 Freezer,5105,A Shelf,dyn-rack-1782413261908-0,AA,,,,,dyn-box-1782413261908-0,AA2-2 WNB OmpG Mutants #1,,,NP00000084,N5W,9,6,58.5 µM,30 µL,,2020-08-28,"OmpG 1 Cys N-term N5W protein stock in 8M urea, 20 mM Tris, 2 mM TCEP pH 8",,,$,,Default,,,,,
,N5W,,Main Lab,1,vials,,,-80 Freezer / A Shelf / AA / AA2-2 WNB OmpG Mutants #1,-80 Freezer / A Shelf / AA / AA2-2 WNB OmpG Mutants #1,Available,,,,,,,,,,,,,,,,,,,,,,,,,2615,-80 Freezer,5105,A Shelf,dyn-rack-1782413261908-0,AA,,,,,dyn-box-1782413261908-0,AA2-2 WNB OmpG Mutants #1,,,NP00000085,N5W,9,7,58.5 µM,30 µL,,2020-08-28,"OmpG 1 Cys N-term N5W protein stock in 8M urea, 20 mM Tris, 2 mM TCEP pH 8",,,$,,Default,,,,,
,N5W,,Main Lab,1,vials,,,-80 Freezer / A Shelf / AA / AA2-2 WNB OmpG Mutants #1,-80 Freezer / A Shelf / AA / AA2-2 WNB OmpG Mutants #1,Available,,,,,,,,,,,,,,,,,,,,,,,,,2615,-80 Freezer,5105,A Shelf,dyn-rack-1782413261908-0,AA,,,,,dyn-box-1782413261908-0,AA2-2 WNB OmpG Mutants #1,,,NP00000086,N5W,9,8,58.5 µM,30 µL,,2020-08-28,"OmpG 1 Cys N-term N5W protein stock in 8M urea, 20 mM Tris, 2 mM TCEP pH 8",,,$,,Default,,,,,
,N5W,,Main Lab,1,vials,,,-80 Freezer / A Shelf / AA / AA2-2 WNB OmpG Mutants #1,-80 Freezer / A Shelf / AA / AA2-2 WNB OmpG Mutants #1,Available,,,,,,,,,,,,,,,,,,,,,,,,,2615,-80 Freezer,5105,A Shelf,dyn-rack-1782413261908-0,AA,,,,,dyn-box-1782413261908-0,AA2-2 WNB OmpG Mutants #1,,,NP00000087,N5W,9,9,58.5 µM,30 µL,,2020-08-28,"OmpG 1 Cys N-term N5W protein stock in 8M urea, 20 mM Tris, 2 mM TCEP pH 8",,,$,,Default,,,,,
,N5W,,Main Lab,1,vials,,,-80 Freezer / A Shelf / AA / AA2-2 WNB OmpG Mutants #1,-80 Freezer / A Shelf / AA / AA2-2 WNB OmpG Mutants #1,Available,,,,,,,,,,,,,,,,,,,,,,,,,2615,-80 Freezer,5105,A Shelf,dyn-rack-1782413261908-0,AA,,,,,dyn-box-1782413261908-0,AA2-2 WNB OmpG Mutants #1,,,NP00000088,N5W,6,6,58.5 µM,30 µL,,2020-08-28,"OmpG 1 Cys N-term N5W protein stock in 8M urea, 20 mM Tris, 2 mM TCEP pH 8",,,$,,Default,,,,,
,N5W,,Main Lab,1,vials,,,-80 Freezer / A Shelf / AA / AA2-2 WNB OmpG Mutants #1,-80 Freezer / A Shelf / AA / AA2-2 WNB OmpG Mutants #1,Available,,,,,,,,,,,,,,,,,,,,,,,,,2615,-80 Freezer,5105,A Shelf,dyn-rack-1782413261908-0,AA,,,,,dyn-box-1782413261908-0,AA2-2 WNB OmpG Mutants #1,,,NP00000089,N5W,6,7,58.5 µM,30 µL,,2020-08-28,"OmpG 1 Cys N-term N5W protein stock in 8M urea, 20 mM Tris, 2 mM TCEP pH 8",,,$,,Default,,,,,
,N5W,,Main Lab,1,vials,,,-80 Freezer / A Shelf / AA / AA2-2 WNB OmpG Mutants #1,-80 Freezer / A Shelf / AA / AA2-2 WNB OmpG Mutants #1,Available,,,,,,,,,,,,,,,,,,,,,,,,,2615,-80 Freezer,5105,A Shelf,dyn-rack-1782413261908-0,AA,,,,,dyn-box-1782413261908-0,AA2-2 WNB OmpG Mutants #1,,,NP00000090,N5W,6,8,58.5 µM,30 µL,,2020-08-28,"OmpG 1 Cys N-term N5W protein stock in 8M urea, 20 mM Tris, 2 mM TCEP pH 8",,,$,,Default,,,,,
,N5W,,Main Lab,1,vials,,,-80 Freezer / A Shelf / AA / AA2-2 WNB OmpG Mutants #1,-80 Freezer / A Shelf / AA / AA2-2 WNB OmpG Mutants #1,Available,,,,,,,,,,,,,,,,,,,,,,,,,2615,-80 Freezer,5105,A Shelf,dyn-rack-1782413261908-0,AA,,,,,dyn-box-1782413261908-0,AA2-2 WNB OmpG Mutants #1,,,NP00000091,N5W,6,9,58.5 µM,30 µL,,2020-08-28,"OmpG 1 Cys N-term N5W protein stock in 8M urea, 20 mM Tris, 2 mM TCEP pH 8",,,$,,Default,,,,,
,1679,,Main Lab,1,vials,,,-80 Freezer / A Shelf / AA / AA1-1 WNB BAM Complex Stocks,-80 Freezer / A Shelf / AA / AA1-1 WNB BAM Complex Stocks,Available,,,,,,,,,,,,,,,,,,,,,,,,,2615,-80 Freezer,5105,A Shelf,dyn-rack-1782413261908-0,AA,,,,,dyn-box-1782413261913-73,AA1-1 WNB BAM Complex Stocks,,,NP00000092,1679,1,1,13.4 µM,100 µL,,2020-06-26,"BAM complex from pMS 1679 (prepared by Morgan Fink) in 25 mM Tris pH 8, 500 mM NaCl, 0.5 mM TCEP, 0.03% DDM",,,$,,Default,,,,,
,1679,,Main Lab,1,vials,,,-80 Freezer / A Shelf / AA / AA1-1 WNB BAM Complex Stocks,-80 Freezer / A Shelf / AA / AA1-1 WNB BAM Complex Stocks,Available,,,,,,,,,,,,,,,,,,,,,,,,,2615,-80 Freezer,5105,A Shelf,dyn-rack-1782413261908-0,AA,,,,,dyn-box-1782413261913-73,AA1-1 WNB BAM Complex Stocks,,,NP00000093,1679,1,2,13.4 µM,100 µL,,2020-06-26,"BAM complex from pMS 1679 (prepared by Morgan Fink) in 25 mM Tris pH 8, 500 mM NaCl, 0.5 mM TCEP, 0.03% DDM",,,$,,Default,,,,,
,1679,,Main Lab,1,vials,,,-80 Freezer / A Shelf / AA / AA1-1 WNB BAM Complex Stocks,-80 Freezer / A Shelf / AA / AA1-1 WNB BAM Complex Stocks,Available,,,,,,,,,,,,,,,,,,,,,,,,,2615,-80 Freezer,5105,A Shelf,dyn-rack-1782413261908-0,AA,,,,,dyn-box-1782413261913-73,AA1-1 WNB BAM Complex Stocks,,,NP00000094,1679,1,3,13.4 µM,100 µL,,2020-06-26,"BAM complex from pMS 1679 (prepared by Morgan Fink) in 25 mM Tris pH 8, 500 mM NaCl, 0.5 mM TCEP, 0.03% DDM",,,$,,Default,,,,,
,1679,,Main Lab,1,vials,,,-80 Freezer / A Shelf / AA / AA1-1 WNB BAM Complex Stocks,-80 Freezer / A Shelf / AA / AA1-1 WNB BAM Complex Stocks,Available,,,,,,,,,,,,,,,,,,,,,,,,,2615,-80 Freezer,5105,A Shelf,dyn-rack-1782413261908-0,AA,,,,,dyn-box-1782413261913-73,AA1-1 WNB BAM Complex Stocks,,,NP00000095,1679,1,4,13.4 µM,100 µL,,2020-06-26,"BAM complex from pMS 1679 (prepared by Morgan Fink) in 25 mM Tris pH 8, 500 mM NaCl, 0.5 mM TCEP, 0.03% DDM",,,$,,Default,,,,,
,1679,,Main Lab,1,vials,,,-80 Freezer / A Shelf / AA / AA1-1 WNB BAM Complex Stocks,-80 Freezer / A Shelf / AA / AA1-1 WNB BAM Complex Stocks,Available,,,,,,,,,,,,,,,,,,,,,,,,,2615,-80 Freezer,5105,A Shelf,dyn-rack-1782413261908-0,AA,,,,,dyn-box-1782413261913-73,AA1-1 WNB BAM Complex Stocks,,,NP00000096,1679,1,5,13.4 µM,100 µL,,2020-06-26,"BAM complex from pMS 1679 (prepared by Morgan Fink) in 25 mM Tris pH 8, 500 mM NaCl, 0.5 mM TCEP, 0.03% DDM",,,$,,Default,,,,,
,1289 9/19,,Main Lab,1,vials,,,-80 Freezer / A Shelf / AA / AA1-1 WNB BAM Complex Stocks,-80 Freezer / A Shelf / AA / AA1-1 WNB BAM Complex Stocks,Available,,,,,,,,,,,,,,,,,,,,,,,,,2615,-80 Freezer,5105,A Shelf,dyn-rack-1782413261908-0,AA,,,,,dyn-box-1782413261913-73,AA1-1 WNB BAM Complex Stocks,,,NP00000097,1289 9/19,2,1,26.3 µM,200 µL,,2024-09-19,"BAM complex from pMS 1289 in 25 mM Tris pH 8, 150 mM NaCl, 0.5 mM TCEP, 0.03% DDM",,,$,,Default,,,,,
,1289 9/19,,Main Lab,1,vials,,,-80 Freezer / A Shelf / AA / AA1-1 WNB BAM Complex Stocks,-80 Freezer / A Shelf / AA / AA1-1 WNB BAM Complex Stocks,Available,,,,,,,,,,,,,,,,,,,,,,,,,2615,-80 Freezer,5105,A Shelf,dyn-rack-1782413261908-0,AA,,,,,dyn-box-1782413261913-73,AA1-1 WNB BAM Complex Stocks,,,NP00000098,1289 9/19,2,2,26.3 µM,200 µL,,2024-09-19,"BAM complex from pMS 1289 in 25 mM Tris pH 8, 150 mM NaCl, 0.5 mM TCEP, 0.03% DDM",,,$,,Default,,,,,
,1289 9/19,,Main Lab,1,vials,,,-80 Freezer / A Shelf / AA / AA1-1 WNB BAM Complex Stocks,-80 Freezer / A Shelf / AA / AA1-1 WNB BAM Complex Stocks,Available,,,,,,,,,,,,,,,,,,,,,,,,,2615,-80 Freezer,5105,A Shelf,dyn-rack-1782413261908-0,AA,,,,,dyn-box-1782413261913-73,AA1-1 WNB BAM Complex Stocks,,,NP00000099,1289 9/19,2,3,26.3 µM,200 µL,,2024-09-19,"BAM complex from pMS 1289 in 25 mM Tris pH 8, 150 mM NaCl, 0.5 mM TCEP, 0.03% DDM",,,$,,Default,,,,,
,1289 10/11,,Main Lab,1,vials,,,-80 Freezer / A Shelf / AA / AA1-1 WNB BAM Complex Stocks,-80 Freezer / A Shelf / AA / AA1-1 WNB BAM Complex Stocks,Available,,,,,,,,,,,,,,,,,,,,,,,,,2615,-80 Freezer,5105,A Shelf,dyn-rack-1782413261908-0,AA,,,,,dyn-box-1782413261913-73,AA1-1 WNB BAM Complex Stocks,,,NP00000100,1289 10/11,3,1,27.4 µM,200 µL,,2024-10-11,"BAM complex from pMS 1289 in 25 mM Tris pH 8, 150 mM NaCl, 0.05 mM TCEP, 0.03% DDM",,,$,,Default,,,,,
,1289 10/11,,Main Lab,1,vials,,,-80 Freezer / A Shelf / AA / AA1-1 WNB BAM Complex Stocks,-80 Freezer / A Shelf / AA / AA1-1 WNB BAM Complex Stocks,Available,,,,,,,,,,,,,,,,,,,,,,,,,2615,-80 Freezer,5105,A Shelf,dyn-rack-1782413261908-0,AA,,,,,dyn-box-1782413261913-73,AA1-1 WNB BAM Complex Stocks,,,NP00000101,1289 10/11,3,2,27.4 µM,200 µL,,2024-10-11,"BAM complex from pMS 1289 in 25 mM Tris pH 8, 150 mM NaCl, 0.05 mM TCEP, 0.03% DDM",,,$,,Default,,,,,
,1289 10/28,,Main Lab,1,vials,,,-80 Freezer / A Shelf / AA / AA1-1 WNB BAM Complex Stocks,-80 Freezer / A Shelf / AA / AA1-1 WNB BAM Complex Stocks,Available,,,,,,,,,,,,,,,,,,,,,,,,,2615,-80 Freezer,5105,A Shelf,dyn-rack-1782413261908-0,AA,,,,,dyn-box-1782413261913-73,AA1-1 WNB BAM Complex Stocks,,,NP00000102,1289 10/28,4,1,26.5 µM,200 µL,,2024-10-28,"BAM complex from pMS 1289 in 25 mM Tris pH 8, 150 mM NaCl, 0.05 mM TCEP, 0.03% DDM",,,$,,Default,,,,,
,1289 10/28,,Main Lab,1,vials,,,-80 Freezer / A Shelf / AA / AA1-1 WNB BAM Complex Stocks,-80 Freezer / A Shelf / AA / AA1-1 WNB BAM Complex Stocks,Available,,,,,,,,,,,,,,,,,,,,,,,,,2615,-80 Freezer,5105,A Shelf,dyn-rack-1782413261908-0,AA,,,,,dyn-box-1782413261913-73,AA1-1 WNB BAM Complex Stocks,,,NP00000103,1289 10/28,4,2,26.5 µM,200 µL,,2024-10-28,"BAM complex from pMS 1289 in 25 mM Tris pH 8, 150 mM NaCl, 0.05 mM TCEP, 0.03% DDM",,,$,,Default,,,,,
,1289 12/6,,Main Lab,1,vials,,,-80 Freezer / A Shelf / AA / AA1-1 WNB BAM Complex Stocks,-80 Freezer / A Shelf / AA / AA1-1 WNB BAM Complex Stocks,Available,,,,,,,,,,,,,,,,,,,,,,,,,2615,-80 Freezer,5105,A Shelf,dyn-rack-1782413261908-0,AA,,,,,dyn-box-1782413261913-73,AA1-1 WNB BAM Complex Stocks,,,NP00000104,1289 12/6,5,1,26.6 µM,200 µL,,2024-12-06,"BAM complex from pMS 1289 in 25 mM Tris pH 8, 150 mM NaCl, 0.05 mM TCEP, 0.03% DDM",,,$,,Default,,,,,
,1289 12/6,,Main Lab,1,vials,,,-80 Freezer / A Shelf / AA / AA1-1 WNB BAM Complex Stocks,-80 Freezer / A Shelf / AA / AA1-1 WNB BAM Complex Stocks,Available,,,,,,,,,,,,,,,,,,,,,,,,,2615,-80 Freezer,5105,A Shelf,dyn-rack-1782413261908-0,AA,,,,,dyn-box-1782413261913-73,AA1-1 WNB BAM Complex Stocks,,,NP00000105,1289 12/6,5,2,26.6 µM,200 µL,,2024-12-06,"BAM complex from pMS 1289 in 25 mM Tris pH 8, 150 mM NaCl, 0.05 mM TCEP, 0.03% DDM",,,$,,Default,,,,,
,BAM TB 10/5,,Main Lab,1,vials,,,-80 Freezer / A Shelf / AA / AA1-1 WNB BAM Complex Stocks,-80 Freezer / A Shelf / AA / AA1-1 WNB BAM Complex Stocks,Available,,,,,,,,,,,,,,,,,,,,,,,,,2615,-80 Freezer,5105,A Shelf,dyn-rack-1782413261908-0,AA,,,,,dyn-box-1782413261913-73,AA1-1 WNB BAM Complex Stocks,,,NP00000106,BAM TB 10/5,6,1,23.8 µM,200 µL,,2024-11-23,"BAM complex from pMS 1289 in 25 mM Tris pH 8, 150 mM NaCl, 0.05 mM TCEP, 0.03% DDM, Prepared from growths in TB broth using transformation plate from 10/5/24",,,$,,Default,,,,,
,BAM TB 10/5,,Main Lab,1,vials,,,-80 Freezer / A Shelf / AA / AA1-1 WNB BAM Complex Stocks,-80 Freezer / A Shelf / AA / AA1-1 WNB BAM Complex Stocks,Available,,,,,,,,,,,,,,,,,,,,,,,,,2615,-80 Freezer,5105,A Shelf,dyn-rack-1782413261908-0,AA,,,,,dyn-box-1782413261913-73,AA1-1 WNB BAM Complex Stocks,,,NP00000107,BAM TB 10/5,6,2,23.8 µM,200 µL,,2024-11-23,"BAM complex from pMS 1289 in 25 mM Tris pH 8, 150 mM NaCl, 0.05 mM TCEP, 0.03% DDM, Prepared from growths in TB broth using transformation plate from 10/5/24",,,$,,Default,,,,,
,BAM TB 10/5,,Main Lab,1,vials,,,-80 Freezer / A Shelf / AA / AA1-1 WNB BAM Complex Stocks,-80 Freezer / A Shelf / AA / AA1-1 WNB BAM Complex Stocks,Available,,,,,,,,,,,,,,,,,,,,,,,,,2615,-80 Freezer,5105,A Shelf,dyn-rack-1782413261908-0,AA,,,,,dyn-box-1782413261913-73,AA1-1 WNB BAM Complex Stocks,,,NP00000108,BAM TB 10/5,6,3,23.8 µM,200 µL,,2024-11-23,"BAM complex from pMS 1289 in 25 mM Tris pH 8, 150 mM NaCl, 0.05 mM TCEP, 0.03% DDM, Prepared from growths in TB broth using transformation plate from 10/5/24",,,$,,Default,,,,,
,BAM TB 10/5,,Main Lab,1,vials,,,-80 Freezer / A Shelf / AA / AA1-1 WNB BAM Complex Stocks,-80 Freezer / A Shelf / AA / AA1-1 WNB BAM Complex Stocks,Available,,,,,,,,,,,,,,,,,,,,,,,,,2615,-80 Freezer,5105,A Shelf,dyn-rack-1782413261908-0,AA,,,,,dyn-box-1782413261913-73,AA1-1 WNB BAM Complex Stocks,,,NP00000109,BAM TB 10/5,6,4,23.8 µM,200 µL,,2024-11-23,"BAM complex from pMS 1289 in 25 mM Tris pH 8, 150 mM NaCl, 0.05 mM TCEP, 0.03% DDM, Prepared from growths in TB broth using transformation plate from 10/5/24",,,$,,Default,,,,,
,BAM TB 10/5,,Main Lab,1,vials,,,-80 Freezer / A Shelf / AA / AA1-1 WNB BAM Complex Stocks,-80 Freezer / A Shelf / AA / AA1-1 WNB BAM Complex Stocks,Available,,,,,,,,,,,,,,,,,,,,,,,,,2615,-80 Freezer,5105,A Shelf,dyn-rack-1782413261908-0,AA,,,,,dyn-box-1782413261913-73,AA1-1 WNB BAM Complex Stocks,,,NP00000110,BAM TB 10/5,6,5,23.8 µM,200 µL,,2024-11-23,"BAM complex from pMS 1289 in 25 mM Tris pH 8, 150 mM NaCl, 0.05 mM TCEP, 0.03% DDM, Prepared from growths in TB broth using transformation plate from 10/5/24",,,$,,Default,,,,,
,BAM TB 10/5,,Main Lab,1,vials,,,-80 Freezer / A Shelf / AA / AA1-1 WNB BAM Complex Stocks,-80 Freezer / A Shelf / AA / AA1-1 WNB BAM Complex Stocks,Available,,,,,,,,,,,,,,,,,,,,,,,,,2615,-80 Freezer,5105,A Shelf,dyn-rack-1782413261908-0,AA,,,,,dyn-box-1782413261913-73,AA1-1 WNB BAM Complex Stocks,,,NP00000111,BAM TB 10/5,6,6,23.8 µM,200 µL,,2024-11-23,"BAM complex from pMS 1289 in 25 mM Tris pH 8, 150 mM NaCl, 0.05 mM TCEP, 0.03% DDM, Prepared from growths in TB broth using transformation plate from 10/5/24",,,$,,Default,,,,,
,BAM TB 11/13,,Main Lab,1,vials,,,-80 Freezer / A Shelf / AA / AA1-1 WNB BAM Complex Stocks,-80 Freezer / A Shelf / AA / AA1-1 WNB BAM Complex Stocks,Available,,,,,,,,,,,,,,,,,,,,,,,,,2615,-80 Freezer,5105,A Shelf,dyn-rack-1782413261908-0,AA,,,,,dyn-box-1782413261913-73,AA1-1 WNB BAM Complex Stocks,,,NP00000112,BAM TB 11/13,7,1,22.9 µM,200 µL,,2024-11-23,"BAM complex from pMS 1289 in 25 mM Tris pH 8, 150 mM NaCl, 0.05 mM TCEP, 0.03% DDM, prepared from TB broth from transformation plate from 11/13/24",,,$,,Default,,,,,
,BAM TB 11/13,,Main Lab,1,vials,,,-80 Freezer / A Shelf / AA / AA1-1 WNB BAM Complex Stocks,-80 Freezer / A Shelf / AA / AA1-1 WNB BAM Complex Stocks,Available,,,,,,,,,,,,,,,,,,,,,,,,,2615,-80 Freezer,5105,A Shelf,dyn-rack-1782413261908-0,AA,,,,,dyn-box-1782413261913-73,AA1-1 WNB BAM Complex Stocks,,,NP00000113,BAM TB 11/13,7,2,22.9 µM,200 µL,,2024-11-23,"BAM complex from pMS 1289 in 25 mM Tris pH 8, 150 mM NaCl, 0.05 mM TCEP, 0.03% DDM, prepared from TB broth from transformation plate from 11/13/24",,,$,,Default,,,,,
,BAM TB 11/13,,Main Lab,1,vials,,,-80 Freezer / A Shelf / AA / AA1-1 WNB BAM Complex Stocks,-80 Freezer / A Shelf / AA / AA1-1 WNB BAM Complex Stocks,Available,,,,,,,,,,,,,,,,,,,,,,,,,2615,-80 Freezer,5105,A Shelf,dyn-rack-1782413261908-0,AA,,,,,dyn-box-1782413261913-73,AA1-1 WNB BAM Complex Stocks,,,NP00000114,BAM TB 11/13,7,3,22.9 µM,200 µL,,2024-11-23,"BAM complex from pMS 1289 in 25 mM Tris pH 8, 150 mM NaCl, 0.05 mM TCEP, 0.03% DDM, prepared from TB broth from transformation plate from 11/13/24",,,$,,Default,,,,,
,BAM TB 11/13,,Main Lab,1,vials,,,-80 Freezer / A Shelf / AA / AA1-1 WNB BAM Complex Stocks,-80 Freezer / A Shelf / AA / AA1-1 WNB BAM Complex Stocks,Available,,,,,,,,,,,,,,,,,,,,,,,,,2615,-80 Freezer,5105,A Shelf,dyn-rack-1782413261908-0,AA,,,,,dyn-box-1782413261913-73,AA1-1 WNB BAM Complex Stocks,,,NP00000115,BAM TB 11/13,7,4,22.9 µM,200 µL,,2024-11-23,"BAM complex from pMS 1289 in 25 mM Tris pH 8, 150 mM NaCl, 0.05 mM TCEP, 0.03% DDM, prepared from TB broth from transformation plate from 11/13/24",,,$,,Default,,,,,
,BAM TB 11/13,,Main Lab,1,vials,,,-80 Freezer / A Shelf / AA / AA1-1 WNB BAM Complex Stocks,-80 Freezer / A Shelf / AA / AA1-1 WNB BAM Complex Stocks,Available,,,,,,,,,,,,,,,,,,,,,,,,,2615,-80 Freezer,5105,A Shelf,dyn-rack-1782413261908-0,AA,,,,,dyn-box-1782413261913-73,AA1-1 WNB BAM Complex Stocks,,,NP00000116,BAM TB 11/13,7,5,22.9 µM,200 µL,,2024-11-23,"BAM complex from pMS 1289 in 25 mM Tris pH 8, 150 mM NaCl, 0.05 mM TCEP, 0.03% DDM, prepared from TB broth from transformation plate from 11/13/24",,,$,,Default,,,,,
,OmpXA 2 Cys,,Main Lab,1,vials,,,-80 Freezer / A Shelf / AA / AA2 / AA2-1 WNB OMP Stocks in Urea,-80 Freezer / A Shelf / AA / AA2 / AA2-1 WNB OMP Stocks in Urea,Available,,,,,,,,,,,,,,,,,,,,,,,,,2615,-80 Freezer,5105,A Shelf,dyn-rack-1782413261908-0,AA,drawer-1786391575788-2,AA2,,,dyn-box-1782413261914-98,AA2-1 WNB OMP Stocks in Urea,,,NP00000119,OmpXA 2 Cys,1,1,104 µM,~2 mL,,2023-02-14,"OmpXA 2 Cys in 8M urea, 20 mM Tris pH 8, 2 mM TCEP",,,$,,Default,,,,,
,OmpXA 2 Cys,,Main Lab,1,vials,,,-80 Freezer / A Shelf / AA / AA2 / AA2-1 WNB OMP Stocks in Urea,-80 Freezer / A Shelf / AA / AA2 / AA2-1 WNB OMP Stocks in Urea,Available,,,,,,,,,,,,,,,,,,,,,,,,,2615,-80 Freezer,5105,A Shelf,dyn-rack-1782413261908-0,AA,drawer-1786391575788-2,AA2,,,dyn-box-1782413261914-98,AA2-1 WNB OMP Stocks in Urea,,,NP00000120,OmpXA 2 Cys,1,2,104 µM,~2 mL,,2023-02-14,"OmpXA 2 Cys in 8M urea, 20 mM Tris pH 8, 2 mM TCEP",,,$,,Default,,,,,
,OmpXA 2 Cys,,Main Lab,1,vials,,,-80 Freezer / A Shelf / AA / AA2 / AA2-1 WNB OMP Stocks in Urea,-80 Freezer / A Shelf / AA / AA2 / AA2-1 WNB OMP Stocks in Urea,Available,,,,,,,,,,,,,,,,,,,,,,,,,2615,-80 Freezer,5105,A Shelf,dyn-rack-1782413261908-0,AA,drawer-1786391575788-2,AA2,,,dyn-box-1782413261914-98,AA2-1 WNB OMP Stocks in Urea,,,NP00000121,OmpXA 2 Cys,1,3,104 µM,~2 mL,,2023-02-14,"OmpXA 2 Cys in 8M urea, 20 mM Tris pH 8, 2 mM TCEP",,,$,,Default,,,,,
,OmpXA 2 Cys,,Main Lab,1,vials,,,-80 Freezer / A Shelf / AA / AA2 / AA2-1 WNB OMP Stocks in Urea,-80 Freezer / A Shelf / AA / AA2 / AA2-1 WNB OMP Stocks in Urea,Available,,,,,,,,,,,,,,,,,,,,,,,,,2615,-80 Freezer,5105,A Shelf,dyn-rack-1782413261908-0,AA,drawer-1786391575788-2,AA2,,,dyn-box-1782413261914-98,AA2-1 WNB OMP Stocks in Urea,,,NP00000122,OmpXA 2 Cys,1,4,104 µM,~2 mL,,2023-02-14,"OmpXA 2 Cys in 8M urea, 20 mM Tris pH 8, 2 mM TCEP",,,$,,Default,,,,,
,OmpXA 2 Cys V2,,Main Lab,1,vials,,,-80 Freezer / A Shelf / AA / AA2 / AA2-1 WNB OMP Stocks in Urea,-80 Freezer / A Shelf / AA / AA2 / AA2-1 WNB OMP Stocks in Urea,Available,,,,,,,,,,,,,,,,,,,,,,,,,2615,-80 Freezer,5105,A Shelf,dyn-rack-1782413261908-0,AA,drawer-1786391575788-2,AA2,,,dyn-box-1782413261914-98,AA2-1 WNB OMP Stocks in Urea,,,NP00000123,OmpXA 2 Cys V2,1,6,167 µM,~2 mL,,2023-02-14,"OmpXA 2 Cys V2 in 8M urea, 20 mM Tris pH 8, 2 mM TCEP",,,$,,Default,,,,,
,OmpXA 2 Cys V2,,Main Lab,1,vials,,,-80 Freezer / A Shelf / AA / AA2 / AA2-1 WNB OMP Stocks in Urea,-80 Freezer / A Shelf / AA / AA2 / AA2-1 WNB OMP Stocks in Urea,Available,,,,,,,,,,,,,,,,,,,,,,,,,2615,-80 Freezer,5105,A Shelf,dyn-rack-1782413261908-0,AA,drawer-1786391575788-2,AA2,,,dyn-box-1782413261914-98,AA2-1 WNB OMP Stocks in Urea,,,NP00000124,OmpXA 2 Cys V2,1,7,167 µM,~2 mL,,2023-02-14,"OmpXA 2 Cys V2 in 8M urea, 20 mM Tris pH 8, 2 mM TCEP",,,$,,Default,,,,,
,OmpXA 2 Cys V2,,Main Lab,1,vials,,,-80 Freezer / A Shelf / AA / AA2 / AA2-1 WNB OMP Stocks in Urea,-80 Freezer / A Shelf / AA / AA2 / AA2-1 WNB OMP Stocks in Urea,Available,,,,,,,,,,,,,,,,,,,,,,,,,2615,-80 Freezer,5105,A Shelf,dyn-rack-1782413261908-0,AA,drawer-1786391575788-2,AA2,,,dyn-box-1782413261914-98,AA2-1 WNB OMP Stocks in Urea,,,NP00000125,OmpXA 2 Cys V2,1,8,167 µM,~2 mL,,2023-02-14,"OmpXA 2 Cys V2 in 8M urea, 20 mM Tris pH 8, 2 mM TCEP",,,$,,Default,,,,,
,OmpXA 2 Cys V2,,Main Lab,1,vials,,,-80 Freezer / A Shelf / AA / AA2 / AA2-1 WNB OMP Stocks in Urea,-80 Freezer / A Shelf / AA / AA2 / AA2-1 WNB OMP Stocks in Urea,Available,,,,,,,,,,,,,,,,,,,,,,,,,2615,-80 Freezer,5105,A Shelf,dyn-rack-1782413261908-0,AA,drawer-1786391575788-2,AA2,,,dyn-box-1782413261914-98,AA2-1 WNB OMP Stocks in Urea,,,NP00000126,OmpXA 2 Cys V2,1,9,167 µM,~2 mL,,2023-02-14,"OmpXA 2 Cys V2 in 8M urea, 20 mM Tris pH 8, 2 mM TCEP",,,$,,Default,,,,,
,OmpXA 2 Cys V3,,Main Lab,1,vials,,,-80 Freezer / A Shelf / AA / AA2 / AA2-1 WNB OMP Stocks in Urea,-80 Freezer / A Shelf / AA / AA2 / AA2-1 WNB OMP Stocks in Urea,Available,,,,,,,,,,,,,,,,,,,,,,,,,2615,-80 Freezer,5105,A Shelf,dyn-rack-1782413261908-0,AA,drawer-1786391575788-2,AA2,,,dyn-box-1782413261914-98,AA2-1 WNB OMP Stocks in Urea,,,NP00000127,OmpXA 2 Cys V3,2,1,200 µM,~2 mL,,2023-02-14,"OmpXA 2 Cys V3 in 8M urea, 20 mM Tris pH 8, 2 mM TCEP",,,$,,Default,,,,,
,OmpXA 2 Cys V3,,Main Lab,1,vials,,,-80 Freezer / A Shelf / AA / AA2 / AA2-1 WNB OMP Stocks in Urea,-80 Freezer / A Shelf / AA / AA2 / AA2-1 WNB OMP Stocks in Urea,Available,,,,,,,,,,,,,,,,,,,,,,,,,2615,-80 Freezer,5105,A Shelf,dyn-rack-1782413261908-0,AA,drawer-1786391575788-2,AA2,,,dyn-box-1782413261914-98,AA2-1 WNB OMP Stocks in Urea,,,NP00000128,OmpXA 2 Cys V3,2,2,200 µM,~2 mL,,2023-02-14,"OmpXA 2 Cys V3 in 8M urea, 20 mM Tris pH 8, 2 mM TCEP",,,$,,Default,,,,,
,OmpXA 2 Cys V3,,Main Lab,1,vials,,,-80 Freezer / A Shelf / AA / AA2 / AA2-1 WNB OMP Stocks in Urea,-80 Freezer / A Shelf / AA / AA2 / AA2-1 WNB OMP Stocks in Urea,Available,,,,,,,,,,,,,,,,,,,,,,,,,2615,-80 Freezer,5105,A Shelf,dyn-rack-1782413261908-0,AA,drawer-1786391575788-2,AA2,,,dyn-box-1782413261914-98,AA2-1 WNB OMP Stocks in Urea,,,NP00000129,OmpXA 2 Cys V3,2,3,200 µM,~2 mL,,2023-02-14,"OmpXA 2 Cys V3 in 8M urea, 20 mM Tris pH 8, 2 mM TCEP",,,$,,Default,,,,,
,OmpXA 2 Cys V3,,Main Lab,1,vials,,,-80 Freezer / A Shelf / AA / AA2 / AA2-1 WNB OMP Stocks in Urea,-80 Freezer / A Shelf / AA / AA2 / AA2-1 WNB OMP Stocks in Urea,Available,,,,,,,,,,,,,,,,,,,,,,,,,2615,-80 Freezer,5105,A Shelf,dyn-rack-1782413261908-0,AA,drawer-1786391575788-2,AA2,,,dyn-box-1782413261914-98,AA2-1 WNB OMP Stocks in Urea,,,NP00000130,OmpXA 2 Cys V3,2,4,200 µM,~2 mL,,2023-02-14,"OmpXA 2 Cys V3 in 8M urea, 20 mM Tris pH 8, 2 mM TCEP",,,$,,Default,,,,,
,X2C from MonoQ,,Main Lab,1,vials,,,-80 Freezer / A Shelf / AA / AA2 / AA2-1 WNB OMP Stocks in Urea,-80 Freezer / A Shelf / AA / AA2 / AA2-1 WNB OMP Stocks in Urea,Available,,,,,,,,,,,,,,,,,,,,,,,,,2615,-80 Freezer,5105,A Shelf,dyn-rack-1782413261908-0,AA,drawer-1786391575788-2,AA2,,,dyn-box-1782413261914-98,AA2-1 WNB OMP Stocks in Urea,,,NP00000131,X2C from MonoQ,2,5,69.2 µM,~100 µL,,2022-01-27,"OmpX 2 Cys in 8M urea, 20 mM Tris pH 8, 2 mM TCEP",,,$,,Default,,,,,
,BAM TB 11/13,,Main Lab,1,vials,,,-80 Freezer / A Shelf / AA / AA1-1 WNB BAM Complex Stocks,-80 Freezer / A Shelf / AA / AA1-1 WNB BAM Complex Stocks,Available,,,,,,,,,,,,,,,,,,,,,,,,,2615,-80 Freezer,5105,A Shelf,dyn-rack-1782413261908-0,AA,,,,,dyn-box-1782413261913-73,AA1-1 WNB BAM Complex Stocks,,,NP00000132,BAM TB 11/13,7,6,22.9 µM,200 µL,,2024-11-23,"BAM complex from pMS 1289 in 25 mM Tris pH 8, 150 mM NaCl, 0.05 mM TCEP, 0.03% DDM, prepared from TB broth from transformation plate from 11/13/24",,,$,,Default,,,,,
,BAM TB 11/13,,Main Lab,1,vials,,,-80 Freezer / A Shelf / AA / AA1-1 WNB BAM Complex Stocks,-80 Freezer / A Shelf / AA / AA1-1 WNB BAM Complex Stocks,Available,,,,,,,,,,,,,,,,,,,,,,,,,2615,-80 Freezer,5105,A Shelf,dyn-rack-1782413261908-0,AA,,,,,dyn-box-1782413261913-73,AA1-1 WNB BAM Complex Stocks,,,NP00000133,BAM TB 11/13,7,7,22.9 µM,200 µL,,2024-11-23,"BAM complex from pMS 1289 in 25 mM Tris pH 8, 150 mM NaCl, 0.05 mM TCEP, 0.03% DDM, prepared from TB broth from transformation plate from 11/13/24",,,$,,Default,,,,,
,SurA,,Main Lab,1,vials,,,-80 Freezer / A Shelf / AA / AA1 / AA1-3 WNB SurA Stocks,-80 Freezer / A Shelf / AA / AA1 / AA1-3 WNB SurA Stocks,Available,,,,,,,,,,,,,,,,,,,,,,,,,2615,-80 Freezer,5105,A Shelf,dyn-rack-1782413261908-0,AA,drawer-1786391575788-1,AA1,,,dyn-box-1782413261915-113,AA1-3 WNB SurA Stocks,,,NP00000134,SurA,1,1,133.6 µM,250 µL,,2025-05-23,"SurA +6His tag, prepared by Cristina Sandoval",,,$,,Default,,,,,
,SurA,,Main Lab,1,vials,,,-80 Freezer / A Shelf / AA / AA1 / AA1-3 WNB SurA Stocks,-80 Freezer / A Shelf / AA / AA1 / AA1-3 WNB SurA Stocks,Available,,,,,,,,,,,,,,,,,,,,,,,,,2615,-80 Freezer,5105,A Shelf,dyn-rack-1782413261908-0,AA,drawer-1786391575788-1,AA1,,,dyn-box-1782413261915-113,AA1-3 WNB SurA Stocks,,,NP00000135,SurA,1,2,133.6 µM,250 µL,,2025-05-23,"SurA +6His tag, prepared by Cristina Sandoval",,,$,,Default,,,,,
,SurA,,Main Lab,1,vials,,,-80 Freezer / A Shelf / AA / AA1 / AA1-3 WNB SurA Stocks,-80 Freezer / A Shelf / AA / AA1 / AA1-3 WNB SurA Stocks,Available,,,,,,,,,,,,,,,,,,,,,,,,,2615,-80 Freezer,5105,A Shelf,dyn-rack-1782413261908-0,AA,drawer-1786391575788-1,AA1,,,dyn-box-1782413261915-113,AA1-3 WNB SurA Stocks,,,NP00000136,SurA,1,3,133.6 µM,250 µL,,2025-05-23,"SurA +6His tag, prepared by Cristina Sandoval",,,$,,Default,,,,,
,SurA,,Main Lab,1,vials,,,-80 Freezer / A Shelf / AA / AA1 / AA1-3 WNB SurA Stocks,-80 Freezer / A Shelf / AA / AA1 / AA1-3 WNB SurA Stocks,Available,,,,,,,,,,,,,,,,,,,,,,,,,2615,-80 Freezer,5105,A Shelf,dyn-rack-1782413261908-0,AA,drawer-1786391575788-1,AA1,,,dyn-box-1782413261915-113,AA1-3 WNB SurA Stocks,,,NP00000137,SurA,1,4,133.6 µM,250 µL,,2025-05-23,"SurA +6His tag, prepared by Cristina Sandoval",,,$,,Default,,,,,
,SurA,,Main Lab,1,vials,,,-80 Freezer / A Shelf / AA / AA1 / AA1-3 WNB SurA Stocks,-80 Freezer / A Shelf / AA / AA1 / AA1-3 WNB SurA Stocks,Available,,,,,,,,,,,,,,,,,,,,,,,,,2615,-80 Freezer,5105,A Shelf,dyn-rack-1782413261908-0,AA,drawer-1786391575788-1,AA1,,,dyn-box-1782413261915-113,AA1-3 WNB SurA Stocks,,,NP00000138,SurA,1,5,133.6 µM,250 µL,,2025-05-23,"SurA +6His tag, prepared by Cristina Sandoval",,,$,,Default,,,,,
,SurA,,Main Lab,1,vials,,,-80 Freezer / A Shelf / AA / AA1 / AA1-3 WNB SurA Stocks,-80 Freezer / A Shelf / AA / AA1 / AA1-3 WNB SurA Stocks,Available,,,,,,,,,,,,,,,,,,,,,,,,,2615,-80 Freezer,5105,A Shelf,dyn-rack-1782413261908-0,AA,drawer-1786391575788-1,AA1,,,dyn-box-1782413261915-113,AA1-3 WNB SurA Stocks,,,NP00000139,SurA,1,6,133.6 µM,250 µL,,2025-05-23,"SurA +6His tag, prepared by Cristina Sandoval",,,$,,Default,,,,,
,SurA,,Main Lab,1,vials,,,-80 Freezer / A Shelf / AA / AA1 / AA1-3 WNB SurA Stocks,-80 Freezer / A Shelf / AA / AA1 / AA1-3 WNB SurA Stocks,Available,,,,,,,,,,,,,,,,,,,,,,,,,2615,-80 Freezer,5105,A Shelf,dyn-rack-1782413261908-0,AA,drawer-1786391575788-1,AA1,,,dyn-box-1782413261915-113,AA1-3 WNB SurA Stocks,,,NP00000140,SurA,1,7,133.6 µM,250 µL,,2025-05-23,"SurA +6His tag, prepared by Cristina Sandoval",,,$,,Default,,,,,
,SurA,,Main Lab,1,vials,,,-80 Freezer / A Shelf / AA / AA1 / AA1-3 WNB SurA Stocks,-80 Freezer / A Shelf / AA / AA1 / AA1-3 WNB SurA Stocks,Available,,,,,,,,,,,,,,,,,,,,,,,,,2615,-80 Freezer,5105,A Shelf,dyn-rack-1782413261908-0,AA,drawer-1786391575788-1,AA1,,,dyn-box-1782413261915-113,AA1-3 WNB SurA Stocks,,,NP00000141,SurA,1,8,133.6 µM,250 µL,,2025-05-23,"SurA +6His tag, prepared by Cristina Sandoval",,,$,,Default,,,,,
,SurA,,Main Lab,1,vials,,,-80 Freezer / A Shelf / AA / AA1 / AA1-3 WNB SurA Stocks,-80 Freezer / A Shelf / AA / AA1 / AA1-3 WNB SurA Stocks,Available,,,,,,,,,,,,,,,,,,,,,,,,,2615,-80 Freezer,5105,A Shelf,dyn-rack-1782413261908-0,AA,drawer-1786391575788-1,AA1,,,dyn-box-1782413261915-113,AA1-3 WNB SurA Stocks,,,NP00000142,SurA,1,9,133.6 µM,250 µL,,2025-05-23,"SurA +6His tag, prepared by Cristina Sandoval",,,$,,Default,,,,,
,SurA,,Main Lab,1,vials,,,-80 Freezer / A Shelf / AA / AA1 / AA1-3 WNB SurA Stocks,-80 Freezer / A Shelf / AA / AA1 / AA1-3 WNB SurA Stocks,Available,,,,,,,,,,,,,,,,,,,,,,,,,2615,-80 Freezer,5105,A Shelf,dyn-rack-1782413261908-0,AA,drawer-1786391575788-1,AA1,,,dyn-box-1782413261915-113,AA1-3 WNB SurA Stocks,,,NP00000143,SurA,2,2,133.6 µM,250 µL,,2025-05-23,"SurA +6His tag, prepared by Cristina Sandoval",,,$,,Default,,,,,
,SurA,,Main Lab,1,vials,,,-80 Freezer / A Shelf / AA / AA1 / AA1-3 WNB SurA Stocks,-80 Freezer / A Shelf / AA / AA1 / AA1-3 WNB SurA Stocks,Available,,,,,,,,,,,,,,,,,,,,,,,,,2615,-80 Freezer,5105,A Shelf,dyn-rack-1782413261908-0,AA,drawer-1786391575788-1,AA1,,,dyn-box-1782413261915-113,AA1-3 WNB SurA Stocks,,,NP00000144,SurA,2,3,133.6 µM,250 µL,,2025-05-23,"SurA +6His tag, prepared by Cristina Sandoval",,,$,,Default,,,,,
,SurA,,Main Lab,1,vials,,,-80 Freezer / A Shelf / AA / AA1 / AA1-3 WNB SurA Stocks,-80 Freezer / A Shelf / AA / AA1 / AA1-3 WNB SurA Stocks,Available,,,,,,,,,,,,,,,,,,,,,,,,,2615,-80 Freezer,5105,A Shelf,dyn-rack-1782413261908-0,AA,drawer-1786391575788-1,AA1,,,dyn-box-1782413261915-113,AA1-3 WNB SurA Stocks,,,NP00000145,SurA,2,4,133.6 µM,250 µL,,2025-05-23,"SurA +6His tag, prepared by Cristina Sandoval",,,$,,Default,,,,,
,SurA,,Main Lab,1,vials,,,-80 Freezer / A Shelf / AA / AA1 / AA1-3 WNB SurA Stocks,-80 Freezer / A Shelf / AA / AA1 / AA1-3 WNB SurA Stocks,Available,,,,,,,,,,,,,,,,,,,,,,,,,2615,-80 Freezer,5105,A Shelf,dyn-rack-1782413261908-0,AA,drawer-1786391575788-1,AA1,,,dyn-box-1782413261915-113,AA1-3 WNB SurA Stocks,,,NP00000146,SurA,2,5,133.6 µM,250 µL,,2025-05-23,"SurA +6His tag, prepared by Cristina Sandoval",,,$,,Default,,,,,
,SurA,,Main Lab,1,vials,,,-80 Freezer / A Shelf / AA / AA1 / AA1-3 WNB SurA Stocks,-80 Freezer / A Shelf / AA / AA1 / AA1-3 WNB SurA Stocks,Available,,,,,,,,,,,,,,,,,,,,,,,,,2615,-80 Freezer,5105,A Shelf,dyn-rack-1782413261908-0,AA,drawer-1786391575788-1,AA1,,,dyn-box-1782413261915-113,AA1-3 WNB SurA Stocks,,,NP00000147,SurA,2,6,133.6 µM,250 µL,,2025-05-23,"SurA +6His tag, prepared by Cristina Sandoval",,,$,,Default,,,,,
,SurA,,Main Lab,1,vials,,,-80 Freezer / A Shelf / AA / AA1 / AA1-3 WNB SurA Stocks,-80 Freezer / A Shelf / AA / AA1 / AA1-3 WNB SurA Stocks,Available,,,,,,,,,,,,,,,,,,,,,,,,,2615,-80 Freezer,5105,A Shelf,dyn-rack-1782413261908-0,AA,drawer-1786391575788-1,AA1,,,dyn-box-1782413261915-113,AA1-3 WNB SurA Stocks,,,NP00000148,SurA,2,7,133.6 µM,250 µL,,2025-05-23,"SurA +6His tag, prepared by Cristina Sandoval",,,$,,Default,,,,,
,SurA,,Main Lab,1,vials,,,-80 Freezer / A Shelf / AA / AA1 / AA1-3 WNB SurA Stocks,-80 Freezer / A Shelf / AA / AA1 / AA1-3 WNB SurA Stocks,Available,,,,,,,,,,,,,,,,,,,,,,,,,2615,-80 Freezer,5105,A Shelf,dyn-rack-1782413261908-0,AA,drawer-1786391575788-1,AA1,,,dyn-box-1782413261915-113,AA1-3 WNB SurA Stocks,,,NP00000149,SurA,2,8,133.6 µM,250 µL,,2025-05-23,"SurA +6His tag, prepared by Cristina Sandoval",,,$,,Default,,,,,
,SurA,,Main Lab,1,vials,,,-80 Freezer / A Shelf / AA / AA1 / AA1-3 WNB SurA Stocks,-80 Freezer / A Shelf / AA / AA1 / AA1-3 WNB SurA Stocks,Available,,,,,,,,,,,,,,,,,,,,,,,,,2615,-80 Freezer,5105,A Shelf,dyn-rack-1782413261908-0,AA,drawer-1786391575788-1,AA1,,,dyn-box-1782413261915-113,AA1-3 WNB SurA Stocks,,,NP00000150,SurA,2,9,133.6 µM,250 µL,,2025-05-23,"SurA +6His tag, prepared by Cristina Sandoval",,,$,,Default,,,,,
,SurA,,Main Lab,1,vials,,,-80 Freezer / A Shelf / AA / AA1 / AA1-3 WNB SurA Stocks,-80 Freezer / A Shelf / AA / AA1 / AA1-3 WNB SurA Stocks,Available,,,,,,,,,,,,,,,,,,,,,,,,,2615,-80 Freezer,5105,A Shelf,dyn-rack-1782413261908-0,AA,drawer-1786391575788-1,AA1,,,dyn-box-1782413261915-113,AA1-3 WNB SurA Stocks,,,NP00000151,SurA,3,2,133.6 µM,250 µL,,2025-05-23,"SurA +6His tag, prepared by Cristina Sandoval",,,$,,Default,,,,,
,SurA,,Main Lab,1,vials,,,-80 Freezer / A Shelf / AA / AA1 / AA1-3 WNB SurA Stocks,-80 Freezer / A Shelf / AA / AA1 / AA1-3 WNB SurA Stocks,Available,,,,,,,,,,,,,,,,,,,,,,,,,2615,-80 Freezer,5105,A Shelf,dyn-rack-1782413261908-0,AA,drawer-1786391575788-1,AA1,,,dyn-box-1782413261915-113,AA1-3 WNB SurA Stocks,,,NP00000152,SurA,3,3,133.6 µM,250 µL,,2025-05-23,"SurA +6His tag, prepared by Cristina Sandoval",,,$,,Default,,,,,
,SurA,,Main Lab,1,vials,,,-80 Freezer / A Shelf / AA / AA1 / AA1-3 WNB SurA Stocks,-80 Freezer / A Shelf / AA / AA1 / AA1-3 WNB SurA Stocks,Available,,,,,,,,,,,,,,,,,,,,,,,,,2615,-80 Freezer,5105,A Shelf,dyn-rack-1782413261908-0,AA,drawer-1786391575788-1,AA1,,,dyn-box-1782413261915-113,AA1-3 WNB SurA Stocks,,,NP00000153,SurA,3,4,133.6 µM,250 µL,,2025-05-23,"SurA +6His tag, prepared by Cristina Sandoval",,,$,,Default,,,,,
,SurA,,Main Lab,1,vials,,,-80 Freezer / A Shelf / AA / AA1 / AA1-3 WNB SurA Stocks,-80 Freezer / A Shelf / AA / AA1 / AA1-3 WNB SurA Stocks,Available,,,,,,,,,,,,,,,,,,,,,,,,,2615,-80 Freezer,5105,A Shelf,dyn-rack-1782413261908-0,AA,drawer-1786391575788-1,AA1,,,dyn-box-1782413261915-113,AA1-3 WNB SurA Stocks,,,NP00000159,SurA,2,1,133.6 µM,250 µL,,2025-05-23,"SurA +6His tag, prepared by Cristina Sandoval",,,$,,Default,,,,,
,SurA,,Main Lab,1,vials,,,-80 Freezer / A Shelf / AA / AA1 / AA1-3 WNB SurA Stocks,-80 Freezer / A Shelf / AA / AA1 / AA1-3 WNB SurA Stocks,Available,,,,,,,,,,,,,,,,,,,,,,,,,2615,-80 Freezer,5105,A Shelf,dyn-rack-1782413261908-0,AA,drawer-1786391575788-1,AA1,,,dyn-box-1782413261915-113,AA1-3 WNB SurA Stocks,,,NP00000160,SurA,3,1,133.6 µM,250 µL,,2025-05-23,"SurA +6His tag, prepared by Cristina Sandoval",,,$,,Default,,,,,
,OmpG 1 Cys,,Main Lab,1,vials,,,-80 Freezer / A Shelf / AA / AA1 / AA1-4 WNB OMP Stocks in Gu-HCl,-80 Freezer / A Shelf / AA / AA1 / AA1-4 WNB OMP Stocks in Gu-HCl,Available,,,,,,,,,,,,,,,,,,,,,,,,,2615,-80 Freezer,5105,A Shelf,dyn-rack-1782413261908-0,AA,drawer-1786391575788-1,AA1,,,dyn-box-1782413261916-135,AA1-4 WNB OMP Stocks in Gu-HCl,,,NP00000163,OmpG 1 Cys,1,1,~362 µM,~250 µL,,2023-03-22,"OmpG 1 Cys in 6M guanidine-HCl, 25 mM Tris pH 8, 2 mM TCEP",,,$,,Default,,,,,
,OmpG 2 Cys V2,,Main Lab,1,vials,,,-80 Freezer / A Shelf / AA / AA1 / AA1-4 WNB OMP Stocks in Gu-HCl,-80 Freezer / A Shelf / AA / AA1 / AA1-4 WNB OMP Stocks in Gu-HCl,Available,,,,,,,,,,,,,,,,,,,,,,,,,2615,-80 Freezer,5105,A Shelf,dyn-rack-1782413261908-0,AA,drawer-1786391575788-1,AA1,,,dyn-box-1782413261916-135,AA1-4 WNB OMP Stocks in Gu-HCl,,,NP00000164,OmpG 2 Cys V2,1,2,~266 µM,~500 µL,,2023-03-22,"OmpG 2 Cys V2 in 6M guanidine-HCl, 25 mM Tris pH 8, 2 mM TCEP",,,$,,Default,,,,,
,OmpG 2 Cys V3,,Main Lab,1,vials,,,-80 Freezer / A Shelf / AA / AA1 / AA1-4 WNB OMP Stocks in Gu-HCl,-80 Freezer / A Shelf / AA / AA1 / AA1-4 WNB OMP Stocks in Gu-HCl,Available,,,,,,,,,,,,,,,,,,,,,,,,,2615,-80 Freezer,5105,A Shelf,dyn-rack-1782413261908-0,AA,drawer-1786391575788-1,AA1,,,dyn-box-1782413261916-135,AA1-4 WNB OMP Stocks in Gu-HCl,,,NP00000165,OmpG 2 Cys V3,1,3,~723 µM,~500 µL,,2023-03-22,"OmpG 2 Cys V3 in 6M guanidine-HCl, 25 mM Tris pH 8, 2 mM TCEP",,,$,,Default,,,,,
,OmpX 2 Cys,,Main Lab,1,vials,,,-80 Freezer / A Shelf / AA / AA1 / AA1-4 WNB OMP Stocks in Gu-HCl,-80 Freezer / A Shelf / AA / AA1 / AA1-4 WNB OMP Stocks in Gu-HCl,Available,,,,,,,,,,,,,,,,,,,,,,,,,2615,-80 Freezer,5105,A Shelf,dyn-rack-1782413261908-0,AA,drawer-1786391575788-1,AA1,,,dyn-box-1782413261916-135,AA1-4 WNB OMP Stocks in Gu-HCl,,,NP00000166,OmpX 2 Cys,2,1,~1021 µM,~500 µL,,2023-03-22,"OmpX 2 Cys in 6M guanidine-HCl, 25 mM Tris pH 8, 2 mM TCEP",,,$,,Default,,,,,
,tOmpA PET V1,,Main Lab,1,vials,,,-80 Freezer / A Shelf / AA / AA1 / AA1-4 WNB OMP Stocks in Gu-HCl,-80 Freezer / A Shelf / AA / AA1 / AA1-4 WNB OMP Stocks in Gu-HCl,Available,,,,,,,,,,,,,,,,,,,,,,,,,2615,-80 Freezer,5105,A Shelf,dyn-rack-1782413261908-0,AA,drawer-1786391575788-1,AA1,,,dyn-box-1782413261916-135,AA1-4 WNB OMP Stocks in Gu-HCl,,,NP00000167,tOmpA PET V1,3,1,~1379 µM,~500 µL,,2023-03-22,"tOmpA 1 Cys PET V1 in 6M guanidine-HCl, 25 mM Tris pH 8, 2 mM TCEP",,,$,,Default,,,,,
,tOmpA PET V2,,Main Lab,1,vials,,,-80 Freezer / A Shelf / AA / AA1 / AA1-4 WNB OMP Stocks in Gu-HCl,-80 Freezer / A Shelf / AA / AA1 / AA1-4 WNB OMP Stocks in Gu-HCl,Available,,,,,,,,,,,,,,,,,,,,,,,,,2615,-80 Freezer,5105,A Shelf,dyn-rack-1782413261908-0,AA,drawer-1786391575788-1,AA1,,,dyn-box-1782413261916-135,AA1-4 WNB OMP Stocks in Gu-HCl,,,NP00000168,tOmpA PET V2,3,2,~911 µM,~500 µL,,2023-03-22,"tOmpA 1 Cys PET V2 in 6M guanidine-HCl, 25 mM Tris pH 8, 2 mM TCEP",,,$,,Default,,,,,
,tOmpA PET V3,,Main Lab,1,vials,,,-80 Freezer / A Shelf / AA / AA1 / AA1-4 WNB OMP Stocks in Gu-HCl,-80 Freezer / A Shelf / AA / AA1 / AA1-4 WNB OMP Stocks in Gu-HCl,Available,,,,,,,,,,,,,,,,,,,,,,,,,2615,-80 Freezer,5105,A Shelf,dyn-rack-1782413261908-0,AA,drawer-1786391575788-1,AA1,,,dyn-box-1782413261916-135,AA1-4 WNB OMP Stocks in Gu-HCl,,,NP00000169,tOmpA PET V3,3,3,~1526 µM,~500 µL,,2023-03-22,"tOmpA 1 Cys PET V3 in 6M guanidine-HCl, 25 mM Tris pH 8, 2 mM TCEP",,,$,,Default,,,,,
,OmpX 2 Cys N-term,,Main Lab,1,vials,,,-80 Freezer / A Shelf / AA / AA1 / AA1-4 WNB OMP Stocks in Gu-HCl,-80 Freezer / A Shelf / AA / AA1 / AA1-4 WNB OMP Stocks in Gu-HCl,Available,,,,,,,,,,,,,,,,,,,,,,,,,2615,-80 Freezer,5105,A Shelf,dyn-rack-1782413261908-0,AA,drawer-1786391575788-1,AA1,,,dyn-box-1782413261916-135,AA1-4 WNB OMP Stocks in Gu-HCl,,,NP00000170,OmpX 2 Cys N-term,2,2,>518 µM,~1 mL,,2023-06-22,"OmpX 2 Cys N-term in 6M guanidine-HCl, 25 mM Tris pH 8, 2 mM TCEP",,,$,,Default,,,,,
,OmpX 2 Cys C-term,,Main Lab,1,vials,,,-80 Freezer / A Shelf / AA / AA1 / AA1-4 WNB OMP Stocks in Gu-HCl,-80 Freezer / A Shelf / AA / AA1 / AA1-4 WNB OMP Stocks in Gu-HCl,Available,,,,,,,,,,,,,,,,,,,,,,,,,2615,-80 Freezer,5105,A Shelf,dyn-rack-1782413261908-0,AA,drawer-1786391575788-1,AA1,,,dyn-box-1782413261916-135,AA1-4 WNB OMP Stocks in Gu-HCl,,,NP00000171,OmpX 2 Cys C-term,2,3,>526 µM,~1 mL,,2023-06-22,"OmpX 2 Cys C-term in 6M guanidine-HCl, 25 mM Tris pH 8, 2 mM TCEP",,,$,,Default,,,,,
,tOmpA 1 Cys C-term,,Main Lab,1,vials,,,-80 Freezer / A Shelf / AA / AA1 / AA1-4 WNB OMP Stocks in Gu-HCl,-80 Freezer / A Shelf / AA / AA1 / AA1-4 WNB OMP Stocks in Gu-HCl,Available,,,,,,,,,,,,,,,,,,,,,,,,,2615,-80 Freezer,5105,A Shelf,dyn-rack-1782413261908-0,AA,drawer-1786391575788-1,AA1,,,dyn-box-1782413261916-135,AA1-4 WNB OMP Stocks in Gu-HCl,,,NP00000172,tOmpA 1 Cys C-term,3,4,>362 µM,~1 mL,,2023-06-23,"tOmpA 1 Cys C-term in 6M guanidine-HCl, 25 mM Tris pH 8, 2 mM TCEP",,,$,,Default,,,,,
,tOmpA 1 Cys C-term V2,,Main Lab,1,vials,,,-80 Freezer / A Shelf / AA / AA1 / AA1-4 WNB OMP Stocks in Gu-HCl,-80 Freezer / A Shelf / AA / AA1 / AA1-4 WNB OMP Stocks in Gu-HCl,Available,,,,,,,,,,,,,,,,,,,,,,,,,2615,-80 Freezer,5105,A Shelf,dyn-rack-1782413261908-0,AA,drawer-1786391575788-1,AA1,,,dyn-box-1782413261916-135,AA1-4 WNB OMP Stocks in Gu-HCl,,,NP00000173,tOmpA 1 Cys C-term V2,3,5,>366 µM,~1 mL,,2023-06-23,"tOmpA 1 Cys C-term V2 in 6M guanidine-HCl, 25 mM Tris pH 8, 2 mM TCEP",,,$,,Default,,,,,
,pMS 470 (tOmpA S164C),,Main Lab,1,vials,,,-80 Freezer / A Shelf / AA / AA1 / AA1-4 WNB OMP Stocks in Gu-HCl,-80 Freezer / A Shelf / AA / AA1 / AA1-4 WNB OMP Stocks in Gu-HCl,Available,,,,,,,,,,,,,,,,,,,,,,,,,2615,-80 Freezer,5105,A Shelf,dyn-rack-1782413261908-0,AA,drawer-1786391575788-1,AA1,,,dyn-box-1782413261916-135,AA1-4 WNB OMP Stocks in Gu-HCl,,,NP00000174,pMS 470 (tOmpA S164C),3,6,>355 µM,~1 mL,,2023-06-23,"tOmpA S164C (from pMS 470) in 6M guanidine-HCl, 25 mM Tris pH 8, 2 mM TCEP",,,$,,Default,,,,,
,tOmpA P178C,,Main Lab,1,vials,,,-80 Freezer / A Shelf / AA / AA1 / AA1-4 WNB OMP Stocks in Gu-HCl,-80 Freezer / A Shelf / AA / AA1 / AA1-4 WNB OMP Stocks in Gu-HCl,Available,,,,,,,,,,,,,,,,,,,,,,,,,2615,-80 Freezer,5105,A Shelf,dyn-rack-1782413261908-0,AA,drawer-1786391575788-1,AA1,,,dyn-box-1782413261916-135,AA1-4 WNB OMP Stocks in Gu-HCl,,,NP00000175,tOmpA P178C,4,1,>335 µM,~1 mL,,2023-06-23,"tOmpA P178C in 6M guanidine-HCl, 25 mM Tris pH 8, 2 mM TCEP",,,$,,Default,,,,,
,tOmpA P182C,,Main Lab,1,vials,,,-80 Freezer / A Shelf / AA / AA1 / AA1-4 WNB OMP Stocks in Gu-HCl,-80 Freezer / A Shelf / AA / AA1 / AA1-4 WNB OMP Stocks in Gu-HCl,Available,,,,,,,,,,,,,,,,,,,,,,,,,2615,-80 Freezer,5105,A Shelf,dyn-rack-1782413261908-0,AA,drawer-1786391575788-1,AA1,,,dyn-box-1782413261916-135,AA1-4 WNB OMP Stocks in Gu-HCl,,,NP00000176,tOmpA P182C,4,2,>353 µM,~1 mL,,2023-06-23,"tOmpA P182C in 6M guanidine-HCl, 25 mM Tris pH 8, 2 mM TCEP",,,$,,Default,,,,,
,tOmpA P184C,,Main Lab,1,vials,,,-80 Freezer / A Shelf / AA / AA1 / AA1-4 WNB OMP Stocks in Gu-HCl,-80 Freezer / A Shelf / AA / AA1 / AA1-4 WNB OMP Stocks in Gu-HCl,Available,,,,,,,,,,,,,,,,,,,,,,,,,2615,-80 Freezer,5105,A Shelf,dyn-rack-1782413261908-0,AA,drawer-1786391575788-1,AA1,,,dyn-box-1782413261916-135,AA1-4 WNB OMP Stocks in Gu-HCl,,,NP00000177,tOmpA P184C,4,3,>346 µM,~1 mL,,2023-06-23,"tOmpA P184C in 6M guanidine-HCl, 25 mM Tris pH 8, 2 mM TCEP",,,$,,Default,,,,,
,tOmpA P186C,,Main Lab,1,vials,,,-80 Freezer / A Shelf / AA / AA1 / AA1-4 WNB OMP Stocks in Gu-HCl,-80 Freezer / A Shelf / AA / AA1 / AA1-4 WNB OMP Stocks in Gu-HCl,Available,,,,,,,,,,,,,,,,,,,,,,,,,2615,-80 Freezer,5105,A Shelf,dyn-rack-1782413261908-0,AA,drawer-1786391575788-1,AA1,,,dyn-box-1782413261916-135,AA1-4 WNB OMP Stocks in Gu-HCl,,,NP00000178,tOmpA P186C,4,4,>367 µM,~1 mL,,2023-06-23,"tOmpA P186C in 6M guanidine-HCl, 25 mM Tris pH 8, 2 mM TCEP",,,$,,Default,,,,,
,tOmpA P188C,,Main Lab,1,vials,,,-80 Freezer / A Shelf / AA / AA1 / AA1-4 WNB OMP Stocks in Gu-HCl,-80 Freezer / A Shelf / AA / AA1 / AA1-4 WNB OMP Stocks in Gu-HCl,Available,,,,,,,,,,,,,,,,,,,,,,,,,2615,-80 Freezer,5105,A Shelf,dyn-rack-1782413261908-0,AA,drawer-1786391575788-1,AA1,,,dyn-box-1782413261916-135,AA1-4 WNB OMP Stocks in Gu-HCl,,,NP00000179,tOmpA P188C,4,5,>361 µM,~1 mL,,2023-06-23,"tOmpA P188C in 6M guanidine-HCl, 25 mM Tris pH 8, 2 mM TCEP",,,$,,Default,,,,,
,Cysless OmpA,,Main Lab,1,vials,,,-80 Freezer / A Shelf / AA / AA1 / AA1-4 WNB OMP Stocks in Gu-HCl,-80 Freezer / A Shelf / AA / AA1 / AA1-4 WNB OMP Stocks in Gu-HCl,Available,,,,,,,,,,,,,,,,,,,,,,,,,2615,-80 Freezer,5105,A Shelf,dyn-rack-1782413261908-0,AA,drawer-1786391575788-1,AA1,,,dyn-box-1782413261916-135,AA1-4 WNB OMP Stocks in Gu-HCl,,,NP00000180,Cysless OmpA,5,2,>309 µM,~1 mL,,2023-06-23,"Cysless OmpA in 6M guanidine-HCl, 25 mM Tris pH 8, 2 mM TCEP",,,$,,Default,,,,,
,Cysless OmpA +K315C,,Main Lab,1,vials,,,-80 Freezer / A Shelf / AA / AA1 / AA1-4 WNB OMP Stocks in Gu-HCl,-80 Freezer / A Shelf / AA / AA1 / AA1-4 WNB OMP Stocks in Gu-HCl,Available,,,,,,,,,,,,,,,,,,,,,,,,,2615,-80 Freezer,5105,A Shelf,dyn-rack-1782413261908-0,AA,drawer-1786391575788-1,AA1,,,dyn-box-1782413261916-135,AA1-4 WNB OMP Stocks in Gu-HCl,,,NP00000181,Cysless OmpA +K315C,5,3,>318 µM,~1 mL,,2023-06-23,"Cysless OmpA +K315C in 6M guanidine-HCl, 25 mM Tris pH 8, 2 mM TCEP",,,$,,Default,,,,,
,Cysless OmpA +G316C,,Main Lab,1,vials,,,-80 Freezer / A Shelf / AA / AA1 / AA1-4 WNB OMP Stocks in Gu-HCl,-80 Freezer / A Shelf / AA / AA1 / AA1-4 WNB OMP Stocks in Gu-HCl,Available,,,,,,,,,,,,,,,,,,,,,,,,,2615,-80 Freezer,5105,A Shelf,dyn-rack-1782413261908-0,AA,drawer-1786391575788-1,AA1,,,dyn-box-1782413261916-135,AA1-4 WNB OMP Stocks in Gu-HCl,,,NP00000182,Cysless OmpA +G316C,5,4,>331 µM,~1 mL,,2023-06-23,"Cysless OmpA +G316C in 6M guanidine-HCl, 25 mM Tris pH 8, 2 mM TCEP",,,$,,Default,,,,,
,Cysless OmpA +I317C,,Main Lab,1,vials,,,-80 Freezer / A Shelf / AA / AA1 / AA1-4 WNB OMP Stocks in Gu-HCl,-80 Freezer / A Shelf / AA / AA1 / AA1-4 WNB OMP Stocks in Gu-HCl,Available,,,,,,,,,,,,,,,,,,,,,,,,,2615,-80 Freezer,5105,A Shelf,dyn-rack-1782413261908-0,AA,drawer-1786391575788-1,AA1,,,dyn-box-1782413261916-135,AA1-4 WNB OMP Stocks in Gu-HCl,,,NP00000183,Cysless OmpA +I317C,5,5,>346 µM,~1 mL,,2023-06-23,"Cysless OmpA +I317C in 6M guanidine-HCl, 25 mM Tris pH 8, 2 mM TCEP",,,$,,Default,,,,,
,Cysless OmpA +K318C,,Main Lab,1,vials,,,-80 Freezer / A Shelf / AA / AA1 / AA1-4 WNB OMP Stocks in Gu-HCl,-80 Freezer / A Shelf / AA / AA1 / AA1-4 WNB OMP Stocks in Gu-HCl,Available,,,,,,,,,,,,,,,,,,,,,,,,,2615,-80 Freezer,5105,A Shelf,dyn-rack-1782413261908-0,AA,drawer-1786391575788-1,AA1,,,dyn-box-1782413261916-135,AA1-4 WNB OMP Stocks in Gu-HCl,,,NP00000184,Cysless OmpA +K318C,5,6,>332 µM,~1 mL,,2023-06-23,"Cysless OmpA +K318C in 6M guanidine-HCl, 25 mM Tris pH 8, 2 mM TCEP",,,$,,Default,,,,,
,tOmpA K4M,,Main Lab,1,vials,,,-80 Freezer / A Shelf / AA / AA1 / AA1-4 WNB OMP Stocks in Gu-HCl,-80 Freezer / A Shelf / AA / AA1 / AA1-4 WNB OMP Stocks in Gu-HCl,Available,,,,,,,,,,,,,,,,,,,,,,,,,2615,-80 Freezer,5105,A Shelf,dyn-rack-1782413261908-0,AA,drawer-1786391575788-1,AA1,,,dyn-box-1782413261916-135,AA1-4 WNB OMP Stocks in Gu-HCl,,,NP00000185,tOmpA K4M,6,1,>1021 µM,~1 mL,,2023-08-15,"tOmpA K4M in 6M guanidine-HCl, 25 mM Tris pH 8, 2 mM TCEP",,,$,,Default,,,,,
,pMS 223 (WT OmpA),,Main Lab,1,vials,,,-80 Freezer / A Shelf / AA / AA1 / AA1-4 WNB OMP Stocks in Gu-HCl,-80 Freezer / A Shelf / AA / AA1 / AA1-4 WNB OMP Stocks in Gu-HCl,Available,,,,,,,,,,,,,,,,,,,,,,,,,2615,-80 Freezer,5105,A Shelf,dyn-rack-1782413261908-0,AA,drawer-1786391575788-1,AA1,,,dyn-box-1782413261916-135,AA1-4 WNB OMP Stocks in Gu-HCl,,,NP00000186,pMS 223 (WT OmpA),5,1,>932 µM,~1 mL,,2023-08-15,"WT OmpA (from pMS 223) in 6M guanidine-HCl, 25 mM Tris pH 8, 2 mM TCEP",,,$,,Default,,,,,
,OmpX 2 Cys ECL V1,,Main Lab,1,vials,,,-80 Freezer / A Shelf / AA / AA1 / AA1-4 WNB OMP Stocks in Gu-HCl,-80 Freezer / A Shelf / AA / AA1 / AA1-4 WNB OMP Stocks in Gu-HCl,Available,,,,,,,,,,,,,,,,,,,,,,,,,2615,-80 Freezer,5105,A Shelf,dyn-rack-1782413261908-0,AA,drawer-1786391575788-1,AA1,,,dyn-box-1782413261916-135,AA1-4 WNB OMP Stocks in Gu-HCl,,,NP00000187,OmpX 2 Cys ECL V1,2,4,>1449 µM,~1 mL,,2023-08-15,"OmpX 2 Cys ECL V1 in 6M guanidine-HCl, 25 mM Tris pH 8, 2 mM TCEP",,,$,,Default,,,,,
,OmpX 2 Cys ECL V2,,Main Lab,1,vials,,,-80 Freezer / A Shelf / AA / AA1 / AA1-4 WNB OMP Stocks in Gu-HCl,-80 Freezer / A Shelf / AA / AA1 / AA1-4 WNB OMP Stocks in Gu-HCl,Available,,,,,,,,,,,,,,,,,,,,,,,,,2615,-80 Freezer,5105,A Shelf,dyn-rack-1782413261908-0,AA,drawer-1786391575788-1,AA1,,,dyn-box-1782413261916-135,AA1-4 WNB OMP Stocks in Gu-HCl,,,NP00000188,OmpX 2 Cys ECL V2,2,5,>1038 µM,~1 mL,,2023-08-15,"OmpX 2 Cys ECL V2 in 6M guanidine-HCl, 25 mM Tris pH 8, 2 mM TCEP",,,$,,Default,,,,,
,OmpX 2 Cys ECL V3,,Main Lab,1,vials,,,-80 Freezer / A Shelf / AA / AA1 / AA1-4 WNB OMP Stocks in Gu-HCl,-80 Freezer / A Shelf / AA / AA1 / AA1-4 WNB OMP Stocks in Gu-HCl,Available,,,,,,,,,,,,,,,,,,,,,,,,,2615,-80 Freezer,5105,A Shelf,dyn-rack-1782413261908-0,AA,drawer-1786391575788-1,AA1,,,dyn-box-1782413261916-135,AA1-4 WNB OMP Stocks in Gu-HCl,,,NP00000189,OmpX 2 Cys ECL V3,2,6,>1167 µM,~1 mL,,2023-08-15,"OmpX 2 Cys ECL V3 in 6M guanidine-HCl, 25 mM Tris pH 8, 2 mM TCEP",,,$,,Default,,,,,
,OmpX 2 Cys ECL V5,,Main Lab,1,vials,,,-80 Freezer / A Shelf / AA / AA1 / AA1-4 WNB OMP Stocks in Gu-HCl,-80 Freezer / A Shelf / AA / AA1 / AA1-4 WNB OMP Stocks in Gu-HCl,Available,,,,,,,,,,,,,,,,,,,,,,,,,2615,-80 Freezer,5105,A Shelf,dyn-rack-1782413261908-0,AA,drawer-1786391575788-1,AA1,,,dyn-box-1782413261916-135,AA1-4 WNB OMP Stocks in Gu-HCl,,,NP00000190,OmpX 2 Cys ECL V5,2,7,>774 µM,~1 mL,,2023-08-15,"OmpX 2 Cys ECL V5 in 6M guanidine-HCl, 25 mM Tris pH 8, 2 mM TCEP",,,$,,Default,,,,,
,tOmpA K13M,,Main Lab,1,vials,,,-80 Freezer / A Shelf / AA / AA1 / AA1-4 WNB OMP Stocks in Gu-HCl,-80 Freezer / A Shelf / AA / AA1 / AA1-4 WNB OMP Stocks in Gu-HCl,Available,,,,,,,,,,,,,,,,,,,,,,,,,2615,-80 Freezer,5105,A Shelf,dyn-rack-1782413261908-0,AA,drawer-1786391575788-1,AA1,,,dyn-box-1782413261916-135,AA1-4 WNB OMP Stocks in Gu-HCl,,,NP00000191,tOmpA K13M,6,2,>1006 µM,~1 mL,,2023-08-01,"tOmpA K13M in 6M guanidine-HCl, 25 mM Tris pH 8, 2 mM TCEP",,,$,,Default,,,,,
,tOmpA K65M,,Main Lab,1,vials,,,-80 Freezer / A Shelf / AA / AA1 / AA1-4 WNB OMP Stocks in Gu-HCl,-80 Freezer / A Shelf / AA / AA1 / AA1-4 WNB OMP Stocks in Gu-HCl,Available,,,,,,,,,,,,,,,,,,,,,,,,,2615,-80 Freezer,5105,A Shelf,dyn-rack-1782413261908-0,AA,drawer-1786391575788-1,AA1,,,dyn-box-1782413261916-135,AA1-4 WNB OMP Stocks in Gu-HCl,,,NP00000192,tOmpA K65M,6,3,>1146 µM,~1 mL,,2023-08-01,"tOmpA K65M in 6M guanidine-HCl, 25 mM Tris pH 8, 2 mM TCEP",,,$,,Default,,,,,
,tOmpA K74M,,Main Lab,1,vials,,,-80 Freezer / A Shelf / AA / AA1 / AA1-4 WNB OMP Stocks in Gu-HCl,-80 Freezer / A Shelf / AA / AA1 / AA1-4 WNB OMP Stocks in Gu-HCl,Available,,,,,,,,,,,,,,,,,,,,,,,,,2615,-80 Freezer,5105,A Shelf,dyn-rack-1782413261908-0,AA,drawer-1786391575788-1,AA1,,,dyn-box-1782413261916-135,AA1-4 WNB OMP Stocks in Gu-HCl,,,NP00000193,tOmpA K74M,6,4,>1091 µM,~1 mL,,2023-08-01,"tOmpA K74M in 6M guanidine-HCl, 25 mM Tris pH 8, 2 mM TCEP",,,$,,Default,,,,,
,tOmpA K83M,,Main Lab,1,vials,,,-80 Freezer / A Shelf / AA / AA1 / AA1-4 WNB OMP Stocks in Gu-HCl,-80 Freezer / A Shelf / AA / AA1 / AA1-4 WNB OMP Stocks in Gu-HCl,Available,,,,,,,,,,,,,,,,,,,,,,,,,2615,-80 Freezer,5105,A Shelf,dyn-rack-1782413261908-0,AA,drawer-1786391575788-1,AA1,,,dyn-box-1782413261916-135,AA1-4 WNB OMP Stocks in Gu-HCl,,,NP00000194,tOmpA K83M,6,5,>1029 µM,~1 mL,,2023-08-01,"tOmpA K83M in 6M guanidine-HCl, 25 mM Tris pH 8, 2 mM TCEP",,,$,,Default,,,,,
,tOmpA R104M,,Main Lab,1,vials,,,-80 Freezer / A Shelf / AA / AA1 / AA1-4 WNB OMP Stocks in Gu-HCl,-80 Freezer / A Shelf / AA / AA1 / AA1-4 WNB OMP Stocks in Gu-HCl,Available,,,,,,,,,,,,,,,,,,,,,,,,,2615,-80 Freezer,5105,A Shelf,dyn-rack-1782413261908-0,AA,drawer-1786391575788-1,AA1,,,dyn-box-1782413261916-135,AA1-4 WNB OMP Stocks in Gu-HCl,,,NP00000195,tOmpA R104M,6,6,>1016 µM,~1 mL,,2023-08-01,"tOmpA R104M in 6M guanidine-HCl, 25 mM Tris pH 8, 2 mM TCEP",,,$,,Default,,,,,
,tOmpA K108M,,Main Lab,1,vials,,,-80 Freezer / A Shelf / AA / AA1 / AA1-4 WNB OMP Stocks in Gu-HCl,-80 Freezer / A Shelf / AA / AA1 / AA1-4 WNB OMP Stocks in Gu-HCl,Available,,,,,,,,,,,,,,,,,,,,,,,,,2615,-80 Freezer,5105,A Shelf,dyn-rack-1782413261908-0,AA,drawer-1786391575788-1,AA1,,,dyn-box-1782413261916-135,AA1-4 WNB OMP Stocks in Gu-HCl,,,NP00000196,tOmpA K108M,6,7,>703 µM,~1 mL,,2023-08-01,"tOmpA K108M in 6M guanidine-HCl, 25 mM Tris pH 8, 2 mM TCEP",,,$,,Default,,,,,
,tOmpA K114M,,Main Lab,1,vials,,,-80 Freezer / A Shelf / AA / AA1 / AA1-4 WNB OMP Stocks in Gu-HCl,-80 Freezer / A Shelf / AA / AA1 / AA1-4 WNB OMP Stocks in Gu-HCl,Available,,,,,,,,,,,,,,,,,,,,,,,,,2615,-80 Freezer,5105,A Shelf,dyn-rack-1782413261908-0,AA,drawer-1786391575788-1,AA1,,,dyn-box-1782413261916-135,AA1-4 WNB OMP Stocks in Gu-HCl,,,NP00000197,tOmpA K114M,6,8,>524 µM,~1 mL,,2023-08-01,"tOmpA K114M in 6M guanidine-HCl, 25 mM Tris pH 8, 2 mM TCEP",,,$,,Default,,,,,
,tOmpA R157M,,Main Lab,1,vials,,,-80 Freezer / A Shelf / AA / AA1 / AA1-4 WNB OMP Stocks in Gu-HCl,-80 Freezer / A Shelf / AA / AA1 / AA1-4 WNB OMP Stocks in Gu-HCl,Available,,,,,,,,,,,,,,,,,,,,,,,,,2615,-80 Freezer,5105,A Shelf,dyn-rack-1782413261908-0,AA,drawer-1786391575788-1,AA1,,,dyn-box-1782413261916-135,AA1-4 WNB OMP Stocks in Gu-HCl,,,NP00000198,tOmpA R157M,6,9,>340 µM,~1 mL,,2023-08-01,"tOmpA R157M in 6M guanidine-HCl, 25 mM Tris pH 8, 2 mM TCEP",,,$,,Default,,,,,
,W285,,Main Lab,1,vials,,,-80 Freezer / A Shelf / AA / AA2-3 WNB OmpG Mutants #2,-80 Freezer / A Shelf / AA / AA2-3 WNB OmpG Mutants #2,Available,,,,,,,,,,,,,,,,,,,,,,,,,2615,-80 Freezer,5105,A Shelf,dyn-rack-1782413261908-0,AA,,,,,dyn-box-1782413261918-171,AA2-3 WNB OmpG Mutants #2,,,NP00000199,W285,1,1,38.1 µM,30 µL,,2020-08-25,"OmpG 1 Cys N-term W285 in 8M urea, 20 mM Tris pH 8, 2 mM TCEP",,,$,,Default,,,,,
,W285,,Main Lab,1,vials,,,-80 Freezer / A Shelf / AA / AA2-3 WNB OmpG Mutants #2,-80 Freezer / A Shelf / AA / AA2-3 WNB OmpG Mutants #2,Available,,,,,,,,,,,,,,,,,,,,,,,,,2615,-80 Freezer,5105,A Shelf,dyn-rack-1782413261908-0,AA,,,,,dyn-box-1782413261918-171,AA2-3 WNB OmpG Mutants #2,,,NP00000200,W285,1,2,38.1 µM,30 µL,,2020-08-25,"OmpG 1 Cys N-term W285 in 8M urea, 20 mM Tris pH 8, 2 mM TCEP",,,$,,Default,,,,,
,W285,,Main Lab,1,vials,,,-80 Freezer / A Shelf / AA / AA2-3 WNB OmpG Mutants #2,-80 Freezer / A Shelf / AA / AA2-3 WNB OmpG Mutants #2,Available,,,,,,,,,,,,,,,,,,,,,,,,,2615,-80 Freezer,5105,A Shelf,dyn-rack-1782413261908-0,AA,,,,,dyn-box-1782413261918-171,AA2-3 WNB OmpG Mutants #2,,,NP00000201,W285,1,3,38.1 µM,30 µL,,2020-08-25,"OmpG 1 Cys N-term W285 in 8M urea, 20 mM Tris pH 8, 2 mM TCEP",,,$,,Default,,,,,
,W285,,Main Lab,1,vials,,,-80 Freezer / A Shelf / AA / AA2-3 WNB OmpG Mutants #2,-80 Freezer / A Shelf / AA / AA2-3 WNB OmpG Mutants #2,Available,,,,,,,,,,,,,,,,,,,,,,,,,2615,-80 Freezer,5105,A Shelf,dyn-rack-1782413261908-0,AA,,,,,dyn-box-1782413261918-171,AA2-3 WNB OmpG Mutants #2,,,NP00000202,W285,1,4,38.1 µM,30 µL,,2020-08-25,"OmpG 1 Cys N-term W285 in 8M urea, 20 mM Tris pH 8, 2 mM TCEP",,,$,,Default,,,,,
,W285,,Main Lab,1,vials,,,-80 Freezer / A Shelf / AA / AA2-3 WNB OmpG Mutants #2,-80 Freezer / A Shelf / AA / AA2-3 WNB OmpG Mutants #2,Available,,,,,,,,,,,,,,,,,,,,,,,,,2615,-80 Freezer,5105,A Shelf,dyn-rack-1782413261908-0,AA,,,,,dyn-box-1782413261918-171,AA2-3 WNB OmpG Mutants #2,,,NP00000203,W285,1,5,38.1 µM,30 µL,,2020-08-25,"OmpG 1 Cys N-term W285 in 8M urea, 20 mM Tris pH 8, 2 mM TCEP",,,$,,Default,,,,,
,W285,,Main Lab,1,vials,,,-80 Freezer / A Shelf / AA / AA2-3 WNB OmpG Mutants #2,-80 Freezer / A Shelf / AA / AA2-3 WNB OmpG Mutants #2,Available,,,,,,,,,,,,,,,,,,,,,,,,,2615,-80 Freezer,5105,A Shelf,dyn-rack-1782413261908-0,AA,,,,,dyn-box-1782413261918-171,AA2-3 WNB OmpG Mutants #2,,,NP00000204,W285,1,6,38.1 µM,30 µL,,2020-08-25,"OmpG 1 Cys N-term W285 in 8M urea, 20 mM Tris pH 8, 2 mM TCEP",,,$,,Default,,,,,
,W285,,Main Lab,1,vials,,,-80 Freezer / A Shelf / AA / AA2-3 WNB OmpG Mutants #2,-80 Freezer / A Shelf / AA / AA2-3 WNB OmpG Mutants #2,Available,,,,,,,,,,,,,,,,,,,,,,,,,2615,-80 Freezer,5105,A Shelf,dyn-rack-1782413261908-0,AA,,,,,dyn-box-1782413261918-171,AA2-3 WNB OmpG Mutants #2,,,NP00000205,W285,1,7,38.1 µM,30 µL,,2020-08-25,"OmpG 1 Cys N-term W285 in 8M urea, 20 mM Tris pH 8, 2 mM TCEP",,,$,,Default,,,,,
,W285,,Main Lab,1,vials,,,-80 Freezer / A Shelf / AA / AA2-3 WNB OmpG Mutants #2,-80 Freezer / A Shelf / AA / AA2-3 WNB OmpG Mutants #2,Available,,,,,,,,,,,,,,,,,,,,,,,,,2615,-80 Freezer,5105,A Shelf,dyn-rack-1782413261908-0,AA,,,,,dyn-box-1782413261918-171,AA2-3 WNB OmpG Mutants #2,,,NP00000206,W285,1,8,38.1 µM,30 µL,,2020-08-25,"OmpG 1 Cys N-term W285 in 8M urea, 20 mM Tris pH 8, 2 mM TCEP",,,$,,Default,,,,,
,W285,,Main Lab,1,vials,,,-80 Freezer / A Shelf / AA / AA2-3 WNB OmpG Mutants #2,-80 Freezer / A Shelf / AA / AA2-3 WNB OmpG Mutants #2,Available,,,,,,,,,,,,,,,,,,,,,,,,,2615,-80 Freezer,5105,A Shelf,dyn-rack-1782413261908-0,AA,,,,,dyn-box-1782413261918-171,AA2-3 WNB OmpG Mutants #2,,,NP00000207,W285,1,9,38.1 µM,30 µL,,2020-08-25,"OmpG 1 Cys N-term W285 in 8M urea, 20 mM Tris pH 8, 2 mM TCEP",,,$,,Default,,,,,
,W285,,Main Lab,1,vials,,,-80 Freezer / A Shelf / AA / AA2-3 WNB OmpG Mutants #2,-80 Freezer / A Shelf / AA / AA2-3 WNB OmpG Mutants #2,Available,,,,,,,,,,,,,,,,,,,,,,,,,2615,-80 Freezer,5105,A Shelf,dyn-rack-1782413261908-0,AA,,,,,dyn-box-1782413261918-171,AA2-3 WNB OmpG Mutants #2,,,NP00000208,W285,2,2,38.1 µM,30 µL,,2020-08-25,"OmpG 1 Cys N-term W285 in 8M urea, 20 mM Tris pH 8, 2 mM TCEP",,,$,,Default,,,,,
,W285,,Main Lab,1,vials,,,-80 Freezer / A Shelf / AA / AA2-3 WNB OmpG Mutants #2,-80 Freezer / A Shelf / AA / AA2-3 WNB OmpG Mutants #2,Available,,,,,,,,,,,,,,,,,,,,,,,,,2615,-80 Freezer,5105,A Shelf,dyn-rack-1782413261908-0,AA,,,,,dyn-box-1782413261918-171,AA2-3 WNB OmpG Mutants #2,,,NP00000209,W285,2,3,38.1 µM,30 µL,,2020-08-25,"OmpG 1 Cys N-term W285 in 8M urea, 20 mM Tris pH 8, 2 mM TCEP",,,$,,Default,,,,,
,W285,,Main Lab,1,vials,,,-80 Freezer / A Shelf / AA / AA2-3 WNB OmpG Mutants #2,-80 Freezer / A Shelf / AA / AA2-3 WNB OmpG Mutants #2,Available,,,,,,,,,,,,,,,,,,,,,,,,,2615,-80 Freezer,5105,A Shelf,dyn-rack-1782413261908-0,AA,,,,,dyn-box-1782413261918-171,AA2-3 WNB OmpG Mutants #2,,,NP00000210,W285,2,4,38.1 µM,30 µL,,2020-08-25,"OmpG 1 Cys N-term W285 in 8M urea, 20 mM Tris pH 8, 2 mM TCEP",,,$,,Default,,,,,
,W285,,Main Lab,1,vials,,,-80 Freezer / A Shelf / AA / AA2-3 WNB OmpG Mutants #2,-80 Freezer / A Shelf / AA / AA2-3 WNB OmpG Mutants #2,Available,,,,,,,,,,,,,,,,,,,,,,,,,2615,-80 Freezer,5105,A Shelf,dyn-rack-1782413261908-0,AA,,,,,dyn-box-1782413261918-171,AA2-3 WNB OmpG Mutants #2,,,NP00000211,W285,2,5,38.1 µM,30 µL,,2020-08-25,"OmpG 1 Cys N-term W285 in 8M urea, 20 mM Tris pH 8, 2 mM TCEP",,,$,,Default,,,,,
,W285,,Main Lab,1,vials,,,-80 Freezer / A Shelf / AA / AA2-3 WNB OmpG Mutants #2,-80 Freezer / A Shelf / AA / AA2-3 WNB OmpG Mutants #2,Available,,,,,,,,,,,,,,,,,,,,,,,,,2615,-80 Freezer,5105,A Shelf,dyn-rack-1782413261908-0,AA,,,,,dyn-box-1782413261918-171,AA2-3 WNB OmpG Mutants #2,,,NP00000212,W285,2,6,38.1 µM,30 µL,,2020-08-25,"OmpG 1 Cys N-term W285 in 8M urea, 20 mM Tris pH 8, 2 mM TCEP",,,$,,Default,,,,,
,W285,,Main Lab,1,vials,,,-80 Freezer / A Shelf / AA / AA2-3 WNB OmpG Mutants #2,-80 Freezer / A Shelf / AA / AA2-3 WNB OmpG Mutants #2,Available,,,,,,,,,,,,,,,,,,,,,,,,,2615,-80 Freezer,5105,A Shelf,dyn-rack-1782413261908-0,AA,,,,,dyn-box-1782413261918-171,AA2-3 WNB OmpG Mutants #2,,,NP00000213,W285,2,7,38.1 µM,30 µL,,2020-08-25,"OmpG 1 Cys N-term W285 in 8M urea, 20 mM Tris pH 8, 2 mM TCEP",,,$,,Default,,,,,
,W285,,Main Lab,1,vials,,,-80 Freezer / A Shelf / AA / AA2-3 WNB OmpG Mutants #2,-80 Freezer / A Shelf / AA / AA2-3 WNB OmpG Mutants #2,Available,,,,,,,,,,,,,,,,,,,,,,,,,2615,-80 Freezer,5105,A Shelf,dyn-rack-1782413261908-0,AA,,,,,dyn-box-1782413261918-171,AA2-3 WNB OmpG Mutants #2,,,NP00000214,W285,2,8,38.1 µM,30 µL,,2020-08-25,"OmpG 1 Cys N-term W285 in 8M urea, 20 mM Tris pH 8, 2 mM TCEP",,,$,,Default,,,,,
,W285,,Main Lab,1,vials,,,-80 Freezer / A Shelf / AA / AA2-3 WNB OmpG Mutants #2,-80 Freezer / A Shelf / AA / AA2-3 WNB OmpG Mutants #2,Available,,,,,,,,,,,,,,,,,,,,,,,,,2615,-80 Freezer,5105,A Shelf,dyn-rack-1782413261908-0,AA,,,,,dyn-box-1782413261918-171,AA2-3 WNB OmpG Mutants #2,,,NP00000215,W285,2,9,38.1 µM,30 µL,,2020-08-25,"OmpG 1 Cys N-term W285 in 8M urea, 20 mM Tris pH 8, 2 mM TCEP",,,$,,Default,,,,,
,W285,,Main Lab,1,vials,,,-80 Freezer / A Shelf / AA / AA2-3 WNB OmpG Mutants #2,-80 Freezer / A Shelf / AA / AA2-3 WNB OmpG Mutants #2,Available,,,,,,,,,,,,,,,,,,,,,,,,,2615,-80 Freezer,5105,A Shelf,dyn-rack-1782413261908-0,AA,,,,,dyn-box-1782413261918-171,AA2-3 WNB OmpG Mutants #2,,,NP00000216,W285,3,2,38.1 µM,30 µL,,2020-08-25,"OmpG 1 Cys N-term W285 in 8M urea, 20 mM Tris pH 8, 2 mM TCEP",,,$,,Default,,,,,
,W285,,Main Lab,1,vials,,,-80 Freezer / A Shelf / AA / AA2-3 WNB OmpG Mutants #2,-80 Freezer / A Shelf / AA / AA2-3 WNB OmpG Mutants #2,Available,,,,,,,,,,,,,,,,,,,,,,,,,2615,-80 Freezer,5105,A Shelf,dyn-rack-1782413261908-0,AA,,,,,dyn-box-1782413261918-171,AA2-3 WNB OmpG Mutants #2,,,NP00000217,W285,3,3,38.1 µM,30 µL,,2020-08-25,"OmpG 1 Cys N-term W285 in 8M urea, 20 mM Tris pH 8, 2 mM TCEP",,,$,,Default,,,,,
,W285,,Main Lab,1,vials,,,-80 Freezer / A Shelf / AA / AA2-3 WNB OmpG Mutants #2,-80 Freezer / A Shelf / AA / AA2-3 WNB OmpG Mutants #2,Available,,,,,,,,,,,,,,,,,,,,,,,,,2615,-80 Freezer,5105,A Shelf,dyn-rack-1782413261908-0,AA,,,,,dyn-box-1782413261918-171,AA2-3 WNB OmpG Mutants #2,,,NP00000218,W285,3,4,38.1 µM,30 µL,,2020-08-25,"OmpG 1 Cys N-term W285 in 8M urea, 20 mM Tris pH 8, 2 mM TCEP",,,$,,Default,,,,,
,W285,,Main Lab,1,vials,,,-80 Freezer / A Shelf / AA / AA2-3 WNB OmpG Mutants #2,-80 Freezer / A Shelf / AA / AA2-3 WNB OmpG Mutants #2,Available,,,,,,,,,,,,,,,,,,,,,,,,,2615,-80 Freezer,5105,A Shelf,dyn-rack-1782413261908-0,AA,,,,,dyn-box-1782413261918-171,AA2-3 WNB OmpG Mutants #2,,,NP00000219,W285,3,5,38.1 µM,30 µL,,2020-08-25,"OmpG 1 Cys N-term W285 in 8M urea, 20 mM Tris pH 8, 2 mM TCEP",,,$,,Default,,,,,
,W285,,Main Lab,1,vials,,,-80 Freezer / A Shelf / AA / AA2-3 WNB OmpG Mutants #2,-80 Freezer / A Shelf / AA / AA2-3 WNB OmpG Mutants #2,Available,,,,,,,,,,,,,,,,,,,,,,,,,2615,-80 Freezer,5105,A Shelf,dyn-rack-1782413261908-0,AA,,,,,dyn-box-1782413261918-171,AA2-3 WNB OmpG Mutants #2,,,NP00000220,W285,3,6,38.1 µM,30 µL,,2020-08-25,"OmpG 1 Cys N-term W285 in 8M urea, 20 mM Tris pH 8, 2 mM TCEP",,,$,,Default,,,,,
,W285,,Main Lab,1,vials,,,-80 Freezer / A Shelf / AA / AA2-3 WNB OmpG Mutants #2,-80 Freezer / A Shelf / AA / AA2-3 WNB OmpG Mutants #2,Available,,,,,,,,,,,,,,,,,,,,,,,,,2615,-80 Freezer,5105,A Shelf,dyn-rack-1782413261908-0,AA,,,,,dyn-box-1782413261918-171,AA2-3 WNB OmpG Mutants #2,,,NP00000221,W285,3,7,38.1 µM,30 µL,,2020-08-25,"OmpG 1 Cys N-term W285 in 8M urea, 20 mM Tris pH 8, 2 mM TCEP",,,$,,Default,,,,,
,W285,,Main Lab,1,vials,,,-80 Freezer / A Shelf / AA / AA2-3 WNB OmpG Mutants #2,-80 Freezer / A Shelf / AA / AA2-3 WNB OmpG Mutants #2,Available,,,,,,,,,,,,,,,,,,,,,,,,,2615,-80 Freezer,5105,A Shelf,dyn-rack-1782413261908-0,AA,,,,,dyn-box-1782413261918-171,AA2-3 WNB OmpG Mutants #2,,,NP00000222,W285,3,8,38.1 µM,30 µL,,2020-08-25,"OmpG 1 Cys N-term W285 in 8M urea, 20 mM Tris pH 8, 2 mM TCEP",,,$,,Default,,,,,
,W285,,Main Lab,1,vials,,,-80 Freezer / A Shelf / AA / AA2-3 WNB OmpG Mutants #2,-80 Freezer / A Shelf / AA / AA2-3 WNB OmpG Mutants #2,Available,,,,,,,,,,,,,,,,,,,,,,,,,2615,-80 Freezer,5105,A Shelf,dyn-rack-1782413261908-0,AA,,,,,dyn-box-1782413261918-171,AA2-3 WNB OmpG Mutants #2,,,NP00000223,W285,3,9,38.1 µM,30 µL,,2020-08-25,"OmpG 1 Cys N-term W285 in 8M urea, 20 mM Tris pH 8, 2 mM TCEP",,,$,,Default,,,,,
,W285,,Main Lab,1,vials,,,-80 Freezer / A Shelf / AA / AA2-3 WNB OmpG Mutants #2,-80 Freezer / A Shelf / AA / AA2-3 WNB OmpG Mutants #2,Available,,,,,,,,,,,,,,,,,,,,,,,,,2615,-80 Freezer,5105,A Shelf,dyn-rack-1782413261908-0,AA,,,,,dyn-box-1782413261918-171,AA2-3 WNB OmpG Mutants #2,,,NP00000224,W285,4,2,38.1 µM,30 µL,,2020-08-25,"OmpG 1 Cys N-term W285 in 8M urea, 20 mM Tris pH 8, 2 mM TCEP",,,$,,Default,,,,,
,W285,,Main Lab,1,vials,,,-80 Freezer / A Shelf / AA / AA2-3 WNB OmpG Mutants #2,-80 Freezer / A Shelf / AA / AA2-3 WNB OmpG Mutants #2,Available,,,,,,,,,,,,,,,,,,,,,,,,,2615,-80 Freezer,5105,A Shelf,dyn-rack-1782413261908-0,AA,,,,,dyn-box-1782413261918-171,AA2-3 WNB OmpG Mutants #2,,,NP00000225,W285,4,3,38.1 µM,30 µL,,2020-08-25,"OmpG 1 Cys N-term W285 in 8M urea, 20 mM Tris pH 8, 2 mM TCEP",,,$,,Default,,,,,
,W285,,Main Lab,1,vials,,,-80 Freezer / A Shelf / AA / AA2-3 WNB OmpG Mutants #2,-80 Freezer / A Shelf / AA / AA2-3 WNB OmpG Mutants #2,Available,,,,,,,,,,,,,,,,,,,,,,,,,2615,-80 Freezer,5105,A Shelf,dyn-rack-1782413261908-0,AA,,,,,dyn-box-1782413261918-171,AA2-3 WNB OmpG Mutants #2,,,NP00000226,W285,4,4,38.1 µM,30 µL,,2020-08-25,"OmpG 1 Cys N-term W285 in 8M urea, 20 mM Tris pH 8, 2 mM TCEP",,,$,,Default,,,,,
,W285,,Main Lab,1,vials,,,-80 Freezer / A Shelf / AA / AA2-3 WNB OmpG Mutants #2,-80 Freezer / A Shelf / AA / AA2-3 WNB OmpG Mutants #2,Available,,,,,,,,,,,,,,,,,,,,,,,,,2615,-80 Freezer,5105,A Shelf,dyn-rack-1782413261908-0,AA,,,,,dyn-box-1782413261918-171,AA2-3 WNB OmpG Mutants #2,,,NP00000227,W285,4,5,38.1 µM,30 µL,,2020-08-25,"OmpG 1 Cys N-term W285 in 8M urea, 20 mM Tris pH 8, 2 mM TCEP",,,$,,Default,,,,,
,W285,,Main Lab,1,vials,,,-80 Freezer / A Shelf / AA / AA2-3 WNB OmpG Mutants #2,-80 Freezer / A Shelf / AA / AA2-3 WNB OmpG Mutants #2,Available,,,,,,,,,,,,,,,,,,,,,,,,,2615,-80 Freezer,5105,A Shelf,dyn-rack-1782413261908-0,AA,,,,,dyn-box-1782413261918-171,AA2-3 WNB OmpG Mutants #2,,,NP00000228,W285,4,6,38.1 µM,30 µL,,2020-08-25,"OmpG 1 Cys N-term W285 in 8M urea, 20 mM Tris pH 8, 2 mM TCEP",,,$,,Default,,,,,
,W285,,Main Lab,1,vials,,,-80 Freezer / A Shelf / AA / AA2-3 WNB OmpG Mutants #2,-80 Freezer / A Shelf / AA / AA2-3 WNB OmpG Mutants #2,Available,,,,,,,,,,,,,,,,,,,,,,,,,2615,-80 Freezer,5105,A Shelf,dyn-rack-1782413261908-0,AA,,,,,dyn-box-1782413261918-171,AA2-3 WNB OmpG Mutants #2,,,NP00000229,W285,4,7,38.1 µM,30 µL,,2020-08-25,"OmpG 1 Cys N-term W285 in 8M urea, 20 mM Tris pH 8, 2 mM TCEP",,,$,,Default,,,,,
,W285,,Main Lab,1,vials,,,-80 Freezer / A Shelf / AA / AA2-3 WNB OmpG Mutants #2,-80 Freezer / A Shelf / AA / AA2-3 WNB OmpG Mutants #2,Available,,,,,,,,,,,,,,,,,,,,,,,,,2615,-80 Freezer,5105,A Shelf,dyn-rack-1782413261908-0,AA,,,,,dyn-box-1782413261918-171,AA2-3 WNB OmpG Mutants #2,,,NP00000230,W285,4,8,38.1 µM,30 µL,,2020-08-25,"OmpG 1 Cys N-term W285 in 8M urea, 20 mM Tris pH 8, 2 mM TCEP",,,$,,Default,,,,,
,W285,,Main Lab,1,vials,,,-80 Freezer / A Shelf / AA / AA2-3 WNB OmpG Mutants #2,-80 Freezer / A Shelf / AA / AA2-3 WNB OmpG Mutants #2,Available,,,,,,,,,,,,,,,,,,,,,,,,,2615,-80 Freezer,5105,A Shelf,dyn-rack-1782413261908-0,AA,,,,,dyn-box-1782413261918-171,AA2-3 WNB OmpG Mutants #2,,,NP00000231,W285,4,9,38.1 µM,30 µL,,2020-08-25,"OmpG 1 Cys N-term W285 in 8M urea, 20 mM Tris pH 8, 2 mM TCEP",,,$,,Default,,,,,
,W285,,Main Lab,1,vials,,,-80 Freezer / A Shelf / AA / AA2-3 WNB OmpG Mutants #2,-80 Freezer / A Shelf / AA / AA2-3 WNB OmpG Mutants #2,Available,,,,,,,,,,,,,,,,,,,,,,,,,2615,-80 Freezer,5105,A Shelf,dyn-rack-1782413261908-0,AA,,,,,dyn-box-1782413261918-171,AA2-3 WNB OmpG Mutants #2,,,NP00000232,W285,5,2,38.1 µM,30 µL,,2020-08-25,"OmpG 1 Cys N-term W285 in 8M urea, 20 mM Tris pH 8, 2 mM TCEP",,,$,,Default,,,,,
,W285,,Main Lab,1,vials,,,-80 Freezer / A Shelf / AA / AA2-3 WNB OmpG Mutants #2,-80 Freezer / A Shelf / AA / AA2-3 WNB OmpG Mutants #2,Available,,,,,,,,,,,,,,,,,,,,,,,,,2615,-80 Freezer,5105,A Shelf,dyn-rack-1782413261908-0,AA,,,,,dyn-box-1782413261918-171,AA2-3 WNB OmpG Mutants #2,,,NP00000233,W285,5,3,38.1 µM,30 µL,,2020-08-25,"OmpG 1 Cys N-term W285 in 8M urea, 20 mM Tris pH 8, 2 mM TCEP",,,$,,Default,,,,,
,W285,,Main Lab,1,vials,,,-80 Freezer / A Shelf / AA / AA2-3 WNB OmpG Mutants #2,-80 Freezer / A Shelf / AA / AA2-3 WNB OmpG Mutants #2,Available,,,,,,,,,,,,,,,,,,,,,,,,,2615,-80 Freezer,5105,A Shelf,dyn-rack-1782413261908-0,AA,,,,,dyn-box-1782413261918-171,AA2-3 WNB OmpG Mutants #2,,,NP00000234,W285,5,4,38.1 µM,30 µL,,2020-08-25,"OmpG 1 Cys N-term W285 in 8M urea, 20 mM Tris pH 8, 2 mM TCEP",,,$,,Default,,,,,
,W285,,Main Lab,1,vials,,,-80 Freezer / A Shelf / AA / AA2-3 WNB OmpG Mutants #2,-80 Freezer / A Shelf / AA / AA2-3 WNB OmpG Mutants #2,Available,,,,,,,,,,,,,,,,,,,,,,,,,2615,-80 Freezer,5105,A Shelf,dyn-rack-1782413261908-0,AA,,,,,dyn-box-1782413261918-171,AA2-3 WNB OmpG Mutants #2,,,NP00000235,W285,5,5,38.1 µM,30 µL,,2020-08-25,"OmpG 1 Cys N-term W285 in 8M urea, 20 mM Tris pH 8, 2 mM TCEP",,,$,,Default,,,,,
,W285,,Main Lab,1,vials,,,-80 Freezer / A Shelf / AA / AA2-3 WNB OmpG Mutants #2,-80 Freezer / A Shelf / AA / AA2-3 WNB OmpG Mutants #2,Available,,,,,,,,,,,,,,,,,,,,,,,,,2615,-80 Freezer,5105,A Shelf,dyn-rack-1782413261908-0,AA,,,,,dyn-box-1782413261918-171,AA2-3 WNB OmpG Mutants #2,,,NP00000236,W285,5,6,38.1 µM,30 µL,,2020-08-25,"OmpG 1 Cys N-term W285 in 8M urea, 20 mM Tris pH 8, 2 mM TCEP",,,$,,Default,,,,,
,W285,,Main Lab,1,vials,,,-80 Freezer / A Shelf / AA / AA2-3 WNB OmpG Mutants #2,-80 Freezer / A Shelf / AA / AA2-3 WNB OmpG Mutants #2,Available,,,,,,,,,,,,,,,,,,,,,,,,,2615,-80 Freezer,5105,A Shelf,dyn-rack-1782413261908-0,AA,,,,,dyn-box-1782413261918-171,AA2-3 WNB OmpG Mutants #2,,,NP00000237,W285,5,7,38.1 µM,30 µL,,2020-08-25,"OmpG 1 Cys N-term W285 in 8M urea, 20 mM Tris pH 8, 2 mM TCEP",,,$,,Default,,,,,
,W285,,Main Lab,1,vials,,,-80 Freezer / A Shelf / AA / AA2-3 WNB OmpG Mutants #2,-80 Freezer / A Shelf / AA / AA2-3 WNB OmpG Mutants #2,Available,,,,,,,,,,,,,,,,,,,,,,,,,2615,-80 Freezer,5105,A Shelf,dyn-rack-1782413261908-0,AA,,,,,dyn-box-1782413261918-171,AA2-3 WNB OmpG Mutants #2,,,NP00000238,W285,5,8,38.1 µM,30 µL,,2020-08-25,"OmpG 1 Cys N-term W285 in 8M urea, 20 mM Tris pH 8, 2 mM TCEP",,,$,,Default,,,,,
,W285,,Main Lab,1,vials,,,-80 Freezer / A Shelf / AA / AA2-3 WNB OmpG Mutants #2,-80 Freezer / A Shelf / AA / AA2-3 WNB OmpG Mutants #2,Available,,,,,,,,,,,,,,,,,,,,,,,,,2615,-80 Freezer,5105,A Shelf,dyn-rack-1782413261908-0,AA,,,,,dyn-box-1782413261918-171,AA2-3 WNB OmpG Mutants #2,,,NP00000239,W285,5,9,38.1 µM,30 µL,,2020-08-25,"OmpG 1 Cys N-term W285 in 8M urea, 20 mM Tris pH 8, 2 mM TCEP",,,$,,Default,,,,,
,W285,,Main Lab,1,vials,,,-80 Freezer / A Shelf / AA / AA2-3 WNB OmpG Mutants #2,-80 Freezer / A Shelf / AA / AA2-3 WNB OmpG Mutants #2,Available,,,,,,,,,,,,,,,,,,,,,,,,,2615,-80 Freezer,5105,A Shelf,dyn-rack-1782413261908-0,AA,,,,,dyn-box-1782413261918-171,AA2-3 WNB OmpG Mutants #2,,,NP00000240,W285,6,2,38.1 µM,30 µL,,2020-08-25,"OmpG 1 Cys N-term W285 in 8M urea, 20 mM Tris pH 8, 2 mM TCEP",,,$,,Default,,,,,
,W285,,Main Lab,1,vials,,,-80 Freezer / A Shelf / AA / AA2-3 WNB OmpG Mutants #2,-80 Freezer / A Shelf / AA / AA2-3 WNB OmpG Mutants #2,Available,,,,,,,,,,,,,,,,,,,,,,,,,2615,-80 Freezer,5105,A Shelf,dyn-rack-1782413261908-0,AA,,,,,dyn-box-1782413261918-171,AA2-3 WNB OmpG Mutants #2,,,NP00000241,W285,6,3,38.1 µM,30 µL,,2020-08-25,"OmpG 1 Cys N-term W285 in 8M urea, 20 mM Tris pH 8, 2 mM TCEP",,,$,,Default,,,,,
,W285,,Main Lab,1,vials,,,-80 Freezer / A Shelf / AA / AA2-3 WNB OmpG Mutants #2,-80 Freezer / A Shelf / AA / AA2-3 WNB OmpG Mutants #2,Available,,,,,,,,,,,,,,,,,,,,,,,,,2615,-80 Freezer,5105,A Shelf,dyn-rack-1782413261908-0,AA,,,,,dyn-box-1782413261918-171,AA2-3 WNB OmpG Mutants #2,,,NP00000242,W285,6,4,38.1 µM,30 µL,,2020-08-25,"OmpG 1 Cys N-term W285 in 8M urea, 20 mM Tris pH 8, 2 mM TCEP",,,$,,Default,,,,,
,W285,,Main Lab,1,vials,,,-80 Freezer / A Shelf / AA / AA2-3 WNB OmpG Mutants #2,-80 Freezer / A Shelf / AA / AA2-3 WNB OmpG Mutants #2,Available,,,,,,,,,,,,,,,,,,,,,,,,,2615,-80 Freezer,5105,A Shelf,dyn-rack-1782413261908-0,AA,,,,,dyn-box-1782413261918-171,AA2-3 WNB OmpG Mutants #2,,,NP00000243,W285,6,5,38.1 µM,30 µL,,2020-08-25,"OmpG 1 Cys N-term W285 in 8M urea, 20 mM Tris pH 8, 2 mM TCEP",,,$,,Default,,,,,
,W285,,Main Lab,1,vials,,,-80 Freezer / A Shelf / AA / AA2-3 WNB OmpG Mutants #2,-80 Freezer / A Shelf / AA / AA2-3 WNB OmpG Mutants #2,Available,,,,,,,,,,,,,,,,,,,,,,,,,2615,-80 Freezer,5105,A Shelf,dyn-rack-1782413261908-0,AA,,,,,dyn-box-1782413261918-171,AA2-3 WNB OmpG Mutants #2,,,NP00000244,W285,6,6,38.1 µM,30 µL,,2020-08-25,"OmpG 1 Cys N-term W285 in 8M urea, 20 mM Tris pH 8, 2 mM TCEP",,,$,,Default,,,,,
,W285,,Main Lab,1,vials,,,-80 Freezer / A Shelf / AA / AA2-3 WNB OmpG Mutants #2,-80 Freezer / A Shelf / AA / AA2-3 WNB OmpG Mutants #2,Available,,,,,,,,,,,,,,,,,,,,,,,,,2615,-80 Freezer,5105,A Shelf,dyn-rack-1782413261908-0,AA,,,,,dyn-box-1782413261918-171,AA2-3 WNB OmpG Mutants #2,,,NP00000245,W285,6,7,38.1 µM,30 µL,,2020-08-25,"OmpG 1 Cys N-term W285 in 8M urea, 20 mM Tris pH 8, 2 mM TCEP",,,$,,Default,,,,,
,W285,,Main Lab,1,vials,,,-80 Freezer / A Shelf / AA / AA2-3 WNB OmpG Mutants #2,-80 Freezer / A Shelf / AA / AA2-3 WNB OmpG Mutants #2,Available,,,,,,,,,,,,,,,,,,,,,,,,,2615,-80 Freezer,5105,A Shelf,dyn-rack-1782413261908-0,AA,,,,,dyn-box-1782413261918-171,AA2-3 WNB OmpG Mutants #2,,,NP00000246,W285,6,8,38.1 µM,30 µL,,2020-08-25,"OmpG 1 Cys N-term W285 in 8M urea, 20 mM Tris pH 8, 2 mM TCEP",,,$,,Default,,,,,
,W285,,Main Lab,1,vials,,,-80 Freezer / A Shelf / AA / AA2-3 WNB OmpG Mutants #2,-80 Freezer / A Shelf / AA / AA2-3 WNB OmpG Mutants #2,Available,,,,,,,,,,,,,,,,,,,,,,,,,2615,-80 Freezer,5105,A Shelf,dyn-rack-1782413261908-0,AA,,,,,dyn-box-1782413261918-171,AA2-3 WNB OmpG Mutants #2,,,NP00000247,W285,6,9,38.1 µM,30 µL,,2020-08-25,"OmpG 1 Cys N-term W285 in 8M urea, 20 mM Tris pH 8, 2 mM TCEP",,,$,,Default,,,,,
,W285,,Main Lab,1,vials,,,-80 Freezer / A Shelf / AA / AA2-3 WNB OmpG Mutants #2,-80 Freezer / A Shelf / AA / AA2-3 WNB OmpG Mutants #2,Available,,,,,,,,,,,,,,,,,,,,,,,,,2615,-80 Freezer,5105,A Shelf,dyn-rack-1782413261908-0,AA,,,,,dyn-box-1782413261918-171,AA2-3 WNB OmpG Mutants #2,,,NP00000248,W285,7,2,38.1 µM,30 µL,,2020-08-25,"OmpG 1 Cys N-term W285 in 8M urea, 20 mM Tris pH 8, 2 mM TCEP",,,$,,Default,,,,,
,W285,,Main Lab,1,vials,,,-80 Freezer / A Shelf / AA / AA2-3 WNB OmpG Mutants #2,-80 Freezer / A Shelf / AA / AA2-3 WNB OmpG Mutants #2,Available,,,,,,,,,,,,,,,,,,,,,,,,,2615,-80 Freezer,5105,A Shelf,dyn-rack-1782413261908-0,AA,,,,,dyn-box-1782413261918-171,AA2-3 WNB OmpG Mutants #2,,,NP00000249,W285,7,3,38.1 µM,30 µL,,2020-08-25,"OmpG 1 Cys N-term W285 in 8M urea, 20 mM Tris pH 8, 2 mM TCEP",,,$,,Default,,,,,
,W285,,Main Lab,1,vials,,,-80 Freezer / A Shelf / AA / AA2-3 WNB OmpG Mutants #2,-80 Freezer / A Shelf / AA / AA2-3 WNB OmpG Mutants #2,Available,,,,,,,,,,,,,,,,,,,,,,,,,2615,-80 Freezer,5105,A Shelf,dyn-rack-1782413261908-0,AA,,,,,dyn-box-1782413261918-171,AA2-3 WNB OmpG Mutants #2,,,NP00000250,W285,7,4,38.1 µM,30 µL,,2020-08-25,"OmpG 1 Cys N-term W285 in 8M urea, 20 mM Tris pH 8, 2 mM TCEP",,,$,,Default,,,,,
,W285,,Main Lab,1,vials,,,-80 Freezer / A Shelf / AA / AA2-3 WNB OmpG Mutants #2,-80 Freezer / A Shelf / AA / AA2-3 WNB OmpG Mutants #2,Available,,,,,,,,,,,,,,,,,,,,,,,,,2615,-80 Freezer,5105,A Shelf,dyn-rack-1782413261908-0,AA,,,,,dyn-box-1782413261918-171,AA2-3 WNB OmpG Mutants #2,,,NP00000251,W285,7,5,38.1 µM,30 µL,,2020-08-25,"OmpG 1 Cys N-term W285 in 8M urea, 20 mM Tris pH 8, 2 mM TCEP",,,$,,Default,,,,,
,W285,,Main Lab,1,vials,,,-80 Freezer / A Shelf / AA / AA2-3 WNB OmpG Mutants #2,-80 Freezer / A Shelf / AA / AA2-3 WNB OmpG Mutants #2,Available,,,,,,,,,,,,,,,,,,,,,,,,,2615,-80 Freezer,5105,A Shelf,dyn-rack-1782413261908-0,AA,,,,,dyn-box-1782413261918-171,AA2-3 WNB OmpG Mutants #2,,,NP00000252,W285,7,6,38.1 µM,30 µL,,2020-08-25,"OmpG 1 Cys N-term W285 in 8M urea, 20 mM Tris pH 8, 2 mM TCEP",,,$,,Default,,,,,
,W285,,Main Lab,1,vials,,,-80 Freezer / A Shelf / AA / AA2-3 WNB OmpG Mutants #2,-80 Freezer / A Shelf / AA / AA2-3 WNB OmpG Mutants #2,Available,,,,,,,,,,,,,,,,,,,,,,,,,2615,-80 Freezer,5105,A Shelf,dyn-rack-1782413261908-0,AA,,,,,dyn-box-1782413261918-171,AA2-3 WNB OmpG Mutants #2,,,NP00000253,W285,7,7,38.1 µM,30 µL,,2020-08-25,"OmpG 1 Cys N-term W285 in 8M urea, 20 mM Tris pH 8, 2 mM TCEP",,,$,,Default,,,,,
,W285,,Main Lab,1,vials,,,-80 Freezer / A Shelf / AA / AA2-3 WNB OmpG Mutants #2,-80 Freezer / A Shelf / AA / AA2-3 WNB OmpG Mutants #2,Available,,,,,,,,,,,,,,,,,,,,,,,,,2615,-80 Freezer,5105,A Shelf,dyn-rack-1782413261908-0,AA,,,,,dyn-box-1782413261918-171,AA2-3 WNB OmpG Mutants #2,,,NP00000254,W285,7,8,38.1 µM,30 µL,,2020-08-25,"OmpG 1 Cys N-term W285 in 8M urea, 20 mM Tris pH 8, 2 mM TCEP",,,$,,Default,,,,,
,W285,,Main Lab,1,vials,,,-80 Freezer / A Shelf / AA / AA2-3 WNB OmpG Mutants #2,-80 Freezer / A Shelf / AA / AA2-3 WNB OmpG Mutants #2,Available,,,,,,,,,,,,,,,,,,,,,,,,,2615,-80 Freezer,5105,A Shelf,dyn-rack-1782413261908-0,AA,,,,,dyn-box-1782413261918-171,AA2-3 WNB OmpG Mutants #2,,,NP00000255,W285,7,9,38.1 µM,30 µL,,2020-08-25,"OmpG 1 Cys N-term W285 in 8M urea, 20 mM Tris pH 8, 2 mM TCEP",,,$,,Default,,,,,
,W285,,Main Lab,1,vials,,,-80 Freezer / A Shelf / AA / AA2-3 WNB OmpG Mutants #2,-80 Freezer / A Shelf / AA / AA2-3 WNB OmpG Mutants #2,Available,,,,,,,,,,,,,,,,,,,,,,,,,2615,-80 Freezer,5105,A Shelf,dyn-rack-1782413261908-0,AA,,,,,dyn-box-1782413261918-171,AA2-3 WNB OmpG Mutants #2,,,NP00000256,W285,2,1,38.1 µM,30 µL,,2020-08-25,"OmpG 1 Cys N-term W285 in 8M urea, 20 mM Tris pH 8, 2 mM TCEP",,,$,,Default,,,,,
,W285,,Main Lab,1,vials,,,-80 Freezer / A Shelf / AA / AA2-3 WNB OmpG Mutants #2,-80 Freezer / A Shelf / AA / AA2-3 WNB OmpG Mutants #2,Available,,,,,,,,,,,,,,,,,,,,,,,,,2615,-80 Freezer,5105,A Shelf,dyn-rack-1782413261908-0,AA,,,,,dyn-box-1782413261918-171,AA2-3 WNB OmpG Mutants #2,,,NP00000257,W285,3,1,38.1 µM,30 µL,,2020-08-25,"OmpG 1 Cys N-term W285 in 8M urea, 20 mM Tris pH 8, 2 mM TCEP",,,$,,Default,,,,,
,W285,,Main Lab,1,vials,,,-80 Freezer / A Shelf / AA / AA2-3 WNB OmpG Mutants #2,-80 Freezer / A Shelf / AA / AA2-3 WNB OmpG Mutants #2,Available,,,,,,,,,,,,,,,,,,,,,,,,,2615,-80 Freezer,5105,A Shelf,dyn-rack-1782413261908-0,AA,,,,,dyn-box-1782413261918-171,AA2-3 WNB OmpG Mutants #2,,,NP00000258,W285,4,1,38.1 µM,30 µL,,2020-08-25,"OmpG 1 Cys N-term W285 in 8M urea, 20 mM Tris pH 8, 2 mM TCEP",,,$,,Default,,,,,
,W285,,Main Lab,1,vials,,,-80 Freezer / A Shelf / AA / AA2-3 WNB OmpG Mutants #2,-80 Freezer / A Shelf / AA / AA2-3 WNB OmpG Mutants #2,Available,,,,,,,,,,,,,,,,,,,,,,,,,2615,-80 Freezer,5105,A Shelf,dyn-rack-1782413261908-0,AA,,,,,dyn-box-1782413261918-171,AA2-3 WNB OmpG Mutants #2,,,NP00000259,W285,5,1,38.1 µM,30 µL,,2020-08-25,"OmpG 1 Cys N-term W285 in 8M urea, 20 mM Tris pH 8, 2 mM TCEP",,,$,,Default,,,,,
,W285,,Main Lab,1,vials,,,-80 Freezer / A Shelf / AA / AA2-3 WNB OmpG Mutants #2,-80 Freezer / A Shelf / AA / AA2-3 WNB OmpG Mutants #2,Available,,,,,,,,,,,,,,,,,,,,,,,,,2615,-80 Freezer,5105,A Shelf,dyn-rack-1782413261908-0,AA,,,,,dyn-box-1782413261918-171,AA2-3 WNB OmpG Mutants #2,,,NP00000260,W285,6,1,38.1 µM,30 µL,,2020-08-25,"OmpG 1 Cys N-term W285 in 8M urea, 20 mM Tris pH 8, 2 mM TCEP",,,$,,Default,,,,,
,W285,,Main Lab,1,vials,,,-80 Freezer / A Shelf / AA / AA2-3 WNB OmpG Mutants #2,-80 Freezer / A Shelf / AA / AA2-3 WNB OmpG Mutants #2,Available,,,,,,,,,,,,,,,,,,,,,,,,,2615,-80 Freezer,5105,A Shelf,dyn-rack-1782413261908-0,AA,,,,,dyn-box-1782413261918-171,AA2-3 WNB OmpG Mutants #2,,,NP00000261,W285,7,1,38.1 µM,30 µL,,2020-08-25,"OmpG 1 Cys N-term W285 in 8M urea, 20 mM Tris pH 8, 2 mM TCEP",,,$,,Default,,,,,
,W285,,Main Lab,1,vials,,,-80 Freezer / A Shelf / AA / AA2-3 WNB OmpG Mutants #2,-80 Freezer / A Shelf / AA / AA2-3 WNB OmpG Mutants #2,Available,,,,,,,,,,,,,,,,,,,,,,,,,2615,-80 Freezer,5105,A Shelf,dyn-rack-1782413261908-0,AA,,,,,dyn-box-1782413261918-171,AA2-3 WNB OmpG Mutants #2,,,NP00000262,W285,8,1,38.1 µM,30 µL,,2020-08-25,"OmpG 1 Cys N-term W285 in 8M urea, 20 mM Tris pH 8, 2 mM TCEP",,,$,,Default,,,,,
,nmEptA,,Main Lab,1,vials,,,-80 Freezer / A Shelf / AA / AA4 / AA4-1 WNB EptA Stocks,-80 Freezer / A Shelf / AA / AA4 / AA4-1 WNB EptA Stocks,Available,,,,,,,,,,,,,,,,,,,,,,,,,2615,-80 Freezer,5105,A Shelf,dyn-rack-1782413261908-0,AA,drawer-1786391575788-4,AA4,,,dyn-box-1782413261922-235,AA4-1 WNB EptA Stocks,,,NP00000263,nmEptA,,,97.3 µM,30 µL,,2022-10-14,"nmEptA in 50 mM Hepes pH 7, 100 mM NaCl, 0.023% DDM",,,$,,Default,,,,,
,nmEptA,,Main Lab,1,vials,,,-80 Freezer / A Shelf / AA / AA4 / AA4-1 WNB EptA Stocks,-80 Freezer / A Shelf / AA / AA4 / AA4-1 WNB EptA Stocks,Available,,,,,,,,,,,,,,,,,,,,,,,,,2615,-80 Freezer,5105,A Shelf,dyn-rack-1782413261908-0,AA,drawer-1786391575788-4,AA4,,,dyn-box-1782413261922-235,AA4-1 WNB EptA Stocks,,,NP00000264,nmEptA,,,97.3 µM,30 µL,,2022-10-14,"nmEptA in 50 mM Hepes pH 7, 100 mM NaCl, 0.023% DDM",,,$,,Default,,,,,
,nmEptA,,Main Lab,1,vials,,,-80 Freezer / A Shelf / AA / AA4 / AA4-1 WNB EptA Stocks,-80 Freezer / A Shelf / AA / AA4 / AA4-1 WNB EptA Stocks,Available,,,,,,,,,,,,,,,,,,,,,,,,,2615,-80 Freezer,5105,A Shelf,dyn-rack-1782413261908-0,AA,drawer-1786391575788-4,AA4,,,dyn-box-1782413261922-235,AA4-1 WNB EptA Stocks,,,NP00000265,nmEptA,,,97.3 µM,30 µL,,2022-10-14,"nmEptA in 50 mM Hepes pH 7, 100 mM NaCl, 0.023% DDM",,,$,,Default,,,,,
,nmEptA,,Main Lab,1,vials,,,-80 Freezer / A Shelf / AA / AA4 / AA4-1 WNB EptA Stocks,-80 Freezer / A Shelf / AA / AA4 / AA4-1 WNB EptA Stocks,Available,,,,,,,,,,,,,,,,,,,,,,,,,2615,-80 Freezer,5105,A Shelf,dyn-rack-1782413261908-0,AA,drawer-1786391575788-4,AA4,,,dyn-box-1782413261922-235,AA4-1 WNB EptA Stocks,,,NP00000266,nmEptA,,,97.3 µM,30 µL,,2022-10-14,"nmEptA in 50 mM Hepes pH 7, 100 mM NaCl, 0.023% DDM",,,$,,Default,,,,,
,nmEptA,,Main Lab,1,vials,,,-80 Freezer / A Shelf / AA / AA4 / AA4-1 WNB EptA Stocks,-80 Freezer / A Shelf / AA / AA4 / AA4-1 WNB EptA Stocks,Available,,,,,,,,,,,,,,,,,,,,,,,,,2615,-80 Freezer,5105,A Shelf,dyn-rack-1782413261908-0,AA,drawer-1786391575788-4,AA4,,,dyn-box-1782413261922-235,AA4-1 WNB EptA Stocks,,,NP00000267,nmEptA,,,97.3 µM,30 µL,,2022-10-14,"nmEptA in 50 mM Hepes pH 7, 100 mM NaCl, 0.023% DDM",,,$,,Default,,,,,
,nmEptA,,Main Lab,1,vials,,,-80 Freezer / A Shelf / AA / AA4 / AA4-1 WNB EptA Stocks,-80 Freezer / A Shelf / AA / AA4 / AA4-1 WNB EptA Stocks,Available,,,,,,,,,,,,,,,,,,,,,,,,,2615,-80 Freezer,5105,A Shelf,dyn-rack-1782413261908-0,AA,drawer-1786391575788-4,AA4,,,dyn-box-1782413261922-235,AA4-1 WNB EptA Stocks,,,NP00000268,nmEptA,,,97.3 µM,30 µL,,2022-10-14,"nmEptA in 50 mM Hepes pH 7, 100 mM NaCl, 0.023% DDM",,,$,,Default,,,,,
,nmEptA,,Main Lab,1,vials,,,-80 Freezer / A Shelf / AA / AA4 / AA4-1 WNB EptA Stocks,-80 Freezer / A Shelf / AA / AA4 / AA4-1 WNB EptA Stocks,Available,,,,,,,,,,,,,,,,,,,,,,,,,2615,-80 Freezer,5105,A Shelf,dyn-rack-1782413261908-0,AA,drawer-1786391575788-4,AA4,,,dyn-box-1782413261922-235,AA4-1 WNB EptA Stocks,,,NP00000269,nmEptA,,,97.3 µM,30 µL,,2022-10-14,"nmEptA in 50 mM Hepes pH 7, 100 mM NaCl, 0.023% DDM",,,$,,Default,,,,,
,nmEptA,,Main Lab,1,vials,,,-80 Freezer / A Shelf / AA / AA4 / AA4-1 WNB EptA Stocks,-80 Freezer / A Shelf / AA / AA4 / AA4-1 WNB EptA Stocks,Available,,,,,,,,,,,,,,,,,,,,,,,,,2615,-80 Freezer,5105,A Shelf,dyn-rack-1782413261908-0,AA,drawer-1786391575788-4,AA4,,,dyn-box-1782413261922-235,AA4-1 WNB EptA Stocks,,,NP00000270,nmEptA,,,97.3 µM,30 µL,,2022-10-14,"nmEptA in 50 mM Hepes pH 7, 100 mM NaCl, 0.023% DDM",,,$,,Default,,,,,
,V3N,,Main Lab,1,vials,,,-80 Freezer / A Shelf / AA / AA2-4 WNB OmpG Mutants #3,-80 Freezer / A Shelf / AA / AA2-4 WNB OmpG Mutants #3,Available,,,,,,,,,,,,,,,,,,,,,,,,,2615,-80 Freezer,5105,A Shelf,dyn-rack-1782413261908-0,AA,,,,,dyn-box-1782413261922-243,AA2-4 WNB OmpG Mutants #3,,,NP00000271,V3N,1,1,65.3 µM,60 µL,,2021-09-21,"OmpG 2 Cys V3 N-term in 8M urea, 20 mM Tris pH 8, 2 mM TCEP",,,$,,Default,,,,,
,V3C,,Main Lab,1,vials,,,-80 Freezer / A Shelf / AA / AA2-4 WNB OmpG Mutants #3,-80 Freezer / A Shelf / AA / AA2-4 WNB OmpG Mutants #3,Available,,,,,,,,,,,,,,,,,,,,,,,,,2615,-80 Freezer,5105,A Shelf,dyn-rack-1782413261908-0,AA,,,,,dyn-box-1782413261922-243,AA2-4 WNB OmpG Mutants #3,,,NP00000272,V3C,9,1,70.4 µM,60 µL,,2021-09-21,"OmpG 2 Cys V3 C-term in 8M urea, 20 mM Tris pH 8, 2 mM TCEP",,,$,,Default,,,,,
,BAG - tOmpA 1 Cys N-term-A488,,Main Lab,1,vials,,,-80 Freezer / A Shelf / AA / AA1-2 WNB tOmpA-A488 stocks,-80 Freezer / A Shelf / AA / AA1-2 WNB tOmpA-A488 stocks,Available,,,,,,,,,,,,,,,,,,,,,,,,,2615,-80 Freezer,5105,A Shelf,dyn-rack-1782413261908-0,AA,,,,,dyn-box-1782413261922-245,AA1-2 WNB tOmpA-A488 stocks,,,NP00000273,BAG - tOmpA 1 Cys N-term-A488,1,1,54.7 µM,4-8 µL,,2025-02-26,"Bag of tOmpA-A488 (from pMS 755) in tiny aliquots in 8M urea, 25 mM GlyGly pH 8",,,$,,Default,,,,,
,BAG - tOmpA 1 Cys N-term-A488,,Main Lab,1,vials,,,-80 Freezer / A Shelf / AA / AA1-2 WNB tOmpA-A488 stocks,-80 Freezer / A Shelf / AA / AA1-2 WNB tOmpA-A488 stocks,Available,,,,,,,,,,,,,,,,,,,,,,,,,2615,-80 Freezer,5105,A Shelf,dyn-rack-1782413261908-0,AA,,,,,dyn-box-1782413261922-245,AA1-2 WNB tOmpA-A488 stocks,,,NP00000274,BAG - tOmpA 1 Cys N-term-A488,1,2,62.4 µM,4 µL,,2024-12-20,"Bag of tOmpA-A488 (from pMS 755) in tiny aliquots in 8M urea, 25 mM GlyGly pH 8",,,$,,Default,,,,,
,BAG - tOmpA PET V4-A488,,Main Lab,1,vials,,,-80 Freezer / A Shelf / AA / AA1-2 WNB tOmpA-A488 stocks,-80 Freezer / A Shelf / AA / AA1-2 WNB tOmpA-A488 stocks,Available,,,,,,,,,,,,,,,,,,,,,,,,,2615,-80 Freezer,5105,A Shelf,dyn-rack-1782413261908-0,AA,,,,,dyn-box-1782413261922-245,AA1-2 WNB tOmpA-A488 stocks,,,NP00000275,BAG - tOmpA PET V4-A488,1,3,56.07 µM,4 µL,,2023-11-03,"Bag of tOmpA PET V4-A488 in tiny aliquots in 8M urea, 20 mM Tris pH 8",,,$,,Default,,,,,
,A 2 Cys,,Main Lab,1,vials,,,-80 Freezer / A Shelf / AA / AA2 / AA2-1 WNB OMP Stocks in Urea,-80 Freezer / A Shelf / AA / AA2 / AA2-1 WNB OMP Stocks in Urea,Available,,,,,,,,,,,,,,,,,,,,,,,,,2615,-80 Freezer,5105,A Shelf,dyn-rack-1782413261908-0,AA,drawer-1786391575788-2,AA2,,,dyn-box-1782413261914-98,AA2-1 WNB OMP Stocks in Urea,,,NP00000276,A 2 Cys,2,7,63.6 µM,~1.5 mL,,2022-06-27,"tOmpA 2 Cys in 8M urea, 20 mM Tris pH 8, 2 mM TCEP",,,$,,Default,,,,,
,A 2 Cys,,Main Lab,1,vials,,,-80 Freezer / A Shelf / AA / AA2 / AA2-1 WNB OMP Stocks in Urea,-80 Freezer / A Shelf / AA / AA2 / AA2-1 WNB OMP Stocks in Urea,Available,,,,,,,,,,,,,,,,,,,,,,,,,2615,-80 Freezer,5105,A Shelf,dyn-rack-1782413261908-0,AA,drawer-1786391575788-2,AA2,,,dyn-box-1782413261914-98,AA2-1 WNB OMP Stocks in Urea,,,NP00000277,A 2 Cys,2,8,63.6 µM,~1.5 mL,,2022-06-27,"tOmpA 2 Cys in 8M urea, 20 mM Tris pH 8, 2 mM TCEP",,,$,,Default,,,,,
,A 2 Cys,,Main Lab,1,vials,,,-80 Freezer / A Shelf / AA / AA2 / AA2-1 WNB OMP Stocks in Urea,-80 Freezer / A Shelf / AA / AA2 / AA2-1 WNB OMP Stocks in Urea,Available,,,,,,,,,,,,,,,,,,,,,,,,,2615,-80 Freezer,5105,A Shelf,dyn-rack-1782413261908-0,AA,drawer-1786391575788-2,AA2,,,dyn-box-1782413261914-98,AA2-1 WNB OMP Stocks in Urea,,,NP00000278,A 2 Cys,2,9,63.6 µM,~1.5 mL,,2022-06-27,"tOmpA 2 Cys in 8M urea, 20 mM Tris pH 8, 2 mM TCEP",,,$,,Default,,,,,
,A 2 Cys,,Main Lab,1,vials,,,-80 Freezer / A Shelf / AA / AA2 / AA2-1 WNB OMP Stocks in Urea,-80 Freezer / A Shelf / AA / AA2 / AA2-1 WNB OMP Stocks in Urea,Available,,,,,,,,,,,,,,,,,,,,,,,,,2615,-80 Freezer,5105,A Shelf,dyn-rack-1782413261908-0,AA,drawer-1786391575788-2,AA2,,,dyn-box-1782413261914-98,AA2-1 WNB OMP Stocks in Urea,,,NP00000279,A 2 Cys,3,1,63.6 µM,~1.5 mL,,2022-06-27,"tOmpA 2 Cys in 8M urea, 20 mM Tris pH 8, 2 mM TCEP",,,$,,Default,,,,,
,A 2 Cys,,Main Lab,1,vials,,,-80 Freezer / A Shelf / AA / AA2 / AA2-1 WNB OMP Stocks in Urea,-80 Freezer / A Shelf / AA / AA2 / AA2-1 WNB OMP Stocks in Urea,Available,,,,,,,,,,,,,,,,,,,,,,,,,2615,-80 Freezer,5105,A Shelf,dyn-rack-1782413261908-0,AA,drawer-1786391575788-2,AA2,,,dyn-box-1782413261914-98,AA2-1 WNB OMP Stocks in Urea,,,NP00000280,A 2 Cys,3,2,63.6 µM,~1.5 mL,,2022-06-27,"tOmpA 2 Cys in 8M urea, 20 mM Tris pH 8, 2 mM TCEP",,,$,,Default,,,,,
,A 2 Cys,,Main Lab,1,vials,,,-80 Freezer / A Shelf / AA / AA2 / AA2-1 WNB OMP Stocks in Urea,-80 Freezer / A Shelf / AA / AA2 / AA2-1 WNB OMP Stocks in Urea,Available,,,,,,,,,,,,,,,,,,,,,,,,,2615,-80 Freezer,5105,A Shelf,dyn-rack-1782413261908-0,AA,drawer-1786391575788-2,AA2,,,dyn-box-1782413261914-98,AA2-1 WNB OMP Stocks in Urea,,,NP00000281,A 2 Cys,3,3,63.6 µM,~1.5 mL,,2022-06-27,"tOmpA 2 Cys in 8M urea, 20 mM Tris pH 8, 2 mM TCEP",,,$,,Default,,,,,
,A 2 Cys,,Main Lab,1,vials,,,-80 Freezer / A Shelf / AA / AA2 / AA2-1 WNB OMP Stocks in Urea,-80 Freezer / A Shelf / AA / AA2 / AA2-1 WNB OMP Stocks in Urea,Available,,,,,,,,,,,,,,,,,,,,,,,,,2615,-80 Freezer,5105,A Shelf,dyn-rack-1782413261908-0,AA,drawer-1786391575788-2,AA2,,,dyn-box-1782413261914-98,AA2-1 WNB OMP Stocks in Urea,,,NP00000282,A 2 Cys,3,4,63.6 µM,~1.5 mL,,2022-06-27,"tOmpA 2 Cys in 8M urea, 20 mM Tris pH 8, 2 mM TCEP",,,$,,Default,,,,,
,A 2 Cys,,Main Lab,1,vials,,,-80 Freezer / A Shelf / AA / AA2 / AA2-1 WNB OMP Stocks in Urea,-80 Freezer / A Shelf / AA / AA2 / AA2-1 WNB OMP Stocks in Urea,Available,,,,,,,,,,,,,,,,,,,,,,,,,2615,-80 Freezer,5105,A Shelf,dyn-rack-1782413261908-0,AA,drawer-1786391575788-2,AA2,,,dyn-box-1782413261914-98,AA2-1 WNB OMP Stocks in Urea,,,NP00000283,A 2 Cys,3,5,63.6 µM,~1.5 mL,,2022-06-27,"tOmpA 2 Cys in 8M urea, 20 mM Tris pH 8, 2 mM TCEP",,,$,,Default,,,,,
,A 2 Cys,,Main Lab,1,vials,,,-80 Freezer / A Shelf / AA / AA2 / AA2-1 WNB OMP Stocks in Urea,-80 Freezer / A Shelf / AA / AA2 / AA2-1 WNB OMP Stocks in Urea,Available,,,,,,,,,,,,,,,,,,,,,,,,,2615,-80 Freezer,5105,A Shelf,dyn-rack-1782413261908-0,AA,drawer-1786391575788-2,AA2,,,dyn-box-1782413261914-98,AA2-1 WNB OMP Stocks in Urea,,,NP00000284,A 2 Cys,3,6,63.6 µM,~1.5 mL,,2022-06-27,"tOmpA 2 Cys in 8M urea, 20 mM Tris pH 8, 2 mM TCEP",,,$,,Default,,,,,
,A 2 Cys,,Main Lab,1,vials,,,-80 Freezer / A Shelf / AA / AA2 / AA2-1 WNB OMP Stocks in Urea,-80 Freezer / A Shelf / AA / AA2 / AA2-1 WNB OMP Stocks in Urea,Available,,,,,,,,,,,,,,,,,,,,,,,,,2615,-80 Freezer,5105,A Shelf,dyn-rack-1782413261908-0,AA,drawer-1786391575788-2,AA2,,,dyn-box-1782413261914-98,AA2-1 WNB OMP Stocks in Urea,,,NP00000285,A 2 Cys,3,7,63.6 µM,~1.5 mL,,2022-06-27,"tOmpA 2 Cys in 8M urea, 20 mM Tris pH 8, 2 mM TCEP",,,$,,Default,,,,,
,A 2 Cys,,Main Lab,1,vials,,,-80 Freezer / A Shelf / AA / AA2 / AA2-1 WNB OMP Stocks in Urea,-80 Freezer / A Shelf / AA / AA2 / AA2-1 WNB OMP Stocks in Urea,Available,,,,,,,,,,,,,,,,,,,,,,,,,2615,-80 Freezer,5105,A Shelf,dyn-rack-1782413261908-0,AA,drawer-1786391575788-2,AA2,,,dyn-box-1782413261914-98,AA2-1 WNB OMP Stocks in Urea,,,NP00000286,A 2 Cys,3,8,63.6 µM,~1.5 mL,,2022-06-27,"tOmpA 2 Cys in 8M urea, 20 mM Tris pH 8, 2 mM TCEP",,,$,,Default,,,,,
,A V2,,Main Lab,1,vials,,,-80 Freezer / A Shelf / AA / AA2 / AA2-1 WNB OMP Stocks in Urea,-80 Freezer / A Shelf / AA / AA2 / AA2-1 WNB OMP Stocks in Urea,Available,,,,,,,,,,,,,,,,,,,,,,,,,2615,-80 Freezer,5105,A Shelf,dyn-rack-1782413261908-0,AA,drawer-1786391575788-2,AA2,,,dyn-box-1782413261914-98,AA2-1 WNB OMP Stocks in Urea,,,NP00000287,A V2,4,1,66.1 µM,~1.5 mL,,2022-06-27,"tOmpA 2 Cys V2 in 8M urea, 20 mM Tris pH 8, 2 mM TCEP",,,$,,Default,,,,,
,A V2,,Main Lab,1,vials,,,-80 Freezer / A Shelf / AA / AA2 / AA2-1 WNB OMP Stocks in Urea,-80 Freezer / A Shelf / AA / AA2 / AA2-1 WNB OMP Stocks in Urea,Available,,,,,,,,,,,,,,,,,,,,,,,,,2615,-80 Freezer,5105,A Shelf,dyn-rack-1782413261908-0,AA,drawer-1786391575788-2,AA2,,,dyn-box-1782413261914-98,AA2-1 WNB OMP Stocks in Urea,,,NP00000288,A V2,4,2,66.1 µM,~1.5 mL,,2022-06-27,"tOmpA 2 Cys V2 in 8M urea, 20 mM Tris pH 8, 2 mM TCEP",,,$,,Default,,,,,
,A V2,,Main Lab,1,vials,,,-80 Freezer / A Shelf / AA / AA2 / AA2-1 WNB OMP Stocks in Urea,-80 Freezer / A Shelf / AA / AA2 / AA2-1 WNB OMP Stocks in Urea,Available,,,,,,,,,,,,,,,,,,,,,,,,,2615,-80 Freezer,5105,A Shelf,dyn-rack-1782413261908-0,AA,drawer-1786391575788-2,AA2,,,dyn-box-1782413261914-98,AA2-1 WNB OMP Stocks in Urea,,,NP00000289,A V2,4,3,66.1 µM,~1.5 mL,,2022-06-27,"tOmpA 2 Cys V2 in 8M urea, 20 mM Tris pH 8, 2 mM TCEP",,,$,,Default,,,,,
,A V2,,Main Lab,1,vials,,,-80 Freezer / A Shelf / AA / AA2 / AA2-1 WNB OMP Stocks in Urea,-80 Freezer / A Shelf / AA / AA2 / AA2-1 WNB OMP Stocks in Urea,Available,,,,,,,,,,,,,,,,,,,,,,,,,2615,-80 Freezer,5105,A Shelf,dyn-rack-1782413261908-0,AA,drawer-1786391575788-2,AA2,,,dyn-box-1782413261914-98,AA2-1 WNB OMP Stocks in Urea,,,NP00000290,A V2,4,4,66.1 µM,~1.5 mL,,2022-06-27,"tOmpA 2 Cys V2 in 8M urea, 20 mM Tris pH 8, 2 mM TCEP",,,$,,Default,,,,,
,A V2,,Main Lab,1,vials,,,-80 Freezer / A Shelf / AA / AA2 / AA2-1 WNB OMP Stocks in Urea,-80 Freezer / A Shelf / AA / AA2 / AA2-1 WNB OMP Stocks in Urea,Available,,,,,,,,,,,,,,,,,,,,,,,,,2615,-80 Freezer,5105,A Shelf,dyn-rack-1782413261908-0,AA,drawer-1786391575788-2,AA2,,,dyn-box-1782413261914-98,AA2-1 WNB OMP Stocks in Urea,,,NP00000291,A V2,4,5,66.1 µM,~1.5 mL,,2022-06-27,"tOmpA 2 Cys V2 in 8M urea, 20 mM Tris pH 8, 2 mM TCEP",,,$,,Default,,,,,
,A V2,,Main Lab,1,vials,,,-80 Freezer / A Shelf / AA / AA2 / AA2-1 WNB OMP Stocks in Urea,-80 Freezer / A Shelf / AA / AA2 / AA2-1 WNB OMP Stocks in Urea,Available,,,,,,,,,,,,,,,,,,,,,,,,,2615,-80 Freezer,5105,A Shelf,dyn-rack-1782413261908-0,AA,drawer-1786391575788-2,AA2,,,dyn-box-1782413261914-98,AA2-1 WNB OMP Stocks in Urea,,,NP00000292,A V2,4,6,66.1 µM,~1.5 mL,,2022-06-27,"tOmpA 2 Cys V2 in 8M urea, 20 mM Tris pH 8, 2 mM TCEP",,,$,,Default,,,,,
,A V2,,Main Lab,1,vials,,,-80 Freezer / A Shelf / AA / AA2 / AA2-1 WNB OMP Stocks in Urea,-80 Freezer / A Shelf / AA / AA2 / AA2-1 WNB OMP Stocks in Urea,Available,,,,,,,,,,,,,,,,,,,,,,,,,2615,-80 Freezer,5105,A Shelf,dyn-rack-1782413261908-0,AA,drawer-1786391575788-2,AA2,,,dyn-box-1782413261914-98,AA2-1 WNB OMP Stocks in Urea,,,NP00000293,A V2,4,7,66.1 µM,~1.5 mL,,2022-06-27,"tOmpA 2 Cys V2 in 8M urea, 20 mM Tris pH 8, 2 mM TCEP",,,$,,Default,,,,,
,A V2,,Main Lab,1,vials,,,-80 Freezer / A Shelf / AA / AA2 / AA2-1 WNB OMP Stocks in Urea,-80 Freezer / A Shelf / AA / AA2 / AA2-1 WNB OMP Stocks in Urea,Available,,,,,,,,,,,,,,,,,,,,,,,,,2615,-80 Freezer,5105,A Shelf,dyn-rack-1782413261908-0,AA,drawer-1786391575788-2,AA2,,,dyn-box-1782413261914-98,AA2-1 WNB OMP Stocks in Urea,,,NP00000294,A V2,4,8,66.1 µM,~1.5 mL,,2022-06-27,"tOmpA 2 Cys V2 in 8M urea, 20 mM Tris pH 8, 2 mM TCEP",,,$,,Default,,,,,
,A V2,,Main Lab,1,vials,,,-80 Freezer / A Shelf / AA / AA2 / AA2-1 WNB OMP Stocks in Urea,-80 Freezer / A Shelf / AA / AA2 / AA2-1 WNB OMP Stocks in Urea,Available,,,,,,,,,,,,,,,,,,,,,,,,,2615,-80 Freezer,5105,A Shelf,dyn-rack-1782413261908-0,AA,drawer-1786391575788-2,AA2,,,dyn-box-1782413261914-98,AA2-1 WNB OMP Stocks in Urea,,,NP00000295,A V2,4,9,66.1 µM,~1.5 mL,,2022-06-27,"tOmpA 2 Cys V2 in 8M urea, 20 mM Tris pH 8, 2 mM TCEP",,,$,,Default,,,,,
,A V2,,Main Lab,1,vials,,,-80 Freezer / A Shelf / AA / AA2 / AA2-1 WNB OMP Stocks in Urea,-80 Freezer / A Shelf / AA / AA2 / AA2-1 WNB OMP Stocks in Urea,Available,,,,,,,,,,,,,,,,,,,,,,,,,2615,-80 Freezer,5105,A Shelf,dyn-rack-1782413261908-0,AA,drawer-1786391575788-2,AA2,,,dyn-box-1782413261914-98,AA2-1 WNB OMP Stocks in Urea,,,NP00000296,A V2,5,1,66.1 µM,~1.5 mL,,2022-06-27,"tOmpA 2 Cys V2 in 8M urea, 20 mM Tris pH 8, 2 mM TCEP",,,$,,Default,,,,,
,A V2,,Main Lab,1,vials,,,-80 Freezer / A Shelf / AA / AA2 / AA2-1 WNB OMP Stocks in Urea,-80 Freezer / A Shelf / AA / AA2 / AA2-1 WNB OMP Stocks in Urea,Available,,,,,,,,,,,,,,,,,,,,,,,,,2615,-80 Freezer,5105,A Shelf,dyn-rack-1782413261908-0,AA,drawer-1786391575788-2,AA2,,,dyn-box-1782413261914-98,AA2-1 WNB OMP Stocks in Urea,,,NP00000297,A V2,5,2,66.1 µM,~1.5 mL,,2022-06-27,"tOmpA 2 Cys V2 in 8M urea, 20 mM Tris pH 8, 2 mM TCEP",,,$,,Default,,,,,
,A V3,,Main Lab,1,vials,,,-80 Freezer / A Shelf / AA / AA2 / AA2-1 WNB OMP Stocks in Urea,-80 Freezer / A Shelf / AA / AA2 / AA2-1 WNB OMP Stocks in Urea,Available,,,,,,,,,,,,,,,,,,,,,,,,,2615,-80 Freezer,5105,A Shelf,dyn-rack-1782413261908-0,AA,drawer-1786391575788-2,AA2,,,dyn-box-1782413261914-98,AA2-1 WNB OMP Stocks in Urea,,,NP00000298,A V3,5,4,58.9 µM,~1.5 mL,,2022-06-28,"tOmpA 2 Cys V3 in 8M urea, 20 mM Tris pH 8, 2 mM TCEP",,,$,,Default,,,,,
,A V3,,Main Lab,1,vials,,,-80 Freezer / A Shelf / AA / AA2 / AA2-1 WNB OMP Stocks in Urea,-80 Freezer / A Shelf / AA / AA2 / AA2-1 WNB OMP Stocks in Urea,Available,,,,,,,,,,,,,,,,,,,,,,,,,2615,-80 Freezer,5105,A Shelf,dyn-rack-1782413261908-0,AA,drawer-1786391575788-2,AA2,,,dyn-box-1782413261914-98,AA2-1 WNB OMP Stocks in Urea,,,NP00000299,A V3,5,5,58.9 µM,~1.5 mL,,2022-06-28,"tOmpA 2 Cys V3 in 8M urea, 20 mM Tris pH 8, 2 mM TCEP",,,$,,Default,,,,,
,A V3,,Main Lab,1,vials,,,-80 Freezer / A Shelf / AA / AA2 / AA2-1 WNB OMP Stocks in Urea,-80 Freezer / A Shelf / AA / AA2 / AA2-1 WNB OMP Stocks in Urea,Available,,,,,,,,,,,,,,,,,,,,,,,,,2615,-80 Freezer,5105,A Shelf,dyn-rack-1782413261908-0,AA,drawer-1786391575788-2,AA2,,,dyn-box-1782413261914-98,AA2-1 WNB OMP Stocks in Urea,,,NP00000300,A V3,5,6,58.9 µM,~1.5 mL,,2022-06-28,"tOmpA 2 Cys V3 in 8M urea, 20 mM Tris pH 8, 2 mM TCEP",,,$,,Default,,,,,
,A V3,,Main Lab,1,vials,,,-80 Freezer / A Shelf / AA / AA2 / AA2-1 WNB OMP Stocks in Urea,-80 Freezer / A Shelf / AA / AA2 / AA2-1 WNB OMP Stocks in Urea,Available,,,,,,,,,,,,,,,,,,,,,,,,,2615,-80 Freezer,5105,A Shelf,dyn-rack-1782413261908-0,AA,drawer-1786391575788-2,AA2,,,dyn-box-1782413261914-98,AA2-1 WNB OMP Stocks in Urea,,,NP00000301,A V3,5,7,58.9 µM,~1.5 mL,,2022-06-28,"tOmpA 2 Cys V3 in 8M urea, 20 mM Tris pH 8, 2 mM TCEP",,,$,,Default,,,,,
,A V3,,Main Lab,1,vials,,,-80 Freezer / A Shelf / AA / AA2 / AA2-1 WNB OMP Stocks in Urea,-80 Freezer / A Shelf / AA / AA2 / AA2-1 WNB OMP Stocks in Urea,Available,,,,,,,,,,,,,,,,,,,,,,,,,2615,-80 Freezer,5105,A Shelf,dyn-rack-1782413261908-0,AA,drawer-1786391575788-2,AA2,,,dyn-box-1782413261914-98,AA2-1 WNB OMP Stocks in Urea,,,NP00000302,A V3,5,8,58.9 µM,~1.5 mL,,2022-06-28,"tOmpA 2 Cys V3 in 8M urea, 20 mM Tris pH 8, 2 mM TCEP",,,$,,Default,,,,,
,A V3,,Main Lab,1,vials,,,-80 Freezer / A Shelf / AA / AA2 / AA2-1 WNB OMP Stocks in Urea,-80 Freezer / A Shelf / AA / AA2 / AA2-1 WNB OMP Stocks in Urea,Available,,,,,,,,,,,,,,,,,,,,,,,,,2615,-80 Freezer,5105,A Shelf,dyn-rack-1782413261908-0,AA,drawer-1786391575788-2,AA2,,,dyn-box-1782413261914-98,AA2-1 WNB OMP Stocks in Urea,,,NP00000303,A V3,5,9,58.9 µM,~1.5 mL,,2022-06-28,"tOmpA 2 Cys V3 in 8M urea, 20 mM Tris pH 8, 2 mM TCEP",,,$,,Default,,,,,
,A V3,,Main Lab,1,vials,,,-80 Freezer / A Shelf / AA / AA2 / AA2-1 WNB OMP Stocks in Urea,-80 Freezer / A Shelf / AA / AA2 / AA2-1 WNB OMP Stocks in Urea,Available,,,,,,,,,,,,,,,,,,,,,,,,,2615,-80 Freezer,5105,A Shelf,dyn-rack-1782413261908-0,AA,drawer-1786391575788-2,AA2,,,dyn-box-1782413261914-98,AA2-1 WNB OMP Stocks in Urea,,,NP00000304,A V3,6,1,58.9 µM,~1.5 mL,,2022-06-28,"tOmpA 2 Cys V3 in 8M urea, 20 mM Tris pH 8, 2 mM TCEP",,,$,,Default,,,,,
,A V3,,Main Lab,1,vials,,,-80 Freezer / A Shelf / AA / AA2 / AA2-1 WNB OMP Stocks in Urea,-80 Freezer / A Shelf / AA / AA2 / AA2-1 WNB OMP Stocks in Urea,Available,,,,,,,,,,,,,,,,,,,,,,,,,2615,-80 Freezer,5105,A Shelf,dyn-rack-1782413261908-0,AA,drawer-1786391575788-2,AA2,,,dyn-box-1782413261914-98,AA2-1 WNB OMP Stocks in Urea,,,NP00000305,A V3,6,2,58.9 µM,~1.5 mL,,2022-06-28,"tOmpA 2 Cys V3 in 8M urea, 20 mM Tris pH 8, 2 mM TCEP",,,$,,Default,,,,,
,A V3,,Main Lab,1,vials,,,-80 Freezer / A Shelf / AA / AA2 / AA2-1 WNB OMP Stocks in Urea,-80 Freezer / A Shelf / AA / AA2 / AA2-1 WNB OMP Stocks in Urea,Available,,,,,,,,,,,,,,,,,,,,,,,,,2615,-80 Freezer,5105,A Shelf,dyn-rack-1782413261908-0,AA,drawer-1786391575788-2,AA2,,,dyn-box-1782413261914-98,AA2-1 WNB OMP Stocks in Urea,,,NP00000306,A V3,6,3,58.9 µM,~1.5 mL,,2022-06-28,"tOmpA 2 Cys V3 in 8M urea, 20 mM Tris pH 8, 2 mM TCEP",,,$,,Default,,,,,
,760,,Main Lab,1,vials,,,-80 Freezer / A Shelf / AA / AA2 / AA2-1 WNB OMP Stocks in Urea,-80 Freezer / A Shelf / AA / AA2 / AA2-1 WNB OMP Stocks in Urea,Available,,,,,,,,,,,,,,,,,,,,,,,,,2615,-80 Freezer,5105,A Shelf,dyn-rack-1782413261908-0,AA,drawer-1786391575788-2,AA2,,,dyn-box-1782413261914-98,AA2-1 WNB OMP Stocks in Urea,,,NP00000307,760,6,5,72 µM,~1.5 mL,,2022-06-07,"tOmpA (from pMS 760) in 8M urea, 20 mM Tris pH 8, 2 mM TCEP",,,$,,Default,,,,,
,760,,Main Lab,1,vials,,,-80 Freezer / A Shelf / AA / AA2 / AA2-1 WNB OMP Stocks in Urea,-80 Freezer / A Shelf / AA / AA2 / AA2-1 WNB OMP Stocks in Urea,Available,,,,,,,,,,,,,,,,,,,,,,,,,2615,-80 Freezer,5105,A Shelf,dyn-rack-1782413261908-0,AA,drawer-1786391575788-2,AA2,,,dyn-box-1782413261914-98,AA2-1 WNB OMP Stocks in Urea,,,NP00000308,760,6,6,72 µM,~1.5 mL,,2022-06-07,"tOmpA (from pMS 760) in 8M urea, 20 mM Tris pH 8, 2 mM TCEP",,,$,,Default,,,,,
,760,,Main Lab,1,vials,,,-80 Freezer / A Shelf / AA / AA2 / AA2-1 WNB OMP Stocks in Urea,-80 Freezer / A Shelf / AA / AA2 / AA2-1 WNB OMP Stocks in Urea,Available,,,,,,,,,,,,,,,,,,,,,,,,,2615,-80 Freezer,5105,A Shelf,dyn-rack-1782413261908-0,AA,drawer-1786391575788-2,AA2,,,dyn-box-1782413261914-98,AA2-1 WNB OMP Stocks in Urea,,,NP00000309,760,6,7,72 µM,~1.5 mL,,2022-06-07,"tOmpA (from pMS 760) in 8M urea, 20 mM Tris pH 8, 2 mM TCEP",,,$,,Default,,,,,
,760,,Main Lab,1,vials,,,-80 Freezer / A Shelf / AA / AA2 / AA2-1 WNB OMP Stocks in Urea,-80 Freezer / A Shelf / AA / AA2 / AA2-1 WNB OMP Stocks in Urea,Available,,,,,,,,,,,,,,,,,,,,,,,,,2615,-80 Freezer,5105,A Shelf,dyn-rack-1782413261908-0,AA,drawer-1786391575788-2,AA2,,,dyn-box-1782413261914-98,AA2-1 WNB OMP Stocks in Urea,,,NP00000310,760,6,8,72 µM,~1.5 mL,,2022-06-07,"tOmpA (from pMS 760) in 8M urea, 20 mM Tris pH 8, 2 mM TCEP",,,$,,Default,,,,,
,760,,Main Lab,1,vials,,,-80 Freezer / A Shelf / AA / AA2 / AA2-1 WNB OMP Stocks in Urea,-80 Freezer / A Shelf / AA / AA2 / AA2-1 WNB OMP Stocks in Urea,Available,,,,,,,,,,,,,,,,,,,,,,,,,2615,-80 Freezer,5105,A Shelf,dyn-rack-1782413261908-0,AA,drawer-1786391575788-2,AA2,,,dyn-box-1782413261914-98,AA2-1 WNB OMP Stocks in Urea,,,NP00000311,760,6,9,72 µM,~1.5 mL,,2022-06-07,"tOmpA (from pMS 760) in 8M urea, 20 mM Tris pH 8, 2 mM TCEP",,,$,,Default,,,,,
,760,,Main Lab,1,vials,,,-80 Freezer / A Shelf / AA / AA2 / AA2-1 WNB OMP Stocks in Urea,-80 Freezer / A Shelf / AA / AA2 / AA2-1 WNB OMP Stocks in Urea,Available,,,,,,,,,,,,,,,,,,,,,,,,,2615,-80 Freezer,5105,A Shelf,dyn-rack-1782413261908-0,AA,drawer-1786391575788-2,AA2,,,dyn-box-1782413261914-98,AA2-1 WNB OMP Stocks in Urea,,,NP00000312,760,7,1,72 µM,~1.5 mL,,2022-06-07,"tOmpA (from pMS 760) in 8M urea, 20 mM Tris pH 8, 2 mM TCEP",,,$,,Default,,,,,
,760,,Main Lab,1,vials,,,-80 Freezer / A Shelf / AA / AA2 / AA2-1 WNB OMP Stocks in Urea,-80 Freezer / A Shelf / AA / AA2 / AA2-1 WNB OMP Stocks in Urea,Available,,,,,,,,,,,,,,,,,,,,,,,,,2615,-80 Freezer,5105,A Shelf,dyn-rack-1782413261908-0,AA,drawer-1786391575788-2,AA2,,,dyn-box-1782413261914-98,AA2-1 WNB OMP Stocks in Urea,,,NP00000313,760,7,2,72 µM,~1.5 mL,,2022-06-07,"tOmpA (from pMS 760) in 8M urea, 20 mM Tris pH 8, 2 mM TCEP",,,$,,Default,,,,,
,760,,Main Lab,1,vials,,,-80 Freezer / A Shelf / AA / AA2 / AA2-1 WNB OMP Stocks in Urea,-80 Freezer / A Shelf / AA / AA2 / AA2-1 WNB OMP Stocks in Urea,Available,,,,,,,,,,,,,,,,,,,,,,,,,2615,-80 Freezer,5105,A Shelf,dyn-rack-1782413261908-0,AA,drawer-1786391575788-2,AA2,,,dyn-box-1782413261914-98,AA2-1 WNB OMP Stocks in Urea,,,NP00000314,760,7,3,72 µM,~1.5 mL,,2022-06-07,"tOmpA (from pMS 760) in 8M urea, 20 mM Tris pH 8, 2 mM TCEP",,,$,,Default,,,,,
,755,,Main Lab,1,vials,,,-80 Freezer / A Shelf / AA / AA2 / AA2-1 WNB OMP Stocks in Urea,-80 Freezer / A Shelf / AA / AA2 / AA2-1 WNB OMP Stocks in Urea,Available,,,,,,,,,,,,,,,,,,,,,,,,,2615,-80 Freezer,5105,A Shelf,dyn-rack-1782413261908-0,AA,drawer-1786391575788-2,AA2,,,dyn-box-1782413261914-98,AA2-1 WNB OMP Stocks in Urea,,,NP00000315,755,7,5,67.4 µM,~1.5 mL,,2022-06-07,"tOmpA 1 Cys N-term (from pMS 755) in 8M urea, 20 mM Tris pH 8, 2 mM TCEP",,,$,,Default,,,,,
,755,,Main Lab,1,vials,,,-80 Freezer / A Shelf / AA / AA2 / AA2-1 WNB OMP Stocks in Urea,-80 Freezer / A Shelf / AA / AA2 / AA2-1 WNB OMP Stocks in Urea,Available,,,,,,,,,,,,,,,,,,,,,,,,,2615,-80 Freezer,5105,A Shelf,dyn-rack-1782413261908-0,AA,drawer-1786391575788-2,AA2,,,dyn-box-1782413261914-98,AA2-1 WNB OMP Stocks in Urea,,,NP00000316,755,7,6,67.4 µM,~1.5 mL,,2022-06-07,"tOmpA 1 Cys N-term (from pMS 755) in 8M urea, 20 mM Tris pH 8, 2 mM TCEP",,,$,,Default,,,,,
,755,,Main Lab,1,vials,,,-80 Freezer / A Shelf / AA / AA2 / AA2-1 WNB OMP Stocks in Urea,-80 Freezer / A Shelf / AA / AA2 / AA2-1 WNB OMP Stocks in Urea,Available,,,,,,,,,,,,,,,,,,,,,,,,,2615,-80 Freezer,5105,A Shelf,dyn-rack-1782413261908-0,AA,drawer-1786391575788-2,AA2,,,dyn-box-1782413261914-98,AA2-1 WNB OMP Stocks in Urea,,,NP00000317,755,7,7,67.4 µM,~1.5 mL,,2022-06-07,"tOmpA 1 Cys N-term (from pMS 755) in 8M urea, 20 mM Tris pH 8, 2 mM TCEP",,,$,,Default,,,,,
,758,,Main Lab,1,vials,,,-80 Freezer / A Shelf / AA / AA2 / AA2-1 WNB OMP Stocks in Urea,-80 Freezer / A Shelf / AA / AA2 / AA2-1 WNB OMP Stocks in Urea,Available,,,,,,,,,,,,,,,,,,,,,,,,,2615,-80 Freezer,5105,A Shelf,dyn-rack-1782413261908-0,AA,drawer-1786391575788-2,AA2,,,dyn-box-1782413261914-98,AA2-1 WNB OMP Stocks in Urea,,,NP00000318,758,8,1,76.8 µM,~1.5 mL,,2022-06-08,"tOmpA 1 Cys N-term V2 (from pMS 758) in 8M urea, 20 mM Tris pH 8, 2 mM TCEP",,,$,,Default,,,,,
,758,,Main Lab,1,vials,,,-80 Freezer / A Shelf / AA / AA2 / AA2-1 WNB OMP Stocks in Urea,-80 Freezer / A Shelf / AA / AA2 / AA2-1 WNB OMP Stocks in Urea,Available,,,,,,,,,,,,,,,,,,,,,,,,,2615,-80 Freezer,5105,A Shelf,dyn-rack-1782413261908-0,AA,drawer-1786391575788-2,AA2,,,dyn-box-1782413261914-98,AA2-1 WNB OMP Stocks in Urea,,,NP00000319,758,8,2,76.8 µM,~1.5 mL,,2022-06-08,"tOmpA 1 Cys N-term V2 (from pMS 758) in 8M urea, 20 mM Tris pH 8, 2 mM TCEP",,,$,,Default,,,,,
,758,,Main Lab,1,vials,,,-80 Freezer / A Shelf / AA / AA2 / AA2-1 WNB OMP Stocks in Urea,-80 Freezer / A Shelf / AA / AA2 / AA2-1 WNB OMP Stocks in Urea,Available,,,,,,,,,,,,,,,,,,,,,,,,,2615,-80 Freezer,5105,A Shelf,dyn-rack-1782413261908-0,AA,drawer-1786391575788-2,AA2,,,dyn-box-1782413261914-98,AA2-1 WNB OMP Stocks in Urea,,,NP00000320,758,8,3,76.8 µM,~1.5 mL,,2022-06-08,"tOmpA 1 Cys N-term V2 (from pMS 758) in 8M urea, 20 mM Tris pH 8, 2 mM TCEP",,,$,,Default,,,,,
,758,,Main Lab,1,vials,,,-80 Freezer / A Shelf / AA / AA2 / AA2-1 WNB OMP Stocks in Urea,-80 Freezer / A Shelf / AA / AA2 / AA2-1 WNB OMP Stocks in Urea,Available,,,,,,,,,,,,,,,,,,,,,,,,,2615,-80 Freezer,5105,A Shelf,dyn-rack-1782413261908-0,AA,drawer-1786391575788-2,AA2,,,dyn-box-1782413261914-98,AA2-1 WNB OMP Stocks in Urea,,,NP00000321,758,8,4,76.8 µM,~1.5 mL,,2022-06-08,"tOmpA 1 Cys N-term V2 (from pMS 758) in 8M urea, 20 mM Tris pH 8, 2 mM TCEP",,,$,,Default,,,,,
,758,,Main Lab,1,vials,,,-80 Freezer / A Shelf / AA / AA2 / AA2-1 WNB OMP Stocks in Urea,-80 Freezer / A Shelf / AA / AA2 / AA2-1 WNB OMP Stocks in Urea,Available,,,,,,,,,,,,,,,,,,,,,,,,,2615,-80 Freezer,5105,A Shelf,dyn-rack-1782413261908-0,AA,drawer-1786391575788-2,AA2,,,dyn-box-1782413261914-98,AA2-1 WNB OMP Stocks in Urea,,,NP00000322,758,8,5,76.8 µM,~1.5 mL,,2022-06-08,"tOmpA 1 Cys N-term V2 (from pMS 758) in 8M urea, 20 mM Tris pH 8, 2 mM TCEP",,,$,,Default,,,,,
,758,,Main Lab,1,vials,,,-80 Freezer / A Shelf / AA / AA2 / AA2-1 WNB OMP Stocks in Urea,-80 Freezer / A Shelf / AA / AA2 / AA2-1 WNB OMP Stocks in Urea,Available,,,,,,,,,,,,,,,,,,,,,,,,,2615,-80 Freezer,5105,A Shelf,dyn-rack-1782413261908-0,AA,drawer-1786391575788-2,AA2,,,dyn-box-1782413261914-98,AA2-1 WNB OMP Stocks in Urea,,,NP00000323,758,8,6,76.8 µM,~1.5 mL,,2022-06-08,"tOmpA 1 Cys N-term V2 (from pMS 758) in 8M urea, 20 mM Tris pH 8, 2 mM TCEP",,,$,,Default,,,,,
,758,,Main Lab,1,vials,,,-80 Freezer / A Shelf / AA / AA2 / AA2-1 WNB OMP Stocks in Urea,-80 Freezer / A Shelf / AA / AA2 / AA2-1 WNB OMP Stocks in Urea,Available,,,,,,,,,,,,,,,,,,,,,,,,,2615,-80 Freezer,5105,A Shelf,dyn-rack-1782413261908-0,AA,drawer-1786391575788-2,AA2,,,dyn-box-1782413261914-98,AA2-1 WNB OMP Stocks in Urea,,,NP00000324,758,8,7,76.8 µM,~1.5 mL,,2022-06-08,"tOmpA 1 Cys N-term V2 (from pMS 758) in 8M urea, 20 mM Tris pH 8, 2 mM TCEP",,,$,,Default,,,,,
,758,,Main Lab,1,vials,,,-80 Freezer / A Shelf / AA / AA2 / AA2-1 WNB OMP Stocks in Urea,-80 Freezer / A Shelf / AA / AA2 / AA2-1 WNB OMP Stocks in Urea,Available,,,,,,,,,,,,,,,,,,,,,,,,,2615,-80 Freezer,5105,A Shelf,dyn-rack-1782413261908-0,AA,drawer-1786391575788-2,AA2,,,dyn-box-1782413261914-98,AA2-1 WNB OMP Stocks in Urea,,,NP00000325,758,8,8,76.8 µM,~1.5 mL,,2022-06-08,"tOmpA 1 Cys N-term V2 (from pMS 758) in 8M urea, 20 mM Tris pH 8, 2 mM TCEP",,,$,,Default,,,,,
,V3N,,Main Lab,1,vials,,,-80 Freezer / A Shelf / AA / AA2-4 WNB OmpG Mutants #3,-80 Freezer / A Shelf / AA / AA2-4 WNB OmpG Mutants #3,Available,,,,,,,,,,,,,,,,,,,,,,,,,2615,-80 Freezer,5105,A Shelf,dyn-rack-1782413261908-0,AA,,,,,dyn-box-1782413261922-243,AA2-4 WNB OmpG Mutants #3,,,NP00000326,V3N,1,2,65.3 µM,60 µL,,2021-09-21,"OmpG 2 Cys V3 N-term in 8M urea, 20 mM Tris pH 8, 2 mM TCEP",,,$,,Default,,,,,
,V3N,,Main Lab,1,vials,,,-80 Freezer / A Shelf / AA / AA2-4 WNB OmpG Mutants #3,-80 Freezer / A Shelf / AA / AA2-4 WNB OmpG Mutants #3,Available,,,,,,,,,,,,,,,,,,,,,,,,,2615,-80 Freezer,5105,A Shelf,dyn-rack-1782413261908-0,AA,,,,,dyn-box-1782413261922-243,AA2-4 WNB OmpG Mutants #3,,,NP00000327,V3N,1,3,65.3 µM,60 µL,,2021-09-21,"OmpG 2 Cys V3 N-term in 8M urea, 20 mM Tris pH 8, 2 mM TCEP",,,$,,Default,,,,,
,V3N,,Main Lab,1,vials,,,-80 Freezer / A Shelf / AA / AA2-4 WNB OmpG Mutants #3,-80 Freezer / A Shelf / AA / AA2-4 WNB OmpG Mutants #3,Available,,,,,,,,,,,,,,,,,,,,,,,,,2615,-80 Freezer,5105,A Shelf,dyn-rack-1782413261908-0,AA,,,,,dyn-box-1782413261922-243,AA2-4 WNB OmpG Mutants #3,,,NP00000328,V3N,1,4,65.3 µM,60 µL,,2021-09-21,"OmpG 2 Cys V3 N-term in 8M urea, 20 mM Tris pH 8, 2 mM TCEP",,,$,,Default,,,,,
,V3N,,Main Lab,1,vials,,,-80 Freezer / A Shelf / AA / AA2-4 WNB OmpG Mutants #3,-80 Freezer / A Shelf / AA / AA2-4 WNB OmpG Mutants #3,Available,,,,,,,,,,,,,,,,,,,,,,,,,2615,-80 Freezer,5105,A Shelf,dyn-rack-1782413261908-0,AA,,,,,dyn-box-1782413261922-243,AA2-4 WNB OmpG Mutants #3,,,NP00000329,V3N,1,5,65.3 µM,60 µL,,2021-09-21,"OmpG 2 Cys V3 N-term in 8M urea, 20 mM Tris pH 8, 2 mM TCEP",,,$,,Default,,,,,
,V3N,,Main Lab,1,vials,,,-80 Freezer / A Shelf / AA / AA2-4 WNB OmpG Mutants #3,-80 Freezer / A Shelf / AA / AA2-4 WNB OmpG Mutants #3,Available,,,,,,,,,,,,,,,,,,,,,,,,,2615,-80 Freezer,5105,A Shelf,dyn-rack-1782413261908-0,AA,,,,,dyn-box-1782413261922-243,AA2-4 WNB OmpG Mutants #3,,,NP00000330,V3N,1,6,65.3 µM,60 µL,,2021-09-21,"OmpG 2 Cys V3 N-term in 8M urea, 20 mM Tris pH 8, 2 mM TCEP",,,$,,Default,,,,,
,V3N,,Main Lab,1,vials,,,-80 Freezer / A Shelf / AA / AA2-4 WNB OmpG Mutants #3,-80 Freezer / A Shelf / AA / AA2-4 WNB OmpG Mutants #3,Available,,,,,,,,,,,,,,,,,,,,,,,,,2615,-80 Freezer,5105,A Shelf,dyn-rack-1782413261908-0,AA,,,,,dyn-box-1782413261922-243,AA2-4 WNB OmpG Mutants #3,,,NP00000331,V3N,1,7,65.3 µM,60 µL,,2021-09-21,"OmpG 2 Cys V3 N-term in 8M urea, 20 mM Tris pH 8, 2 mM TCEP",,,$,,Default,,,,,
,V3N,,Main Lab,1,vials,,,-80 Freezer / A Shelf / AA / AA2-4 WNB OmpG Mutants #3,-80 Freezer / A Shelf / AA / AA2-4 WNB OmpG Mutants #3,Available,,,,,,,,,,,,,,,,,,,,,,,,,2615,-80 Freezer,5105,A Shelf,dyn-rack-1782413261908-0,AA,,,,,dyn-box-1782413261922-243,AA2-4 WNB OmpG Mutants #3,,,NP00000332,V3N,1,8,65.3 µM,60 µL,,2021-09-21,"OmpG 2 Cys V3 N-term in 8M urea, 20 mM Tris pH 8, 2 mM TCEP",,,$,,Default,,,,,
,V3N,,Main Lab,1,vials,,,-80 Freezer / A Shelf / AA / AA2-4 WNB OmpG Mutants #3,-80 Freezer / A Shelf / AA / AA2-4 WNB OmpG Mutants #3,Available,,,,,,,,,,,,,,,,,,,,,,,,,2615,-80 Freezer,5105,A Shelf,dyn-rack-1782413261908-0,AA,,,,,dyn-box-1782413261922-243,AA2-4 WNB OmpG Mutants #3,,,NP00000333,V3N,2,2,65.3 µM,60 µL,,2021-09-21,"OmpG 2 Cys V3 N-term in 8M urea, 20 mM Tris pH 8, 2 mM TCEP",,,$,,Default,,,,,
,V3N,,Main Lab,1,vials,,,-80 Freezer / A Shelf / AA / AA2-4 WNB OmpG Mutants #3,-80 Freezer / A Shelf / AA / AA2-4 WNB OmpG Mutants #3,Available,,,,,,,,,,,,,,,,,,,,,,,,,2615,-80 Freezer,5105,A Shelf,dyn-rack-1782413261908-0,AA,,,,,dyn-box-1782413261922-243,AA2-4 WNB OmpG Mutants #3,,,NP00000334,V3N,2,3,65.3 µM,60 µL,,2021-09-21,"OmpG 2 Cys V3 N-term in 8M urea, 20 mM Tris pH 8, 2 mM TCEP",,,$,,Default,,,,,
,V3N,,Main Lab,1,vials,,,-80 Freezer / A Shelf / AA / AA2-4 WNB OmpG Mutants #3,-80 Freezer / A Shelf / AA / AA2-4 WNB OmpG Mutants #3,Available,,,,,,,,,,,,,,,,,,,,,,,,,2615,-80 Freezer,5105,A Shelf,dyn-rack-1782413261908-0,AA,,,,,dyn-box-1782413261922-243,AA2-4 WNB OmpG Mutants #3,,,NP00000335,V3N,2,4,65.3 µM,60 µL,,2021-09-21,"OmpG 2 Cys V3 N-term in 8M urea, 20 mM Tris pH 8, 2 mM TCEP",,,$,,Default,,,,,
,V3N,,Main Lab,1,vials,,,-80 Freezer / A Shelf / AA / AA2-4 WNB OmpG Mutants #3,-80 Freezer / A Shelf / AA / AA2-4 WNB OmpG Mutants #3,Available,,,,,,,,,,,,,,,,,,,,,,,,,2615,-80 Freezer,5105,A Shelf,dyn-rack-1782413261908-0,AA,,,,,dyn-box-1782413261922-243,AA2-4 WNB OmpG Mutants #3,,,NP00000336,V3N,2,5,65.3 µM,60 µL,,2021-09-21,"OmpG 2 Cys V3 N-term in 8M urea, 20 mM Tris pH 8, 2 mM TCEP",,,$,,Default,,,,,
,V3N,,Main Lab,1,vials,,,-80 Freezer / A Shelf / AA / AA2-4 WNB OmpG Mutants #3,-80 Freezer / A Shelf / AA / AA2-4 WNB OmpG Mutants #3,Available,,,,,,,,,,,,,,,,,,,,,,,,,2615,-80 Freezer,5105,A Shelf,dyn-rack-1782413261908-0,AA,,,,,dyn-box-1782413261922-243,AA2-4 WNB OmpG Mutants #3,,,NP00000337,V3N,2,6,65.3 µM,60 µL,,2021-09-21,"OmpG 2 Cys V3 N-term in 8M urea, 20 mM Tris pH 8, 2 mM TCEP",,,$,,Default,,,,,
,V3N,,Main Lab,1,vials,,,-80 Freezer / A Shelf / AA / AA2-4 WNB OmpG Mutants #3,-80 Freezer / A Shelf / AA / AA2-4 WNB OmpG Mutants #3,Available,,,,,,,,,,,,,,,,,,,,,,,,,2615,-80 Freezer,5105,A Shelf,dyn-rack-1782413261908-0,AA,,,,,dyn-box-1782413261922-243,AA2-4 WNB OmpG Mutants #3,,,NP00000338,V3N,2,7,65.3 µM,60 µL,,2021-09-21,"OmpG 2 Cys V3 N-term in 8M urea, 20 mM Tris pH 8, 2 mM TCEP",,,$,,Default,,,,,
,V3N,,Main Lab,1,vials,,,-80 Freezer / A Shelf / AA / AA2-4 WNB OmpG Mutants #3,-80 Freezer / A Shelf / AA / AA2-4 WNB OmpG Mutants #3,Available,,,,,,,,,,,,,,,,,,,,,,,,,2615,-80 Freezer,5105,A Shelf,dyn-rack-1782413261908-0,AA,,,,,dyn-box-1782413261922-243,AA2-4 WNB OmpG Mutants #3,,,NP00000339,V3N,2,8,65.3 µM,60 µL,,2021-09-21,"OmpG 2 Cys V3 N-term in 8M urea, 20 mM Tris pH 8, 2 mM TCEP",,,$,,Default,,,,,
,V3N,,Main Lab,1,vials,,,-80 Freezer / A Shelf / AA / AA2-4 WNB OmpG Mutants #3,-80 Freezer / A Shelf / AA / AA2-4 WNB OmpG Mutants #3,Available,,,,,,,,,,,,,,,,,,,,,,,,,2615,-80 Freezer,5105,A Shelf,dyn-rack-1782413261908-0,AA,,,,,dyn-box-1782413261922-243,AA2-4 WNB OmpG Mutants #3,,,NP00000340,V3N,3,2,65.3 µM,60 µL,,2021-09-21,"OmpG 2 Cys V3 N-term in 8M urea, 20 mM Tris pH 8, 2 mM TCEP",,,$,,Default,,,,,
,V3N,,Main Lab,1,vials,,,-80 Freezer / A Shelf / AA / AA2-4 WNB OmpG Mutants #3,-80 Freezer / A Shelf / AA / AA2-4 WNB OmpG Mutants #3,Available,,,,,,,,,,,,,,,,,,,,,,,,,2615,-80 Freezer,5105,A Shelf,dyn-rack-1782413261908-0,AA,,,,,dyn-box-1782413261922-243,AA2-4 WNB OmpG Mutants #3,,,NP00000341,V3N,1,9,65.3 µM,60 µL,,2021-09-21,"OmpG 2 Cys V3 N-term in 8M urea, 20 mM Tris pH 8, 2 mM TCEP",,,$,,Default,,,,,
,V3N,,Main Lab,1,vials,,,-80 Freezer / A Shelf / AA / AA2-4 WNB OmpG Mutants #3,-80 Freezer / A Shelf / AA / AA2-4 WNB OmpG Mutants #3,Available,,,,,,,,,,,,,,,,,,,,,,,,,2615,-80 Freezer,5105,A Shelf,dyn-rack-1782413261908-0,AA,,,,,dyn-box-1782413261922-243,AA2-4 WNB OmpG Mutants #3,,,NP00000342,V3N,3,3,65.3 µM,60 µL,,2021-09-21,"OmpG 2 Cys V3 N-term in 8M urea, 20 mM Tris pH 8, 2 mM TCEP",,,$,,Default,,,,,
,V3N,,Main Lab,1,vials,,,-80 Freezer / A Shelf / AA / AA2-4 WNB OmpG Mutants #3,-80 Freezer / A Shelf / AA / AA2-4 WNB OmpG Mutants #3,Available,,,,,,,,,,,,,,,,,,,,,,,,,2615,-80 Freezer,5105,A Shelf,dyn-rack-1782413261908-0,AA,,,,,dyn-box-1782413261922-243,AA2-4 WNB OmpG Mutants #3,,,NP00000343,V3N,2,9,65.3 µM,60 µL,,2021-09-21,"OmpG 2 Cys V3 N-term in 8M urea, 20 mM Tris pH 8, 2 mM TCEP",,,$,,Default,,,,,
,V3N,,Main Lab,1,vials,,,-80 Freezer / A Shelf / AA / AA2-4 WNB OmpG Mutants #3,-80 Freezer / A Shelf / AA / AA2-4 WNB OmpG Mutants #3,Available,,,,,,,,,,,,,,,,,,,,,,,,,2615,-80 Freezer,5105,A Shelf,dyn-rack-1782413261908-0,AA,,,,,dyn-box-1782413261922-243,AA2-4 WNB OmpG Mutants #3,,,NP00000344,V3N,3,4,65.3 µM,60 µL,,2021-09-21,"OmpG 2 Cys V3 N-term in 8M urea, 20 mM Tris pH 8, 2 mM TCEP",,,$,,Default,,,,,
,V3N,,Main Lab,1,vials,,,-80 Freezer / A Shelf / AA / AA2-4 WNB OmpG Mutants #3,-80 Freezer / A Shelf / AA / AA2-4 WNB OmpG Mutants #3,Available,,,,,,,,,,,,,,,,,,,,,,,,,2615,-80 Freezer,5105,A Shelf,dyn-rack-1782413261908-0,AA,,,,,dyn-box-1782413261922-243,AA2-4 WNB OmpG Mutants #3,,,NP00000345,V3N,3,9,65.3 µM,60 µL,,2021-09-21,"OmpG 2 Cys V3 N-term in 8M urea, 20 mM Tris pH 8, 2 mM TCEP",,,$,,Default,,,,,
,V3N,,Main Lab,1,vials,,,-80 Freezer / A Shelf / AA / AA2-4 WNB OmpG Mutants #3,-80 Freezer / A Shelf / AA / AA2-4 WNB OmpG Mutants #3,Available,,,,,,,,,,,,,,,,,,,,,,,,,2615,-80 Freezer,5105,A Shelf,dyn-rack-1782413261908-0,AA,,,,,dyn-box-1782413261922-243,AA2-4 WNB OmpG Mutants #3,,,NP00000346,V3N,3,5,65.3 µM,60 µL,,2021-09-21,"OmpG 2 Cys V3 N-term in 8M urea, 20 mM Tris pH 8, 2 mM TCEP",,,$,,Default,,,,,
,V3N,,Main Lab,1,vials,,,-80 Freezer / A Shelf / AA / AA2-4 WNB OmpG Mutants #3,-80 Freezer / A Shelf / AA / AA2-4 WNB OmpG Mutants #3,Available,,,,,,,,,,,,,,,,,,,,,,,,,2615,-80 Freezer,5105,A Shelf,dyn-rack-1782413261908-0,AA,,,,,dyn-box-1782413261922-243,AA2-4 WNB OmpG Mutants #3,,,NP00000347,V3N,4,9,65.3 µM,60 µL,,2021-09-21,"OmpG 2 Cys V3 N-term in 8M urea, 20 mM Tris pH 8, 2 mM TCEP",,,$,,Default,,,,,
,V3N,,Main Lab,1,vials,,,-80 Freezer / A Shelf / AA / AA2-4 WNB OmpG Mutants #3,-80 Freezer / A Shelf / AA / AA2-4 WNB OmpG Mutants #3,Available,,,,,,,,,,,,,,,,,,,,,,,,,2615,-80 Freezer,5105,A Shelf,dyn-rack-1782413261908-0,AA,,,,,dyn-box-1782413261922-243,AA2-4 WNB OmpG Mutants #3,,,NP00000348,V3N,3,6,65.3 µM,60 µL,,2021-09-21,"OmpG 2 Cys V3 N-term in 8M urea, 20 mM Tris pH 8, 2 mM TCEP",,,$,,Default,,,,,
,V3N,,Main Lab,1,vials,,,-80 Freezer / A Shelf / AA / AA2-4 WNB OmpG Mutants #3,-80 Freezer / A Shelf / AA / AA2-4 WNB OmpG Mutants #3,Available,,,,,,,,,,,,,,,,,,,,,,,,,2615,-80 Freezer,5105,A Shelf,dyn-rack-1782413261908-0,AA,,,,,dyn-box-1782413261922-243,AA2-4 WNB OmpG Mutants #3,,,NP00000349,V3N,3,7,65.3 µM,60 µL,,2021-09-21,"OmpG 2 Cys V3 N-term in 8M urea, 20 mM Tris pH 8, 2 mM TCEP",,,$,,Default,,,,,
,V3N,,Main Lab,1,vials,,,-80 Freezer / A Shelf / AA / AA2-4 WNB OmpG Mutants #3,-80 Freezer / A Shelf / AA / AA2-4 WNB OmpG Mutants #3,Available,,,,,,,,,,,,,,,,,,,,,,,,,2615,-80 Freezer,5105,A Shelf,dyn-rack-1782413261908-0,AA,,,,,dyn-box-1782413261922-243,AA2-4 WNB OmpG Mutants #3,,,NP00000350,V3N,3,8,65.3 µM,60 µL,,2021-09-21,"OmpG 2 Cys V3 N-term in 8M urea, 20 mM Tris pH 8, 2 mM TCEP",,,$,,Default,,,,,
,V3N,,Main Lab,1,vials,,,-80 Freezer / A Shelf / AA / AA2-4 WNB OmpG Mutants #3,-80 Freezer / A Shelf / AA / AA2-4 WNB OmpG Mutants #3,Available,,,,,,,,,,,,,,,,,,,,,,,,,2615,-80 Freezer,5105,A Shelf,dyn-rack-1782413261908-0,AA,,,,,dyn-box-1782413261922-243,AA2-4 WNB OmpG Mutants #3,,,NP00000351,V3N,4,2,65.3 µM,60 µL,,2021-09-21,"OmpG 2 Cys V3 N-term in 8M urea, 20 mM Tris pH 8, 2 mM TCEP",,,$,,Default,,,,,
,V3N,,Main Lab,1,vials,,,-80 Freezer / A Shelf / AA / AA2-4 WNB OmpG Mutants #3,-80 Freezer / A Shelf / AA / AA2-4 WNB OmpG Mutants #3,Available,,,,,,,,,,,,,,,,,,,,,,,,,2615,-80 Freezer,5105,A Shelf,dyn-rack-1782413261908-0,AA,,,,,dyn-box-1782413261922-243,AA2-4 WNB OmpG Mutants #3,,,NP00000352,V3N,4,3,65.3 µM,60 µL,,2021-09-21,"OmpG 2 Cys V3 N-term in 8M urea, 20 mM Tris pH 8, 2 mM TCEP",,,$,,Default,,,,,
,V3N,,Main Lab,1,vials,,,-80 Freezer / A Shelf / AA / AA2-4 WNB OmpG Mutants #3,-80 Freezer / A Shelf / AA / AA2-4 WNB OmpG Mutants #3,Available,,,,,,,,,,,,,,,,,,,,,,,,,2615,-80 Freezer,5105,A Shelf,dyn-rack-1782413261908-0,AA,,,,,dyn-box-1782413261922-243,AA2-4 WNB OmpG Mutants #3,,,NP00000353,V3N,4,4,65.3 µM,60 µL,,2021-09-21,"OmpG 2 Cys V3 N-term in 8M urea, 20 mM Tris pH 8, 2 mM TCEP",,,$,,Default,,,,,
,V3N,,Main Lab,1,vials,,,-80 Freezer / A Shelf / AA / AA2-4 WNB OmpG Mutants #3,-80 Freezer / A Shelf / AA / AA2-4 WNB OmpG Mutants #3,Available,,,,,,,,,,,,,,,,,,,,,,,,,2615,-80 Freezer,5105,A Shelf,dyn-rack-1782413261908-0,AA,,,,,dyn-box-1782413261922-243,AA2-4 WNB OmpG Mutants #3,,,NP00000354,V3N,4,5,65.3 µM,60 µL,,2021-09-21,"OmpG 2 Cys V3 N-term in 8M urea, 20 mM Tris pH 8, 2 mM TCEP",,,$,,Default,,,,,
,V3N,,Main Lab,1,vials,,,-80 Freezer / A Shelf / AA / AA2-4 WNB OmpG Mutants #3,-80 Freezer / A Shelf / AA / AA2-4 WNB OmpG Mutants #3,Available,,,,,,,,,,,,,,,,,,,,,,,,,2615,-80 Freezer,5105,A Shelf,dyn-rack-1782413261908-0,AA,,,,,dyn-box-1782413261922-243,AA2-4 WNB OmpG Mutants #3,,,NP00000355,V3N,4,6,65.3 µM,60 µL,,2021-09-21,"OmpG 2 Cys V3 N-term in 8M urea, 20 mM Tris pH 8, 2 mM TCEP",,,$,,Default,,,,,
,V3N,,Main Lab,1,vials,,,-80 Freezer / A Shelf / AA / AA2-4 WNB OmpG Mutants #3,-80 Freezer / A Shelf / AA / AA2-4 WNB OmpG Mutants #3,Available,,,,,,,,,,,,,,,,,,,,,,,,,2615,-80 Freezer,5105,A Shelf,dyn-rack-1782413261908-0,AA,,,,,dyn-box-1782413261922-243,AA2-4 WNB OmpG Mutants #3,,,NP00000356,V3N,4,7,65.3 µM,60 µL,,2021-09-21,"OmpG 2 Cys V3 N-term in 8M urea, 20 mM Tris pH 8, 2 mM TCEP",,,$,,Default,,,,,
,V3N,,Main Lab,1,vials,,,-80 Freezer / A Shelf / AA / AA2-4 WNB OmpG Mutants #3,-80 Freezer / A Shelf / AA / AA2-4 WNB OmpG Mutants #3,Available,,,,,,,,,,,,,,,,,,,,,,,,,2615,-80 Freezer,5105,A Shelf,dyn-rack-1782413261908-0,AA,,,,,dyn-box-1782413261922-243,AA2-4 WNB OmpG Mutants #3,,,NP00000357,V3N,4,8,65.3 µM,60 µL,,2021-09-21,"OmpG 2 Cys V3 N-term in 8M urea, 20 mM Tris pH 8, 2 mM TCEP",,,$,,Default,,,,,
,V3N,,Main Lab,1,vials,,,-80 Freezer / A Shelf / AA / AA2-4 WNB OmpG Mutants #3,-80 Freezer / A Shelf / AA / AA2-4 WNB OmpG Mutants #3,Available,,,,,,,,,,,,,,,,,,,,,,,,,2615,-80 Freezer,5105,A Shelf,dyn-rack-1782413261908-0,AA,,,,,dyn-box-1782413261922-243,AA2-4 WNB OmpG Mutants #3,,,NP00000358,V3N,5,2,65.3 µM,60 µL,,2021-09-21,"OmpG 2 Cys V3 N-term in 8M urea, 20 mM Tris pH 8, 2 mM TCEP",,,$,,Default,,,,,
,V3N,,Main Lab,1,vials,,,-80 Freezer / A Shelf / AA / AA2-4 WNB OmpG Mutants #3,-80 Freezer / A Shelf / AA / AA2-4 WNB OmpG Mutants #3,Available,,,,,,,,,,,,,,,,,,,,,,,,,2615,-80 Freezer,5105,A Shelf,dyn-rack-1782413261908-0,AA,,,,,dyn-box-1782413261922-243,AA2-4 WNB OmpG Mutants #3,,,NP00000359,V3N,5,3,65.3 µM,60 µL,,2021-09-21,"OmpG 2 Cys V3 N-term in 8M urea, 20 mM Tris pH 8, 2 mM TCEP",,,$,,Default,,,,,
,V3N,,Main Lab,1,vials,,,-80 Freezer / A Shelf / AA / AA2-4 WNB OmpG Mutants #3,-80 Freezer / A Shelf / AA / AA2-4 WNB OmpG Mutants #3,Available,,,,,,,,,,,,,,,,,,,,,,,,,2615,-80 Freezer,5105,A Shelf,dyn-rack-1782413261908-0,AA,,,,,dyn-box-1782413261922-243,AA2-4 WNB OmpG Mutants #3,,,NP00000360,V3N,5,4,65.3 µM,60 µL,,2021-09-21,"OmpG 2 Cys V3 N-term in 8M urea, 20 mM Tris pH 8, 2 mM TCEP",,,$,,Default,,,,,
,V3N,,Main Lab,1,vials,,,-80 Freezer / A Shelf / AA / AA2-4 WNB OmpG Mutants #3,-80 Freezer / A Shelf / AA / AA2-4 WNB OmpG Mutants #3,Available,,,,,,,,,,,,,,,,,,,,,,,,,2615,-80 Freezer,5105,A Shelf,dyn-rack-1782413261908-0,AA,,,,,dyn-box-1782413261922-243,AA2-4 WNB OmpG Mutants #3,,,NP00000361,V3N,5,5,65.3 µM,60 µL,,2021-09-21,"OmpG 2 Cys V3 N-term in 8M urea, 20 mM Tris pH 8, 2 mM TCEP",,,$,,Default,,,,,
,V3N,,Main Lab,1,vials,,,-80 Freezer / A Shelf / AA / AA2-4 WNB OmpG Mutants #3,-80 Freezer / A Shelf / AA / AA2-4 WNB OmpG Mutants #3,Available,,,,,,,,,,,,,,,,,,,,,,,,,2615,-80 Freezer,5105,A Shelf,dyn-rack-1782413261908-0,AA,,,,,dyn-box-1782413261922-243,AA2-4 WNB OmpG Mutants #3,,,NP00000362,V3N,5,6,65.3 µM,60 µL,,2021-09-21,"OmpG 2 Cys V3 N-term in 8M urea, 20 mM Tris pH 8, 2 mM TCEP",,,$,,Default,,,,,
,V3N,,Main Lab,1,vials,,,-80 Freezer / A Shelf / AA / AA2-4 WNB OmpG Mutants #3,-80 Freezer / A Shelf / AA / AA2-4 WNB OmpG Mutants #3,Available,,,,,,,,,,,,,,,,,,,,,,,,,2615,-80 Freezer,5105,A Shelf,dyn-rack-1782413261908-0,AA,,,,,dyn-box-1782413261922-243,AA2-4 WNB OmpG Mutants #3,,,NP00000363,V3N,5,7,65.3 µM,60 µL,,2021-09-21,"OmpG 2 Cys V3 N-term in 8M urea, 20 mM Tris pH 8, 2 mM TCEP",,,$,,Default,,,,,
,V3N,,Main Lab,1,vials,,,-80 Freezer / A Shelf / AA / AA2-4 WNB OmpG Mutants #3,-80 Freezer / A Shelf / AA / AA2-4 WNB OmpG Mutants #3,Available,,,,,,,,,,,,,,,,,,,,,,,,,2615,-80 Freezer,5105,A Shelf,dyn-rack-1782413261908-0,AA,,,,,dyn-box-1782413261922-243,AA2-4 WNB OmpG Mutants #3,,,NP00000364,V3N,5,8,65.3 µM,60 µL,,2021-09-21,"OmpG 2 Cys V3 N-term in 8M urea, 20 mM Tris pH 8, 2 mM TCEP",,,$,,Default,,,,,
,V3N,,Main Lab,1,vials,,,-80 Freezer / A Shelf / AA / AA2-4 WNB OmpG Mutants #3,-80 Freezer / A Shelf / AA / AA2-4 WNB OmpG Mutants #3,Available,,,,,,,,,,,,,,,,,,,,,,,,,2615,-80 Freezer,5105,A Shelf,dyn-rack-1782413261908-0,AA,,,,,dyn-box-1782413261922-243,AA2-4 WNB OmpG Mutants #3,,,NP00000365,V3N,2,1,65.3 µM,60 µL,,2021-09-21,"OmpG 2 Cys V3 N-term in 8M urea, 20 mM Tris pH 8, 2 mM TCEP",,,$,,Default,,,,,
,V3N,,Main Lab,1,vials,,,-80 Freezer / A Shelf / AA / AA2-4 WNB OmpG Mutants #3,-80 Freezer / A Shelf / AA / AA2-4 WNB OmpG Mutants #3,Available,,,,,,,,,,,,,,,,,,,,,,,,,2615,-80 Freezer,5105,A Shelf,dyn-rack-1782413261908-0,AA,,,,,dyn-box-1782413261922-243,AA2-4 WNB OmpG Mutants #3,,,NP00000366,V3N,3,1,65.3 µM,60 µL,,2021-09-21,"OmpG 2 Cys V3 N-term in 8M urea, 20 mM Tris pH 8, 2 mM TCEP",,,$,,Default,,,,,
,V3N,,Main Lab,1,vials,,,-80 Freezer / A Shelf / AA / AA2-4 WNB OmpG Mutants #3,-80 Freezer / A Shelf / AA / AA2-4 WNB OmpG Mutants #3,Available,,,,,,,,,,,,,,,,,,,,,,,,,2615,-80 Freezer,5105,A Shelf,dyn-rack-1782413261908-0,AA,,,,,dyn-box-1782413261922-243,AA2-4 WNB OmpG Mutants #3,,,NP00000367,V3N,4,1,65.3 µM,60 µL,,2021-09-21,"OmpG 2 Cys V3 N-term in 8M urea, 20 mM Tris pH 8, 2 mM TCEP",,,$,,Default,,,,,
,V3N,,Main Lab,1,vials,,,-80 Freezer / A Shelf / AA / AA2-4 WNB OmpG Mutants #3,-80 Freezer / A Shelf / AA / AA2-4 WNB OmpG Mutants #3,Available,,,,,,,,,,,,,,,,,,,,,,,,,2615,-80 Freezer,5105,A Shelf,dyn-rack-1782413261908-0,AA,,,,,dyn-box-1782413261922-243,AA2-4 WNB OmpG Mutants #3,,,NP00000368,V3N,5,1,65.3 µM,60 µL,,2021-09-21,"OmpG 2 Cys V3 N-term in 8M urea, 20 mM Tris pH 8, 2 mM TCEP",,,$,,Default,,,,,
,V3C,,Main Lab,1,vials,,,-80 Freezer / A Shelf / AA / AA2-4 WNB OmpG Mutants #3,-80 Freezer / A Shelf / AA / AA2-4 WNB OmpG Mutants #3,Available,,,,,,,,,,,,,,,,,,,,,,,,,2615,-80 Freezer,5105,A Shelf,dyn-rack-1782413261908-0,AA,,,,,dyn-box-1782413261922-243,AA2-4 WNB OmpG Mutants #3,,,NP00000369,V3C,6,1,70.4 µM,60 µL,,2021-09-21,"OmpG 2 Cys V3 C-term in 8M urea, 20 mM Tris pH 8, 2 mM TCEP",,,$,,Default,,,,,
,V3C,,Main Lab,1,vials,,,-80 Freezer / A Shelf / AA / AA2-4 WNB OmpG Mutants #3,-80 Freezer / A Shelf / AA / AA2-4 WNB OmpG Mutants #3,Available,,,,,,,,,,,,,,,,,,,,,,,,,2615,-80 Freezer,5105,A Shelf,dyn-rack-1782413261908-0,AA,,,,,dyn-box-1782413261922-243,AA2-4 WNB OmpG Mutants #3,,,NP00000370,V3C,6,2,70.4 µM,60 µL,,2021-09-21,"OmpG 2 Cys V3 C-term in 8M urea, 20 mM Tris pH 8, 2 mM TCEP",,,$,,Default,,,,,
,V3C,,Main Lab,1,vials,,,-80 Freezer / A Shelf / AA / AA2-4 WNB OmpG Mutants #3,-80 Freezer / A Shelf / AA / AA2-4 WNB OmpG Mutants #3,Available,,,,,,,,,,,,,,,,,,,,,,,,,2615,-80 Freezer,5105,A Shelf,dyn-rack-1782413261908-0,AA,,,,,dyn-box-1782413261922-243,AA2-4 WNB OmpG Mutants #3,,,NP00000371,V3C,6,3,70.4 µM,60 µL,,2021-09-21,"OmpG 2 Cys V3 C-term in 8M urea, 20 mM Tris pH 8, 2 mM TCEP",,,$,,Default,,,,,
,V3C,,Main Lab,1,vials,,,-80 Freezer / A Shelf / AA / AA2-4 WNB OmpG Mutants #3,-80 Freezer / A Shelf / AA / AA2-4 WNB OmpG Mutants #3,Available,,,,,,,,,,,,,,,,,,,,,,,,,2615,-80 Freezer,5105,A Shelf,dyn-rack-1782413261908-0,AA,,,,,dyn-box-1782413261922-243,AA2-4 WNB OmpG Mutants #3,,,NP00000372,V3C,6,4,70.4 µM,60 µL,,2021-09-21,"OmpG 2 Cys V3 C-term in 8M urea, 20 mM Tris pH 8, 2 mM TCEP",,,$,,Default,,,,,
,V3C,,Main Lab,1,vials,,,-80 Freezer / A Shelf / AA / AA2-4 WNB OmpG Mutants #3,-80 Freezer / A Shelf / AA / AA2-4 WNB OmpG Mutants #3,Available,,,,,,,,,,,,,,,,,,,,,,,,,2615,-80 Freezer,5105,A Shelf,dyn-rack-1782413261908-0,AA,,,,,dyn-box-1782413261922-243,AA2-4 WNB OmpG Mutants #3,,,NP00000373,V3C,6,5,70.4 µM,60 µL,,2021-09-21,"OmpG 2 Cys V3 C-term in 8M urea, 20 mM Tris pH 8, 2 mM TCEP",,,$,,Default,,,,,
,V3C,,Main Lab,1,vials,,,-80 Freezer / A Shelf / AA / AA2-4 WNB OmpG Mutants #3,-80 Freezer / A Shelf / AA / AA2-4 WNB OmpG Mutants #3,Available,,,,,,,,,,,,,,,,,,,,,,,,,2615,-80 Freezer,5105,A Shelf,dyn-rack-1782413261908-0,AA,,,,,dyn-box-1782413261922-243,AA2-4 WNB OmpG Mutants #3,,,NP00000374,V3C,6,6,70.4 µM,60 µL,,2021-09-21,"OmpG 2 Cys V3 C-term in 8M urea, 20 mM Tris pH 8, 2 mM TCEP",,,$,,Default,,,,,
,V3C,,Main Lab,1,vials,,,-80 Freezer / A Shelf / AA / AA2-4 WNB OmpG Mutants #3,-80 Freezer / A Shelf / AA / AA2-4 WNB OmpG Mutants #3,Available,,,,,,,,,,,,,,,,,,,,,,,,,2615,-80 Freezer,5105,A Shelf,dyn-rack-1782413261908-0,AA,,,,,dyn-box-1782413261922-243,AA2-4 WNB OmpG Mutants #3,,,NP00000375,V3C,6,7,70.4 µM,60 µL,,2021-09-21,"OmpG 2 Cys V3 C-term in 8M urea, 20 mM Tris pH 8, 2 mM TCEP",,,$,,Default,,,,,
,V3C,,Main Lab,1,vials,,,-80 Freezer / A Shelf / AA / AA2-4 WNB OmpG Mutants #3,-80 Freezer / A Shelf / AA / AA2-4 WNB OmpG Mutants #3,Available,,,,,,,,,,,,,,,,,,,,,,,,,2615,-80 Freezer,5105,A Shelf,dyn-rack-1782413261908-0,AA,,,,,dyn-box-1782413261922-243,AA2-4 WNB OmpG Mutants #3,,,NP00000376,V3C,6,8,70.4 µM,60 µL,,2021-09-21,"OmpG 2 Cys V3 C-term in 8M urea, 20 mM Tris pH 8, 2 mM TCEP",,,$,,Default,,,,,
,V3C,,Main Lab,1,vials,,,-80 Freezer / A Shelf / AA / AA2-4 WNB OmpG Mutants #3,-80 Freezer / A Shelf / AA / AA2-4 WNB OmpG Mutants #3,Available,,,,,,,,,,,,,,,,,,,,,,,,,2615,-80 Freezer,5105,A Shelf,dyn-rack-1782413261908-0,AA,,,,,dyn-box-1782413261922-243,AA2-4 WNB OmpG Mutants #3,,,NP00000377,V3C,6,9,70.4 µM,60 µL,,2021-09-21,"OmpG 2 Cys V3 C-term in 8M urea, 20 mM Tris pH 8, 2 mM TCEP",,,$,,Default,,,,,
,V3C,,Main Lab,1,vials,,,-80 Freezer / A Shelf / AA / AA2-4 WNB OmpG Mutants #3,-80 Freezer / A Shelf / AA / AA2-4 WNB OmpG Mutants #3,Available,,,,,,,,,,,,,,,,,,,,,,,,,2615,-80 Freezer,5105,A Shelf,dyn-rack-1782413261908-0,AA,,,,,dyn-box-1782413261922-243,AA2-4 WNB OmpG Mutants #3,,,NP00000378,V3C,7,1,70.4 µM,60 µL,,2021-09-21,"OmpG 2 Cys V3 C-term in 8M urea, 20 mM Tris pH 8, 2 mM TCEP",,,$,,Default,,,,,
,V3C,,Main Lab,1,vials,,,-80 Freezer / A Shelf / AA / AA2-4 WNB OmpG Mutants #3,-80 Freezer / A Shelf / AA / AA2-4 WNB OmpG Mutants #3,Available,,,,,,,,,,,,,,,,,,,,,,,,,2615,-80 Freezer,5105,A Shelf,dyn-rack-1782413261908-0,AA,,,,,dyn-box-1782413261922-243,AA2-4 WNB OmpG Mutants #3,,,NP00000379,V3C,7,2,70.4 µM,60 µL,,2021-09-21,"OmpG 2 Cys V3 C-term in 8M urea, 20 mM Tris pH 8, 2 mM TCEP",,,$,,Default,,,,,
,V3C,,Main Lab,1,vials,,,-80 Freezer / A Shelf / AA / AA2-4 WNB OmpG Mutants #3,-80 Freezer / A Shelf / AA / AA2-4 WNB OmpG Mutants #3,Available,,,,,,,,,,,,,,,,,,,,,,,,,2615,-80 Freezer,5105,A Shelf,dyn-rack-1782413261908-0,AA,,,,,dyn-box-1782413261922-243,AA2-4 WNB OmpG Mutants #3,,,NP00000380,V3C,7,3,70.4 µM,60 µL,,2021-09-21,"OmpG 2 Cys V3 C-term in 8M urea, 20 mM Tris pH 8, 2 mM TCEP",,,$,,Default,,,,,
,V3C,,Main Lab,1,vials,,,-80 Freezer / A Shelf / AA / AA2-4 WNB OmpG Mutants #3,-80 Freezer / A Shelf / AA / AA2-4 WNB OmpG Mutants #3,Available,,,,,,,,,,,,,,,,,,,,,,,,,2615,-80 Freezer,5105,A Shelf,dyn-rack-1782413261908-0,AA,,,,,dyn-box-1782413261922-243,AA2-4 WNB OmpG Mutants #3,,,NP00000381,V3C,7,4,70.4 µM,60 µL,,2021-09-21,"OmpG 2 Cys V3 C-term in 8M urea, 20 mM Tris pH 8, 2 mM TCEP",,,$,,Default,,,,,
,V3C,,Main Lab,1,vials,,,-80 Freezer / A Shelf / AA / AA2-4 WNB OmpG Mutants #3,-80 Freezer / A Shelf / AA / AA2-4 WNB OmpG Mutants #3,Available,,,,,,,,,,,,,,,,,,,,,,,,,2615,-80 Freezer,5105,A Shelf,dyn-rack-1782413261908-0,AA,,,,,dyn-box-1782413261922-243,AA2-4 WNB OmpG Mutants #3,,,NP00000382,V3C,7,5,70.4 µM,60 µL,,2021-09-21,"OmpG 2 Cys V3 C-term in 8M urea, 20 mM Tris pH 8, 2 mM TCEP",,,$,,Default,,,,,
,V3C,,Main Lab,1,vials,,,-80 Freezer / A Shelf / AA / AA2-4 WNB OmpG Mutants #3,-80 Freezer / A Shelf / AA / AA2-4 WNB OmpG Mutants #3,Available,,,,,,,,,,,,,,,,,,,,,,,,,2615,-80 Freezer,5105,A Shelf,dyn-rack-1782413261908-0,AA,,,,,dyn-box-1782413261922-243,AA2-4 WNB OmpG Mutants #3,,,NP00000383,V3C,7,6,70.4 µM,60 µL,,2021-09-21,"OmpG 2 Cys V3 C-term in 8M urea, 20 mM Tris pH 8, 2 mM TCEP",,,$,,Default,,,,,
,V3C,,Main Lab,1,vials,,,-80 Freezer / A Shelf / AA / AA2-4 WNB OmpG Mutants #3,-80 Freezer / A Shelf / AA / AA2-4 WNB OmpG Mutants #3,Available,,,,,,,,,,,,,,,,,,,,,,,,,2615,-80 Freezer,5105,A Shelf,dyn-rack-1782413261908-0,AA,,,,,dyn-box-1782413261922-243,AA2-4 WNB OmpG Mutants #3,,,NP00000384,V3C,7,7,70.4 µM,60 µL,,2021-09-21,"OmpG 2 Cys V3 C-term in 8M urea, 20 mM Tris pH 8, 2 mM TCEP",,,$,,Default,,,,,
,V3C,,Main Lab,1,vials,,,-80 Freezer / A Shelf / AA / AA2-4 WNB OmpG Mutants #3,-80 Freezer / A Shelf / AA / AA2-4 WNB OmpG Mutants #3,Available,,,,,,,,,,,,,,,,,,,,,,,,,2615,-80 Freezer,5105,A Shelf,dyn-rack-1782413261908-0,AA,,,,,dyn-box-1782413261922-243,AA2-4 WNB OmpG Mutants #3,,,NP00000385,V3C,7,8,70.4 µM,60 µL,,2021-09-21,"OmpG 2 Cys V3 C-term in 8M urea, 20 mM Tris pH 8, 2 mM TCEP",,,$,,Default,,,,,
,V3C,,Main Lab,1,vials,,,-80 Freezer / A Shelf / AA / AA2-4 WNB OmpG Mutants #3,-80 Freezer / A Shelf / AA / AA2-4 WNB OmpG Mutants #3,Available,,,,,,,,,,,,,,,,,,,,,,,,,2615,-80 Freezer,5105,A Shelf,dyn-rack-1782413261908-0,AA,,,,,dyn-box-1782413261922-243,AA2-4 WNB OmpG Mutants #3,,,NP00000386,V3C,7,9,70.4 µM,60 µL,,2021-09-21,"OmpG 2 Cys V3 C-term in 8M urea, 20 mM Tris pH 8, 2 mM TCEP",,,$,,Default,,,,,
,V3C,,Main Lab,1,vials,,,-80 Freezer / A Shelf / AA / AA2-4 WNB OmpG Mutants #3,-80 Freezer / A Shelf / AA / AA2-4 WNB OmpG Mutants #3,Available,,,,,,,,,,,,,,,,,,,,,,,,,2615,-80 Freezer,5105,A Shelf,dyn-rack-1782413261908-0,AA,,,,,dyn-box-1782413261922-243,AA2-4 WNB OmpG Mutants #3,,,NP00000387,V3C,8,1,70.4 µM,60 µL,,2021-09-21,"OmpG 2 Cys V3 C-term in 8M urea, 20 mM Tris pH 8, 2 mM TCEP",,,$,,Default,,,,,
,V3C,,Main Lab,1,vials,,,-80 Freezer / A Shelf / AA / AA2-4 WNB OmpG Mutants #3,-80 Freezer / A Shelf / AA / AA2-4 WNB OmpG Mutants #3,Available,,,,,,,,,,,,,,,,,,,,,,,,,2615,-80 Freezer,5105,A Shelf,dyn-rack-1782413261908-0,AA,,,,,dyn-box-1782413261922-243,AA2-4 WNB OmpG Mutants #3,,,NP00000388,V3C,8,2,70.4 µM,60 µL,,2021-09-21,"OmpG 2 Cys V3 C-term in 8M urea, 20 mM Tris pH 8, 2 mM TCEP",,,$,,Default,,,,,
,V3C,,Main Lab,1,vials,,,-80 Freezer / A Shelf / AA / AA2-4 WNB OmpG Mutants #3,-80 Freezer / A Shelf / AA / AA2-4 WNB OmpG Mutants #3,Available,,,,,,,,,,,,,,,,,,,,,,,,,2615,-80 Freezer,5105,A Shelf,dyn-rack-1782413261908-0,AA,,,,,dyn-box-1782413261922-243,AA2-4 WNB OmpG Mutants #3,,,NP00000389,V3C,8,3,70.4 µM,60 µL,,2021-09-21,"OmpG 2 Cys V3 C-term in 8M urea, 20 mM Tris pH 8, 2 mM TCEP",,,$,,Default,,,,,
,V3C,,Main Lab,1,vials,,,-80 Freezer / A Shelf / AA / AA2-4 WNB OmpG Mutants #3,-80 Freezer / A Shelf / AA / AA2-4 WNB OmpG Mutants #3,Available,,,,,,,,,,,,,,,,,,,,,,,,,2615,-80 Freezer,5105,A Shelf,dyn-rack-1782413261908-0,AA,,,,,dyn-box-1782413261922-243,AA2-4 WNB OmpG Mutants #3,,,NP00000390,V3C,8,4,70.4 µM,60 µL,,2021-09-21,"OmpG 2 Cys V3 C-term in 8M urea, 20 mM Tris pH 8, 2 mM TCEP",,,$,,Default,,,,,
,V3C,,Main Lab,1,vials,,,-80 Freezer / A Shelf / AA / AA2-4 WNB OmpG Mutants #3,-80 Freezer / A Shelf / AA / AA2-4 WNB OmpG Mutants #3,Available,,,,,,,,,,,,,,,,,,,,,,,,,2615,-80 Freezer,5105,A Shelf,dyn-rack-1782413261908-0,AA,,,,,dyn-box-1782413261922-243,AA2-4 WNB OmpG Mutants #3,,,NP00000391,V3C,8,5,70.4 µM,60 µL,,2021-09-21,"OmpG 2 Cys V3 C-term in 8M urea, 20 mM Tris pH 8, 2 mM TCEP",,,$,,Default,,,,,
,V3C,,Main Lab,1,vials,,,-80 Freezer / A Shelf / AA / AA2-4 WNB OmpG Mutants #3,-80 Freezer / A Shelf / AA / AA2-4 WNB OmpG Mutants #3,Available,,,,,,,,,,,,,,,,,,,,,,,,,2615,-80 Freezer,5105,A Shelf,dyn-rack-1782413261908-0,AA,,,,,dyn-box-1782413261922-243,AA2-4 WNB OmpG Mutants #3,,,NP00000392,V3C,8,6,70.4 µM,60 µL,,2021-09-21,"OmpG 2 Cys V3 C-term in 8M urea, 20 mM Tris pH 8, 2 mM TCEP",,,$,,Default,,,,,
,V3C,,Main Lab,1,vials,,,-80 Freezer / A Shelf / AA / AA2-4 WNB OmpG Mutants #3,-80 Freezer / A Shelf / AA / AA2-4 WNB OmpG Mutants #3,Available,,,,,,,,,,,,,,,,,,,,,,,,,2615,-80 Freezer,5105,A Shelf,dyn-rack-1782413261908-0,AA,,,,,dyn-box-1782413261922-243,AA2-4 WNB OmpG Mutants #3,,,NP00000393,V3C,8,7,70.4 µM,60 µL,,2021-09-21,"OmpG 2 Cys V3 C-term in 8M urea, 20 mM Tris pH 8, 2 mM TCEP",,,$,,Default,,,,,
,V3C,,Main Lab,1,vials,,,-80 Freezer / A Shelf / AA / AA2-4 WNB OmpG Mutants #3,-80 Freezer / A Shelf / AA / AA2-4 WNB OmpG Mutants #3,Available,,,,,,,,,,,,,,,,,,,,,,,,,2615,-80 Freezer,5105,A Shelf,dyn-rack-1782413261908-0,AA,,,,,dyn-box-1782413261922-243,AA2-4 WNB OmpG Mutants #3,,,NP00000394,V3C,8,8,70.4 µM,60 µL,,2021-09-21,"OmpG 2 Cys V3 C-term in 8M urea, 20 mM Tris pH 8, 2 mM TCEP",,,$,,Default,,,,,
,V3C,,Main Lab,1,vials,,,-80 Freezer / A Shelf / AA / AA2-4 WNB OmpG Mutants #3,-80 Freezer / A Shelf / AA / AA2-4 WNB OmpG Mutants #3,Available,,,,,,,,,,,,,,,,,,,,,,,,,2615,-80 Freezer,5105,A Shelf,dyn-rack-1782413261908-0,AA,,,,,dyn-box-1782413261922-243,AA2-4 WNB OmpG Mutants #3,,,NP00000395,V3C,8,9,70.4 µM,60 µL,,2021-09-21,"OmpG 2 Cys V3 C-term in 8M urea, 20 mM Tris pH 8, 2 mM TCEP",,,$,,Default,,,,,
,V3C,,Main Lab,1,vials,,,-80 Freezer / A Shelf / AA / AA2-4 WNB OmpG Mutants #3,-80 Freezer / A Shelf / AA / AA2-4 WNB OmpG Mutants #3,Available,,,,,,,,,,,,,,,,,,,,,,,,,2615,-80 Freezer,5105,A Shelf,dyn-rack-1782413261908-0,AA,,,,,dyn-box-1782413261922-243,AA2-4 WNB OmpG Mutants #3,,,NP00000396,V3C,9,2,70.4 µM,60 µL,,2021-09-21,"OmpG 2 Cys V3 C-term in 8M urea, 20 mM Tris pH 8, 2 mM TCEP",,,$,,Default,,,,,
,V3C,,Main Lab,1,vials,,,-80 Freezer / A Shelf / AA / AA2-4 WNB OmpG Mutants #3,-80 Freezer / A Shelf / AA / AA2-4 WNB OmpG Mutants #3,Available,,,,,,,,,,,,,,,,,,,,,,,,,2615,-80 Freezer,5105,A Shelf,dyn-rack-1782413261908-0,AA,,,,,dyn-box-1782413261922-243,AA2-4 WNB OmpG Mutants #3,,,NP00000397,V3C,9,3,70.4 µM,60 µL,,2021-09-21,"OmpG 2 Cys V3 C-term in 8M urea, 20 mM Tris pH 8, 2 mM TCEP",,,$,,Default,,,,,
,V3C,,Main Lab,1,vials,,,-80 Freezer / A Shelf / AA / AA2-4 WNB OmpG Mutants #3,-80 Freezer / A Shelf / AA / AA2-4 WNB OmpG Mutants #3,Available,,,,,,,,,,,,,,,,,,,,,,,,,2615,-80 Freezer,5105,A Shelf,dyn-rack-1782413261908-0,AA,,,,,dyn-box-1782413261922-243,AA2-4 WNB OmpG Mutants #3,,,NP00000398,V3C,9,4,70.4 µM,60 µL,,2021-09-21,"OmpG 2 Cys V3 C-term in 8M urea, 20 mM Tris pH 8, 2 mM TCEP",,,$,,Default,,,,,
,V3C,,Main Lab,1,vials,,,-80 Freezer / A Shelf / AA / AA2-4 WNB OmpG Mutants #3,-80 Freezer / A Shelf / AA / AA2-4 WNB OmpG Mutants #3,Available,,,,,,,,,,,,,,,,,,,,,,,,,2615,-80 Freezer,5105,A Shelf,dyn-rack-1782413261908-0,AA,,,,,dyn-box-1782413261922-243,AA2-4 WNB OmpG Mutants #3,,,NP00000399,V3C,9,5,70.4 µM,60 µL,,2021-09-21,"OmpG 2 Cys V3 C-term in 8M urea, 20 mM Tris pH 8, 2 mM TCEP",,,$,,Default,,,,,
,V3C,,Main Lab,1,vials,,,-80 Freezer / A Shelf / AA / AA2-4 WNB OmpG Mutants #3,-80 Freezer / A Shelf / AA / AA2-4 WNB OmpG Mutants #3,Available,,,,,,,,,,,,,,,,,,,,,,,,,2615,-80 Freezer,5105,A Shelf,dyn-rack-1782413261908-0,AA,,,,,dyn-box-1782413261922-243,AA2-4 WNB OmpG Mutants #3,,,NP00000400,V3C,9,6,70.4 µM,60 µL,,2021-09-21,"OmpG 2 Cys V3 C-term in 8M urea, 20 mM Tris pH 8, 2 mM TCEP",,,$,,Default,,,,,
,V3C,,Main Lab,1,vials,,,-80 Freezer / A Shelf / AA / AA2-4 WNB OmpG Mutants #3,-80 Freezer / A Shelf / AA / AA2-4 WNB OmpG Mutants #3,Available,,,,,,,,,,,,,,,,,,,,,,,,,2615,-80 Freezer,5105,A Shelf,dyn-rack-1782413261908-0,AA,,,,,dyn-box-1782413261922-243,AA2-4 WNB OmpG Mutants #3,,,NP00000401,V3C,9,7,70.4 µM,60 µL,,2021-09-21,"OmpG 2 Cys V3 C-term in 8M urea, 20 mM Tris pH 8, 2 mM TCEP",,,$,,Default,,,,,
,V3C,,Main Lab,1,vials,,,-80 Freezer / A Shelf / AA / AA2-4 WNB OmpG Mutants #3,-80 Freezer / A Shelf / AA / AA2-4 WNB OmpG Mutants #3,Available,,,,,,,,,,,,,,,,,,,,,,,,,2615,-80 Freezer,5105,A Shelf,dyn-rack-1782413261908-0,AA,,,,,dyn-box-1782413261922-243,AA2-4 WNB OmpG Mutants #3,,,NP00000402,V3C,9,8,70.4 µM,60 µL,,2021-09-21,"OmpG 2 Cys V3 C-term in 8M urea, 20 mM Tris pH 8, 2 mM TCEP",,,$,,Default,,,,,
,V3C,,Main Lab,1,vials,,,-80 Freezer / A Shelf / AA / AA2-4 WNB OmpG Mutants #3,-80 Freezer / A Shelf / AA / AA2-4 WNB OmpG Mutants #3,Available,,,,,,,,,,,,,,,,,,,,,,,,,2615,-80 Freezer,5105,A Shelf,dyn-rack-1782413261908-0,AA,,,,,dyn-box-1782413261922-243,AA2-4 WNB OmpG Mutants #3,,,NP00000403,V3C,9,9,70.4 µM,60 µL,,2021-09-21,"OmpG 2 Cys V3 C-term in 8M urea, 20 mM Tris pH 8, 2 mM TCEP",,,$,,Default,,,,,
,WT OmpG,,Main Lab,1,vials,,,-80 Freezer / A Shelf / AA / AA3-1 WNB OmpG Mutants #4,-80 Freezer / A Shelf / AA / AA3-1 WNB OmpG Mutants #4,Available,,,,,,,,,,,,,,,,,,,,,,,,,2615,-80 Freezer,5105,A Shelf,dyn-rack-1782413261908-0,AA,,,,,dyn-box-1782413261929-376,AA3-1 WNB OmpG Mutants #4,,,NP00000404,WT OmpG,1,1,266 µM,~1 mL,,2022-04-15,"WT OmpG in 8M urea, 20 mM Tris pH 8",,,$,,Default,,,,,
,WT OmpG,,Main Lab,1,vials,,,-80 Freezer / A Shelf / AA / AA3-1 WNB OmpG Mutants #4,-80 Freezer / A Shelf / AA / AA3-1 WNB OmpG Mutants #4,Available,,,,,,,,,,,,,,,,,,,,,,,,,2615,-80 Freezer,5105,A Shelf,dyn-rack-1782413261908-0,AA,,,,,dyn-box-1782413261929-376,AA3-1 WNB OmpG Mutants #4,,,NP00000405,WT OmpG,1,2,266 µM,~1 mL,,2022-04-15,"WT OmpG in 8M urea, 20 mM Tris pH 8",,,$,,Default,,,,,
,+3,,Main Lab,1,vials,,,-80 Freezer / A Shelf / AA / AA3-1 WNB OmpG Mutants #4,-80 Freezer / A Shelf / AA / AA3-1 WNB OmpG Mutants #4,Available,,,,,,,,,,,,,,,,,,,,,,,,,2615,-80 Freezer,5105,A Shelf,dyn-rack-1782413261908-0,AA,,,,,dyn-box-1782413261929-376,AA3-1 WNB OmpG Mutants #4,,,NP00000406,+3,1,3,136.8 µM,~1 mL,,2022-04-15,"OmpG 2 Cys V3 +3 Gly Linkers in 8M urea, 20 mM Tris pH 8",,,$,,Default,,,,,
,+3,,Main Lab,1,vials,,,-80 Freezer / A Shelf / AA / AA3-1 WNB OmpG Mutants #4,-80 Freezer / A Shelf / AA / AA3-1 WNB OmpG Mutants #4,Available,,,,,,,,,,,,,,,,,,,,,,,,,2615,-80 Freezer,5105,A Shelf,dyn-rack-1782413261908-0,AA,,,,,dyn-box-1782413261929-376,AA3-1 WNB OmpG Mutants #4,,,NP00000407,+3,1,4,136.8 µM,~1 mL,,2022-04-15,"OmpG 2 Cys V3 +3 Gly Linkers in 8M urea, 20 mM Tris pH 8",,,$,,Default,,,,,
,+6,,Main Lab,1,vials,,,-80 Freezer / A Shelf / AA / AA3-1 WNB OmpG Mutants #4,-80 Freezer / A Shelf / AA / AA3-1 WNB OmpG Mutants #4,Available,,,,,,,,,,,,,,,,,,,,,,,,,2615,-80 Freezer,5105,A Shelf,dyn-rack-1782413261908-0,AA,,,,,dyn-box-1782413261929-376,AA3-1 WNB OmpG Mutants #4,,,NP00000408,+6,1,5,40.3 µM,~1 mL,,2022-04-16,"OmpG 2 Cys V3 +6 Gly Linkers in 8M urea, 20 mM Tris pH 8",,,$,,Default,,,,,
,+6,,Main Lab,1,vials,,,-80 Freezer / A Shelf / AA / AA3-1 WNB OmpG Mutants #4,-80 Freezer / A Shelf / AA / AA3-1 WNB OmpG Mutants #4,Available,,,,,,,,,,,,,,,,,,,,,,,,,2615,-80 Freezer,5105,A Shelf,dyn-rack-1782413261908-0,AA,,,,,dyn-box-1782413261929-376,AA3-1 WNB OmpG Mutants #4,,,NP00000409,+6,1,6,40.3 µM,~1 mL,,2022-04-16,"OmpG 2 Cys V3 +6 Gly Linkers in 8M urea, 20 mM Tris pH 8",,,$,,Default,,,,,
,V3,,Main Lab,1,vials,,,-80 Freezer / A Shelf / AA / AA3-1 WNB OmpG Mutants #4,-80 Freezer / A Shelf / AA / AA3-1 WNB OmpG Mutants #4,Available,,,,,,,,,,,,,,,,,,,,,,,,,2615,-80 Freezer,5105,A Shelf,dyn-rack-1782413261908-0,AA,,,,,dyn-box-1782413261929-376,AA3-1 WNB OmpG Mutants #4,,,NP00000410,V3,2,1,68.4 µM,120 µL,,2021-09-21,"OmpG 2 Cys V3 in 8M urea, 20 mM Tris pH 8, 2 mM TCEP",,,$,,Default,,,,,
,V3,,Main Lab,1,vials,,,-80 Freezer / A Shelf / AA / AA3-1 WNB OmpG Mutants #4,-80 Freezer / A Shelf / AA / AA3-1 WNB OmpG Mutants #4,Available,,,,,,,,,,,,,,,,,,,,,,,,,2615,-80 Freezer,5105,A Shelf,dyn-rack-1782413261908-0,AA,,,,,dyn-box-1782413261929-376,AA3-1 WNB OmpG Mutants #4,,,NP00000411,V3,2,2,68.4 µM,120 µL,,2021-09-21,"OmpG 2 Cys V3 in 8M urea, 20 mM Tris pH 8, 2 mM TCEP",,,$,,Default,,,,,
,V3,,Main Lab,1,vials,,,-80 Freezer / A Shelf / AA / AA3-1 WNB OmpG Mutants #4,-80 Freezer / A Shelf / AA / AA3-1 WNB OmpG Mutants #4,Available,,,,,,,,,,,,,,,,,,,,,,,,,2615,-80 Freezer,5105,A Shelf,dyn-rack-1782413261908-0,AA,,,,,dyn-box-1782413261929-376,AA3-1 WNB OmpG Mutants #4,,,NP00000412,V3,2,3,68.4 µM,120 µL,,2021-09-21,"OmpG 2 Cys V3 in 8M urea, 20 mM Tris pH 8, 2 mM TCEP",,,$,,Default,,,,,
,V3,,Main Lab,1,vials,,,-80 Freezer / A Shelf / AA / AA3-1 WNB OmpG Mutants #4,-80 Freezer / A Shelf / AA / AA3-1 WNB OmpG Mutants #4,Available,,,,,,,,,,,,,,,,,,,,,,,,,2615,-80 Freezer,5105,A Shelf,dyn-rack-1782413261908-0,AA,,,,,dyn-box-1782413261929-376,AA3-1 WNB OmpG Mutants #4,,,NP00000413,V3,2,4,68.4 µM,120 µL,,2021-09-21,"OmpG 2 Cys V3 in 8M urea, 20 mM Tris pH 8, 2 mM TCEP",,,$,,Default,,,,,
,V3,,Main Lab,1,vials,,,-80 Freezer / A Shelf / AA / AA3-1 WNB OmpG Mutants #4,-80 Freezer / A Shelf / AA / AA3-1 WNB OmpG Mutants #4,Available,,,,,,,,,,,,,,,,,,,,,,,,,2615,-80 Freezer,5105,A Shelf,dyn-rack-1782413261908-0,AA,,,,,dyn-box-1782413261929-376,AA3-1 WNB OmpG Mutants #4,,,NP00000414,V3,2,5,68.4 µM,120 µL,,2021-09-21,"OmpG 2 Cys V3 in 8M urea, 20 mM Tris pH 8, 2 mM TCEP",,,$,,Default,,,,,
,V3,,Main Lab,1,vials,,,-80 Freezer / A Shelf / AA / AA3-1 WNB OmpG Mutants #4,-80 Freezer / A Shelf / AA / AA3-1 WNB OmpG Mutants #4,Available,,,,,,,,,,,,,,,,,,,,,,,,,2615,-80 Freezer,5105,A Shelf,dyn-rack-1782413261908-0,AA,,,,,dyn-box-1782413261929-376,AA3-1 WNB OmpG Mutants #4,,,NP00000415,V3,2,6,68.4 µM,120 µL,,2021-09-21,"OmpG 2 Cys V3 in 8M urea, 20 mM Tris pH 8, 2 mM TCEP",,,$,,Default,,,,,
,V3,,Main Lab,1,vials,,,-80 Freezer / A Shelf / AA / AA3-1 WNB OmpG Mutants #4,-80 Freezer / A Shelf / AA / AA3-1 WNB OmpG Mutants #4,Available,,,,,,,,,,,,,,,,,,,,,,,,,2615,-80 Freezer,5105,A Shelf,dyn-rack-1782413261908-0,AA,,,,,dyn-box-1782413261929-376,AA3-1 WNB OmpG Mutants #4,,,NP00000416,V3,2,7,68.4 µM,120 µL,,2021-09-21,"OmpG 2 Cys V3 in 8M urea, 20 mM Tris pH 8, 2 mM TCEP",,,$,,Default,,,,,
,V3,,Main Lab,1,vials,,,-80 Freezer / A Shelf / AA / AA3-1 WNB OmpG Mutants #4,-80 Freezer / A Shelf / AA / AA3-1 WNB OmpG Mutants #4,Available,,,,,,,,,,,,,,,,,,,,,,,,,2615,-80 Freezer,5105,A Shelf,dyn-rack-1782413261908-0,AA,,,,,dyn-box-1782413261929-376,AA3-1 WNB OmpG Mutants #4,,,NP00000417,V3,3,2,68.4 µM,120 µL,,2021-09-21,"OmpG 2 Cys V3 in 8M urea, 20 mM Tris pH 8, 2 mM TCEP",,,$,,Default,,,,,
,V3,,Main Lab,1,vials,,,-80 Freezer / A Shelf / AA / AA3-1 WNB OmpG Mutants #4,-80 Freezer / A Shelf / AA / AA3-1 WNB OmpG Mutants #4,Available,,,,,,,,,,,,,,,,,,,,,,,,,2615,-80 Freezer,5105,A Shelf,dyn-rack-1782413261908-0,AA,,,,,dyn-box-1782413261929-376,AA3-1 WNB OmpG Mutants #4,,,NP00000418,V3,3,3,68.4 µM,120 µL,,2021-09-21,"OmpG 2 Cys V3 in 8M urea, 20 mM Tris pH 8, 2 mM TCEP",,,$,,Default,,,,,
,V3,,Main Lab,1,vials,,,-80 Freezer / A Shelf / AA / AA3-1 WNB OmpG Mutants #4,-80 Freezer / A Shelf / AA / AA3-1 WNB OmpG Mutants #4,Available,,,,,,,,,,,,,,,,,,,,,,,,,2615,-80 Freezer,5105,A Shelf,dyn-rack-1782413261908-0,AA,,,,,dyn-box-1782413261929-376,AA3-1 WNB OmpG Mutants #4,,,NP00000419,V3,3,4,68.4 µM,120 µL,,2021-09-21,"OmpG 2 Cys V3 in 8M urea, 20 mM Tris pH 8, 2 mM TCEP",,,$,,Default,,,,,
,V3,,Main Lab,1,vials,,,-80 Freezer / A Shelf / AA / AA3-1 WNB OmpG Mutants #4,-80 Freezer / A Shelf / AA / AA3-1 WNB OmpG Mutants #4,Available,,,,,,,,,,,,,,,,,,,,,,,,,2615,-80 Freezer,5105,A Shelf,dyn-rack-1782413261908-0,AA,,,,,dyn-box-1782413261929-376,AA3-1 WNB OmpG Mutants #4,,,NP00000420,V3,3,5,68.4 µM,120 µL,,2021-09-21,"OmpG 2 Cys V3 in 8M urea, 20 mM Tris pH 8, 2 mM TCEP",,,$,,Default,,,,,
,V3,,Main Lab,1,vials,,,-80 Freezer / A Shelf / AA / AA3-1 WNB OmpG Mutants #4,-80 Freezer / A Shelf / AA / AA3-1 WNB OmpG Mutants #4,Available,,,,,,,,,,,,,,,,,,,,,,,,,2615,-80 Freezer,5105,A Shelf,dyn-rack-1782413261908-0,AA,,,,,dyn-box-1782413261929-376,AA3-1 WNB OmpG Mutants #4,,,NP00000421,V3,3,6,68.4 µM,120 µL,,2021-09-21,"OmpG 2 Cys V3 in 8M urea, 20 mM Tris pH 8, 2 mM TCEP",,,$,,Default,,,,,
,V3,,Main Lab,1,vials,,,-80 Freezer / A Shelf / AA / AA3-1 WNB OmpG Mutants #4,-80 Freezer / A Shelf / AA / AA3-1 WNB OmpG Mutants #4,Available,,,,,,,,,,,,,,,,,,,,,,,,,2615,-80 Freezer,5105,A Shelf,dyn-rack-1782413261908-0,AA,,,,,dyn-box-1782413261929-376,AA3-1 WNB OmpG Mutants #4,,,NP00000422,V3,3,7,68.4 µM,120 µL,,2021-09-21,"OmpG 2 Cys V3 in 8M urea, 20 mM Tris pH 8, 2 mM TCEP",,,$,,Default,,,,,
,V3,,Main Lab,1,vials,,,-80 Freezer / A Shelf / AA / AA3-1 WNB OmpG Mutants #4,-80 Freezer / A Shelf / AA / AA3-1 WNB OmpG Mutants #4,Available,,,,,,,,,,,,,,,,,,,,,,,,,2615,-80 Freezer,5105,A Shelf,dyn-rack-1782413261908-0,AA,,,,,dyn-box-1782413261929-376,AA3-1 WNB OmpG Mutants #4,,,NP00000423,V3,4,2,68.4 µM,120 µL,,2021-09-21,"OmpG 2 Cys V3 in 8M urea, 20 mM Tris pH 8, 2 mM TCEP",,,$,,Default,,,,,
,V3,,Main Lab,1,vials,,,-80 Freezer / A Shelf / AA / AA3-1 WNB OmpG Mutants #4,-80 Freezer / A Shelf / AA / AA3-1 WNB OmpG Mutants #4,Available,,,,,,,,,,,,,,,,,,,,,,,,,2615,-80 Freezer,5105,A Shelf,dyn-rack-1782413261908-0,AA,,,,,dyn-box-1782413261929-376,AA3-1 WNB OmpG Mutants #4,,,NP00000424,V3,4,3,68.4 µM,120 µL,,2021-09-21,"OmpG 2 Cys V3 in 8M urea, 20 mM Tris pH 8, 2 mM TCEP",,,$,,Default,,,,,
,V3,,Main Lab,1,vials,,,-80 Freezer / A Shelf / AA / AA3-1 WNB OmpG Mutants #4,-80 Freezer / A Shelf / AA / AA3-1 WNB OmpG Mutants #4,Available,,,,,,,,,,,,,,,,,,,,,,,,,2615,-80 Freezer,5105,A Shelf,dyn-rack-1782413261908-0,AA,,,,,dyn-box-1782413261929-376,AA3-1 WNB OmpG Mutants #4,,,NP00000425,V3,4,4,68.4 µM,120 µL,,2021-09-21,"OmpG 2 Cys V3 in 8M urea, 20 mM Tris pH 8, 2 mM TCEP",,,$,,Default,,,,,
,V3,,Main Lab,1,vials,,,-80 Freezer / A Shelf / AA / AA3-1 WNB OmpG Mutants #4,-80 Freezer / A Shelf / AA / AA3-1 WNB OmpG Mutants #4,Available,,,,,,,,,,,,,,,,,,,,,,,,,2615,-80 Freezer,5105,A Shelf,dyn-rack-1782413261908-0,AA,,,,,dyn-box-1782413261929-376,AA3-1 WNB OmpG Mutants #4,,,NP00000426,V3,4,5,68.4 µM,120 µL,,2021-09-21,"OmpG 2 Cys V3 in 8M urea, 20 mM Tris pH 8, 2 mM TCEP",,,$,,Default,,,,,
,V3,,Main Lab,1,vials,,,-80 Freezer / A Shelf / AA / AA3-1 WNB OmpG Mutants #4,-80 Freezer / A Shelf / AA / AA3-1 WNB OmpG Mutants #4,Available,,,,,,,,,,,,,,,,,,,,,,,,,2615,-80 Freezer,5105,A Shelf,dyn-rack-1782413261908-0,AA,,,,,dyn-box-1782413261929-376,AA3-1 WNB OmpG Mutants #4,,,NP00000427,V3,4,6,68.4 µM,120 µL,,2021-09-21,"OmpG 2 Cys V3 in 8M urea, 20 mM Tris pH 8, 2 mM TCEP",,,$,,Default,,,,,
,V3,,Main Lab,1,vials,,,-80 Freezer / A Shelf / AA / AA3-1 WNB OmpG Mutants #4,-80 Freezer / A Shelf / AA / AA3-1 WNB OmpG Mutants #4,Available,,,,,,,,,,,,,,,,,,,,,,,,,2615,-80 Freezer,5105,A Shelf,dyn-rack-1782413261908-0,AA,,,,,dyn-box-1782413261929-376,AA3-1 WNB OmpG Mutants #4,,,NP00000428,V3,4,7,68.4 µM,120 µL,,2021-09-21,"OmpG 2 Cys V3 in 8M urea, 20 mM Tris pH 8, 2 mM TCEP",,,$,,Default,,,,,
,V3,,Main Lab,1,vials,,,-80 Freezer / A Shelf / AA / AA3-1 WNB OmpG Mutants #4,-80 Freezer / A Shelf / AA / AA3-1 WNB OmpG Mutants #4,Available,,,,,,,,,,,,,,,,,,,,,,,,,2615,-80 Freezer,5105,A Shelf,dyn-rack-1782413261908-0,AA,,,,,dyn-box-1782413261929-376,AA3-1 WNB OmpG Mutants #4,,,NP00000429,V3,2,8,68.4 µM,120 µL,,2021-09-21,"OmpG 2 Cys V3 in 8M urea, 20 mM Tris pH 8, 2 mM TCEP",,,$,,Default,,,,,
,V3,,Main Lab,1,vials,,,-80 Freezer / A Shelf / AA / AA3-1 WNB OmpG Mutants #4,-80 Freezer / A Shelf / AA / AA3-1 WNB OmpG Mutants #4,Available,,,,,,,,,,,,,,,,,,,,,,,,,2615,-80 Freezer,5105,A Shelf,dyn-rack-1782413261908-0,AA,,,,,dyn-box-1782413261929-376,AA3-1 WNB OmpG Mutants #4,,,NP00000430,V3,2,9,68.4 µM,120 µL,,2021-09-21,"OmpG 2 Cys V3 in 8M urea, 20 mM Tris pH 8, 2 mM TCEP",,,$,,Default,,,,,
,V3,,Main Lab,1,vials,,,-80 Freezer / A Shelf / AA / AA3-1 WNB OmpG Mutants #4,-80 Freezer / A Shelf / AA / AA3-1 WNB OmpG Mutants #4,Available,,,,,,,,,,,,,,,,,,,,,,,,,2615,-80 Freezer,5105,A Shelf,dyn-rack-1782413261908-0,AA,,,,,dyn-box-1782413261929-376,AA3-1 WNB OmpG Mutants #4,,,NP00000431,V3,3,8,68.4 µM,120 µL,,2021-09-21,"OmpG 2 Cys V3 in 8M urea, 20 mM Tris pH 8, 2 mM TCEP",,,$,,Default,,,,,
,V3,,Main Lab,1,vials,,,-80 Freezer / A Shelf / AA / AA3-1 WNB OmpG Mutants #4,-80 Freezer / A Shelf / AA / AA3-1 WNB OmpG Mutants #4,Available,,,,,,,,,,,,,,,,,,,,,,,,,2615,-80 Freezer,5105,A Shelf,dyn-rack-1782413261908-0,AA,,,,,dyn-box-1782413261929-376,AA3-1 WNB OmpG Mutants #4,,,NP00000432,V3,3,9,68.4 µM,120 µL,,2021-09-21,"OmpG 2 Cys V3 in 8M urea, 20 mM Tris pH 8, 2 mM TCEP",,,$,,Default,,,,,
,V3,,Main Lab,1,vials,,,-80 Freezer / A Shelf / AA / AA3-1 WNB OmpG Mutants #4,-80 Freezer / A Shelf / AA / AA3-1 WNB OmpG Mutants #4,Available,,,,,,,,,,,,,,,,,,,,,,,,,2615,-80 Freezer,5105,A Shelf,dyn-rack-1782413261908-0,AA,,,,,dyn-box-1782413261929-376,AA3-1 WNB OmpG Mutants #4,,,NP00000433,V3,3,1,68.4 µM,120 µL,,2021-09-21,"OmpG 2 Cys V3 in 8M urea, 20 mM Tris pH 8, 2 mM TCEP",,,$,,Default,,,,,
,V3,,Main Lab,1,vials,,,-80 Freezer / A Shelf / AA / AA3-1 WNB OmpG Mutants #4,-80 Freezer / A Shelf / AA / AA3-1 WNB OmpG Mutants #4,Available,,,,,,,,,,,,,,,,,,,,,,,,,2615,-80 Freezer,5105,A Shelf,dyn-rack-1782413261908-0,AA,,,,,dyn-box-1782413261929-376,AA3-1 WNB OmpG Mutants #4,,,NP00000434,V3,4,1,68.4 µM,120 µL,,2021-09-21,"OmpG 2 Cys V3 in 8M urea, 20 mM Tris pH 8, 2 mM TCEP",,,$,,Default,,,,,
,V2,,Main Lab,1,vials,,,-80 Freezer / A Shelf / AA / AA3-1 WNB OmpG Mutants #4,-80 Freezer / A Shelf / AA / AA3-1 WNB OmpG Mutants #4,Available,,,,,,,,,,,,,,,,,,,,,,,,,2615,-80 Freezer,5105,A Shelf,dyn-rack-1782413261908-0,AA,,,,,dyn-box-1782413261929-376,AA3-1 WNB OmpG Mutants #4,,,NP00000435,V2,5,1,62.4 µM,60 µL,,2021-02-15,"OmpG 2 Cys V2 in 8M urea, 20 mM Tris pH 8, 2 mM TCEP",,,$,,Default,,,,,
,2C,,Main Lab,1,vials,,,-80 Freezer / A Shelf / AA / AA3-1 WNB OmpG Mutants #4,-80 Freezer / A Shelf / AA / AA3-1 WNB OmpG Mutants #4,Available,,,,,,,,,,,,,,,,,,,,,,,,,2615,-80 Freezer,5105,A Shelf,dyn-rack-1782413261908-0,AA,,,,,dyn-box-1782413261929-376,AA3-1 WNB OmpG Mutants #4,,,NP00000436,2C,8,1,71 µM,120 µL,,2022-01-18,"OmpG 2 Cys in 8M urea, 20 mM Tris pH 8, 2 mM TCEP",,,$,,Default,,,,,
,2C,,Main Lab,1,vials,,,-80 Freezer / A Shelf / AA / AA3-1 WNB OmpG Mutants #4,-80 Freezer / A Shelf / AA / AA3-1 WNB OmpG Mutants #4,Available,,,,,,,,,,,,,,,,,,,,,,,,,2615,-80 Freezer,5105,A Shelf,dyn-rack-1782413261908-0,AA,,,,,dyn-box-1782413261929-376,AA3-1 WNB OmpG Mutants #4,,,NP00000437,2C,8,2,71 µM,120 µL,,2022-01-18,"OmpG 2 Cys in 8M urea, 20 mM Tris pH 8, 2 mM TCEP",,,$,,Default,,,,,
,2C,,Main Lab,1,vials,,,-80 Freezer / A Shelf / AA / AA3-1 WNB OmpG Mutants #4,-80 Freezer / A Shelf / AA / AA3-1 WNB OmpG Mutants #4,Available,,,,,,,,,,,,,,,,,,,,,,,,,2615,-80 Freezer,5105,A Shelf,dyn-rack-1782413261908-0,AA,,,,,dyn-box-1782413261929-376,AA3-1 WNB OmpG Mutants #4,,,NP00000438,2C,8,3,71 µM,120 µL,,2022-01-18,"OmpG 2 Cys in 8M urea, 20 mM Tris pH 8, 2 mM TCEP",,,$,,Default,,,,,
,2C,,Main Lab,1,vials,,,-80 Freezer / A Shelf / AA / AA3-1 WNB OmpG Mutants #4,-80 Freezer / A Shelf / AA / AA3-1 WNB OmpG Mutants #4,Available,,,,,,,,,,,,,,,,,,,,,,,,,2615,-80 Freezer,5105,A Shelf,dyn-rack-1782413261908-0,AA,,,,,dyn-box-1782413261929-376,AA3-1 WNB OmpG Mutants #4,,,NP00000439,2C,8,4,71 µM,120 µL,,2022-01-18,"OmpG 2 Cys in 8M urea, 20 mM Tris pH 8, 2 mM TCEP",,,$,,Default,,,,,
,2C,,Main Lab,1,vials,,,-80 Freezer / A Shelf / AA / AA3-1 WNB OmpG Mutants #4,-80 Freezer / A Shelf / AA / AA3-1 WNB OmpG Mutants #4,Available,,,,,,,,,,,,,,,,,,,,,,,,,2615,-80 Freezer,5105,A Shelf,dyn-rack-1782413261908-0,AA,,,,,dyn-box-1782413261929-376,AA3-1 WNB OmpG Mutants #4,,,NP00000440,2C,8,5,71 µM,120 µL,,2022-01-18,"OmpG 2 Cys in 8M urea, 20 mM Tris pH 8, 2 mM TCEP",,,$,,Default,,,,,
,2C,,Main Lab,1,vials,,,-80 Freezer / A Shelf / AA / AA3-1 WNB OmpG Mutants #4,-80 Freezer / A Shelf / AA / AA3-1 WNB OmpG Mutants #4,Available,,,,,,,,,,,,,,,,,,,,,,,,,2615,-80 Freezer,5105,A Shelf,dyn-rack-1782413261908-0,AA,,,,,dyn-box-1782413261929-376,AA3-1 WNB OmpG Mutants #4,,,NP00000441,2C,8,6,71 µM,120 µL,,2022-01-18,"OmpG 2 Cys in 8M urea, 20 mM Tris pH 8, 2 mM TCEP",,,$,,Default,,,,,
,2C,,Main Lab,1,vials,,,-80 Freezer / A Shelf / AA / AA3-1 WNB OmpG Mutants #4,-80 Freezer / A Shelf / AA / AA3-1 WNB OmpG Mutants #4,Available,,,,,,,,,,,,,,,,,,,,,,,,,2615,-80 Freezer,5105,A Shelf,dyn-rack-1782413261908-0,AA,,,,,dyn-box-1782413261929-376,AA3-1 WNB OmpG Mutants #4,,,NP00000442,2C,8,7,71 µM,120 µL,,2022-01-18,"OmpG 2 Cys in 8M urea, 20 mM Tris pH 8, 2 mM TCEP",,,$,,Default,,,,,
,2C,,Main Lab,1,vials,,,-80 Freezer / A Shelf / AA / AA3-1 WNB OmpG Mutants #4,-80 Freezer / A Shelf / AA / AA3-1 WNB OmpG Mutants #4,Available,,,,,,,,,,,,,,,,,,,,,,,,,2615,-80 Freezer,5105,A Shelf,dyn-rack-1782413261908-0,AA,,,,,dyn-box-1782413261929-376,AA3-1 WNB OmpG Mutants #4,,,NP00000443,2C,8,8,71 µM,120 µL,,2022-01-18,"OmpG 2 Cys in 8M urea, 20 mM Tris pH 8, 2 mM TCEP",,,$,,Default,,,,,
,2C,,Main Lab,1,vials,,,-80 Freezer / A Shelf / AA / AA3-1 WNB OmpG Mutants #4,-80 Freezer / A Shelf / AA / AA3-1 WNB OmpG Mutants #4,Available,,,,,,,,,,,,,,,,,,,,,,,,,2615,-80 Freezer,5105,A Shelf,dyn-rack-1782413261908-0,AA,,,,,dyn-box-1782413261929-376,AA3-1 WNB OmpG Mutants #4,,,NP00000444,2C,8,9,71 µM,120 µL,,2022-01-18,"OmpG 2 Cys in 8M urea, 20 mM Tris pH 8, 2 mM TCEP",,,$,,Default,,,,,
,2C,,Main Lab,1,vials,,,-80 Freezer / A Shelf / AA / AA3-1 WNB OmpG Mutants #4,-80 Freezer / A Shelf / AA / AA3-1 WNB OmpG Mutants #4,Available,,,,,,,,,,,,,,,,,,,,,,,,,2615,-80 Freezer,5105,A Shelf,dyn-rack-1782413261908-0,AA,,,,,dyn-box-1782413261929-376,AA3-1 WNB OmpG Mutants #4,,,NP00000445,2C,9,1,71 µM,120 µL,,2022-01-18,"OmpG 2 Cys in 8M urea, 20 mM Tris pH 8, 2 mM TCEP",,,$,,Default,,,,,
,V2,,Main Lab,1,vials,,,-80 Freezer / A Shelf / AA / AA3-1 WNB OmpG Mutants #4,-80 Freezer / A Shelf / AA / AA3-1 WNB OmpG Mutants #4,Available,,,,,,,,,,,,,,,,,,,,,,,,,2615,-80 Freezer,5105,A Shelf,dyn-rack-1782413261908-0,AA,,,,,dyn-box-1782413261929-376,AA3-1 WNB OmpG Mutants #4,,,NP00000446,V2,5,2,62.4 µM,60 µL,,2021-02-15,"OmpG 2 Cys V2 in 8M urea, 20 mM Tris pH 8, 2 mM TCEP",,,$,,Default,,,,,
,V2,,Main Lab,1,vials,,,-80 Freezer / A Shelf / AA / AA3-1 WNB OmpG Mutants #4,-80 Freezer / A Shelf / AA / AA3-1 WNB OmpG Mutants #4,Available,,,,,,,,,,,,,,,,,,,,,,,,,2615,-80 Freezer,5105,A Shelf,dyn-rack-1782413261908-0,AA,,,,,dyn-box-1782413261929-376,AA3-1 WNB OmpG Mutants #4,,,NP00000447,V2,5,3,62.4 µM,60 µL,,2021-02-15,"OmpG 2 Cys V2 in 8M urea, 20 mM Tris pH 8, 2 mM TCEP",,,$,,Default,,,,,
,V2,,Main Lab,1,vials,,,-80 Freezer / A Shelf / AA / AA3-1 WNB OmpG Mutants #4,-80 Freezer / A Shelf / AA / AA3-1 WNB OmpG Mutants #4,Available,,,,,,,,,,,,,,,,,,,,,,,,,2615,-80 Freezer,5105,A Shelf,dyn-rack-1782413261908-0,AA,,,,,dyn-box-1782413261929-376,AA3-1 WNB OmpG Mutants #4,,,NP00000448,V2,5,4,62.4 µM,60 µL,,2021-02-15,"OmpG 2 Cys V2 in 8M urea, 20 mM Tris pH 8, 2 mM TCEP",,,$,,Default,,,,,
,V2,,Main Lab,1,vials,,,-80 Freezer / A Shelf / AA / AA3-1 WNB OmpG Mutants #4,-80 Freezer / A Shelf / AA / AA3-1 WNB OmpG Mutants #4,Available,,,,,,,,,,,,,,,,,,,,,,,,,2615,-80 Freezer,5105,A Shelf,dyn-rack-1782413261908-0,AA,,,,,dyn-box-1782413261929-376,AA3-1 WNB OmpG Mutants #4,,,NP00000449,V2,5,5,62.4 µM,60 µL,,2021-02-15,"OmpG 2 Cys V2 in 8M urea, 20 mM Tris pH 8, 2 mM TCEP",,,$,,Default,,,,,
,V2,,Main Lab,1,vials,,,-80 Freezer / A Shelf / AA / AA3-1 WNB OmpG Mutants #4,-80 Freezer / A Shelf / AA / AA3-1 WNB OmpG Mutants #4,Available,,,,,,,,,,,,,,,,,,,,,,,,,2615,-80 Freezer,5105,A Shelf,dyn-rack-1782413261908-0,AA,,,,,dyn-box-1782413261929-376,AA3-1 WNB OmpG Mutants #4,,,NP00000450,V2,5,6,62.4 µM,60 µL,,2021-02-15,"OmpG 2 Cys V2 in 8M urea, 20 mM Tris pH 8, 2 mM TCEP",,,$,,Default,,,,,
,V2,,Main Lab,1,vials,,,-80 Freezer / A Shelf / AA / AA3-1 WNB OmpG Mutants #4,-80 Freezer / A Shelf / AA / AA3-1 WNB OmpG Mutants #4,Available,,,,,,,,,,,,,,,,,,,,,,,,,2615,-80 Freezer,5105,A Shelf,dyn-rack-1782413261908-0,AA,,,,,dyn-box-1782413261929-376,AA3-1 WNB OmpG Mutants #4,,,NP00000451,V2,5,7,62.4 µM,60 µL,,2021-02-15,"OmpG 2 Cys V2 in 8M urea, 20 mM Tris pH 8, 2 mM TCEP",,,$,,Default,,,,,
,V2,,Main Lab,1,vials,,,-80 Freezer / A Shelf / AA / AA3-1 WNB OmpG Mutants #4,-80 Freezer / A Shelf / AA / AA3-1 WNB OmpG Mutants #4,Available,,,,,,,,,,,,,,,,,,,,,,,,,2615,-80 Freezer,5105,A Shelf,dyn-rack-1782413261908-0,AA,,,,,dyn-box-1782413261929-376,AA3-1 WNB OmpG Mutants #4,,,NP00000452,V2,5,8,62.4 µM,60 µL,,2021-02-15,"OmpG 2 Cys V2 in 8M urea, 20 mM Tris pH 8, 2 mM TCEP",,,$,,Default,,,,,
,V2,,Main Lab,1,vials,,,-80 Freezer / A Shelf / AA / AA3-1 WNB OmpG Mutants #4,-80 Freezer / A Shelf / AA / AA3-1 WNB OmpG Mutants #4,Available,,,,,,,,,,,,,,,,,,,,,,,,,2615,-80 Freezer,5105,A Shelf,dyn-rack-1782413261908-0,AA,,,,,dyn-box-1782413261929-376,AA3-1 WNB OmpG Mutants #4,,,NP00000453,V2,5,9,62.4 µM,60 µL,,2021-02-15,"OmpG 2 Cys V2 in 8M urea, 20 mM Tris pH 8, 2 mM TCEP",,,$,,Default,,,,,
,V2,,Main Lab,1,vials,,,-80 Freezer / A Shelf / AA / AA3-1 WNB OmpG Mutants #4,-80 Freezer / A Shelf / AA / AA3-1 WNB OmpG Mutants #4,Available,,,,,,,,,,,,,,,,,,,,,,,,,2615,-80 Freezer,5105,A Shelf,dyn-rack-1782413261908-0,AA,,,,,dyn-box-1782413261929-376,AA3-1 WNB OmpG Mutants #4,,,NP00000454,V2,6,2,62.4 µM,60 µL,,2021-02-15,"OmpG 2 Cys V2 in 8M urea, 20 mM Tris pH 8, 2 mM TCEP",,,$,,Default,,,,,
,V2,,Main Lab,1,vials,,,-80 Freezer / A Shelf / AA / AA3-1 WNB OmpG Mutants #4,-80 Freezer / A Shelf / AA / AA3-1 WNB OmpG Mutants #4,Available,,,,,,,,,,,,,,,,,,,,,,,,,2615,-80 Freezer,5105,A Shelf,dyn-rack-1782413261908-0,AA,,,,,dyn-box-1782413261929-376,AA3-1 WNB OmpG Mutants #4,,,NP00000455,V2,6,3,62.4 µM,60 µL,,2021-02-15,"OmpG 2 Cys V2 in 8M urea, 20 mM Tris pH 8, 2 mM TCEP",,,$,,Default,,,,,
,V2,,Main Lab,1,vials,,,-80 Freezer / A Shelf / AA / AA3-1 WNB OmpG Mutants #4,-80 Freezer / A Shelf / AA / AA3-1 WNB OmpG Mutants #4,Available,,,,,,,,,,,,,,,,,,,,,,,,,2615,-80 Freezer,5105,A Shelf,dyn-rack-1782413261908-0,AA,,,,,dyn-box-1782413261929-376,AA3-1 WNB OmpG Mutants #4,,,NP00000456,V2,6,4,62.4 µM,60 µL,,2021-02-15,"OmpG 2 Cys V2 in 8M urea, 20 mM Tris pH 8, 2 mM TCEP",,,$,,Default,,,,,
,V2,,Main Lab,1,vials,,,-80 Freezer / A Shelf / AA / AA3-1 WNB OmpG Mutants #4,-80 Freezer / A Shelf / AA / AA3-1 WNB OmpG Mutants #4,Available,,,,,,,,,,,,,,,,,,,,,,,,,2615,-80 Freezer,5105,A Shelf,dyn-rack-1782413261908-0,AA,,,,,dyn-box-1782413261929-376,AA3-1 WNB OmpG Mutants #4,,,NP00000457,V2,6,5,62.4 µM,60 µL,,2021-02-15,"OmpG 2 Cys V2 in 8M urea, 20 mM Tris pH 8, 2 mM TCEP",,,$,,Default,,,,,
,V2,,Main Lab,1,vials,,,-80 Freezer / A Shelf / AA / AA3-1 WNB OmpG Mutants #4,-80 Freezer / A Shelf / AA / AA3-1 WNB OmpG Mutants #4,Available,,,,,,,,,,,,,,,,,,,,,,,,,2615,-80 Freezer,5105,A Shelf,dyn-rack-1782413261908-0,AA,,,,,dyn-box-1782413261929-376,AA3-1 WNB OmpG Mutants #4,,,NP00000458,V2,6,6,62.4 µM,60 µL,,2021-02-15,"OmpG 2 Cys V2 in 8M urea, 20 mM Tris pH 8, 2 mM TCEP",,,$,,Default,,,,,
,V2,,Main Lab,1,vials,,,-80 Freezer / A Shelf / AA / AA3-1 WNB OmpG Mutants #4,-80 Freezer / A Shelf / AA / AA3-1 WNB OmpG Mutants #4,Available,,,,,,,,,,,,,,,,,,,,,,,,,2615,-80 Freezer,5105,A Shelf,dyn-rack-1782413261908-0,AA,,,,,dyn-box-1782413261929-376,AA3-1 WNB OmpG Mutants #4,,,NP00000459,V2,6,7,62.4 µM,60 µL,,2021-02-15,"OmpG 2 Cys V2 in 8M urea, 20 mM Tris pH 8, 2 mM TCEP",,,$,,Default,,,,,
,V2,,Main Lab,1,vials,,,-80 Freezer / A Shelf / AA / AA3-1 WNB OmpG Mutants #4,-80 Freezer / A Shelf / AA / AA3-1 WNB OmpG Mutants #4,Available,,,,,,,,,,,,,,,,,,,,,,,,,2615,-80 Freezer,5105,A Shelf,dyn-rack-1782413261908-0,AA,,,,,dyn-box-1782413261929-376,AA3-1 WNB OmpG Mutants #4,,,NP00000460,V2,6,8,62.4 µM,60 µL,,2021-02-15,"OmpG 2 Cys V2 in 8M urea, 20 mM Tris pH 8, 2 mM TCEP",,,$,,Default,,,,,
,V2,,Main Lab,1,vials,,,-80 Freezer / A Shelf / AA / AA3-1 WNB OmpG Mutants #4,-80 Freezer / A Shelf / AA / AA3-1 WNB OmpG Mutants #4,Available,,,,,,,,,,,,,,,,,,,,,,,,,2615,-80 Freezer,5105,A Shelf,dyn-rack-1782413261908-0,AA,,,,,dyn-box-1782413261929-376,AA3-1 WNB OmpG Mutants #4,,,NP00000461,V2,6,9,62.4 µM,60 µL,,2021-02-15,"OmpG 2 Cys V2 in 8M urea, 20 mM Tris pH 8, 2 mM TCEP",,,$,,Default,,,,,
,V2,,Main Lab,1,vials,,,-80 Freezer / A Shelf / AA / AA3-1 WNB OmpG Mutants #4,-80 Freezer / A Shelf / AA / AA3-1 WNB OmpG Mutants #4,Available,,,,,,,,,,,,,,,,,,,,,,,,,2615,-80 Freezer,5105,A Shelf,dyn-rack-1782413261908-0,AA,,,,,dyn-box-1782413261929-376,AA3-1 WNB OmpG Mutants #4,,,NP00000462,V2,6,1,62.4 µM,60 µL,,2021-02-15,"OmpG 2 Cys V2 in 8M urea, 20 mM Tris pH 8, 2 mM TCEP",,,$,,Default,,,,,
,V2,,Main Lab,1,vials,,,-80 Freezer / A Shelf / AA / AA3-1 WNB OmpG Mutants #4,-80 Freezer / A Shelf / AA / AA3-1 WNB OmpG Mutants #4,Available,,,,,,,,,,,,,,,,,,,,,,,,,2615,-80 Freezer,5105,A Shelf,dyn-rack-1782413261908-0,AA,,,,,dyn-box-1782413261929-376,AA3-1 WNB OmpG Mutants #4,,,NP00000463,V2,7,1,62.4 µM,60 µL,,2021-02-15,"OmpG 2 Cys V2 in 8M urea, 20 mM Tris pH 8, 2 mM TCEP",,,$,,Default,,,,,
,V2,,Main Lab,1,vials,,,-80 Freezer / A Shelf / AA / AA3-1 WNB OmpG Mutants #4,-80 Freezer / A Shelf / AA / AA3-1 WNB OmpG Mutants #4,Available,,,,,,,,,,,,,,,,,,,,,,,,,2615,-80 Freezer,5105,A Shelf,dyn-rack-1782413261908-0,AA,,,,,dyn-box-1782413261929-376,AA3-1 WNB OmpG Mutants #4,,,NP00000464,V2,7,2,62.4 µM,60 µL,,2021-02-15,"OmpG 2 Cys V2 in 8M urea, 20 mM Tris pH 8, 2 mM TCEP",,,$,,Default,,,,,
,V2,,Main Lab,1,vials,,,-80 Freezer / A Shelf / AA / AA3-1 WNB OmpG Mutants #4,-80 Freezer / A Shelf / AA / AA3-1 WNB OmpG Mutants #4,Available,,,,,,,,,,,,,,,,,,,,,,,,,2615,-80 Freezer,5105,A Shelf,dyn-rack-1782413261908-0,AA,,,,,dyn-box-1782413261929-376,AA3-1 WNB OmpG Mutants #4,,,NP00000465,V2,7,3,62.4 µM,60 µL,,2021-02-15,"OmpG 2 Cys V2 in 8M urea, 20 mM Tris pH 8, 2 mM TCEP",,,$,,Default,,,,,
,BAM 1289 #1,,Main Lab,1,vials,,,-80 Freezer / A Shelf / AA / AA3 / AA3-3 WNB Temp Storage,-80 Freezer / A Shelf / AA / AA3 / AA3-3 WNB Temp Storage,Available,,,,,,,,,,,,,,,,,,,,,,,,,2615,-80 Freezer,5105,A Shelf,dyn-rack-1782413261908-0,AA,drawer-1786391575788-3,AA3,,,dyn-box-1782413261932-438,AA3-3 WNB Temp Storage,,,NP00000467,BAM 1289 #1,1,1,32.61 µM,~2 mL,,2025-07-08,"BAM 1289 Prep #1 from 7.8.2025, in 15 mL conical",,,$,,Default,,,,,
,BAM 1289 #2,,Main Lab,1,vials,,,-80 Freezer / A Shelf / AA / AA3 / AA3-3 WNB Temp Storage,-80 Freezer / A Shelf / AA / AA3 / AA3-3 WNB Temp Storage,Available,,,,,,,,,,,,,,,,,,,,,,,,,2615,-80 Freezer,5105,A Shelf,dyn-rack-1782413261908-0,AA,drawer-1786391575788-3,AA3,,,dyn-box-1782413261932-438,AA3-3 WNB Temp Storage,,,NP00000468,BAM 1289 #2,1,2,34.39 µM,~2 mL,,2025-07-08,"BAM 1289 Prep #2 from 7.8.2025, in 15 mL conical",,,$,,Default,,,,,
,PA_ArnA_DH,,Main Lab,1,vials,,,-80 Freezer / A Shelf / AB / AB1 / AB1-1-ArnA-homologs,-80 Freezer / A Shelf / AB / AB1 / AB1-1-ArnA-homologs,Available,,,,,,,,,,,,,,,,,,,,,,,,,2615,-80 Freezer,5105,A Shelf,dyn-rack-1782413261932-440,AB,drawer-1786392471805-1,AB1,,,dyn-box-1782413261932-440,AB1-1-ArnA-homologs,,,NP00000469,PA_ArnA_DH,1,1,10.2 mg/mL,50 uL,,2025-07-19,Experiment Reference: ADB-10-040,,,$,,Default,,,,,
,PA_ArnA_DH,,Main Lab,1,vials,,,-80 Freezer / A Shelf / AB / AB1 / AB1-1-ArnA-homologs,-80 Freezer / A Shelf / AB / AB1 / AB1-1-ArnA-homologs,Available,,,,,,,,,,,,,,,,,,,,,,,,,2615,-80 Freezer,5105,A Shelf,dyn-rack-1782413261932-440,AB,drawer-1786392471805-1,AB1,,,dyn-box-1782413261932-440,AB1-1-ArnA-homologs,,,NP00000470,PA_ArnA_DH,1,2,10.2 mg/mL,50 uL,,2025-07-19,Experiment Reference: ADB-10-040,,,$,,Default,,,,,
,PA_ArnA_DH,,Main Lab,1,vials,,,-80 Freezer / A Shelf / AB / AB1 / AB1-1-ArnA-homologs,-80 Freezer / A Shelf / AB / AB1 / AB1-1-ArnA-homologs,Available,,,,,,,,,,,,,,,,,,,,,,,,,2615,-80 Freezer,5105,A Shelf,dyn-rack-1782413261932-440,AB,drawer-1786392471805-1,AB1,,,dyn-box-1782413261932-440,AB1-1-ArnA-homologs,,,NP00000471,PA_ArnA_DH,1,3,10.2 mg/mL,50 uL,,2025-07-19,Experiment Reference: ADB-10-040,,,$,,Default,,,,,
,PA_ArnA_DH,,Main Lab,1,vials,,,-80 Freezer / A Shelf / AB / AB1 / AB1-1-ArnA-homologs,-80 Freezer / A Shelf / AB / AB1 / AB1-1-ArnA-homologs,Available,,,,,,,,,,,,,,,,,,,,,,,,,2615,-80 Freezer,5105,A Shelf,dyn-rack-1782413261932-440,AB,drawer-1786392471805-1,AB1,,,dyn-box-1782413261932-440,AB1-1-ArnA-homologs,,,NP00000472,PA_ArnA_DH,1,4,10.2 mg/mL,50 uL,,2025-07-19,Experiment Reference: ADB-10-040,,,$,,Default,,,,,
,PA_ArnA_DH,,Main Lab,1,vials,,,-80 Freezer / A Shelf / AB / AB1 / AB1-1-ArnA-homologs,-80 Freezer / A Shelf / AB / AB1 / AB1-1-ArnA-homologs,Available,,,,,,,,,,,,,,,,,,,,,,,,,2615,-80 Freezer,5105,A Shelf,dyn-rack-1782413261932-440,AB,drawer-1786392471805-1,AB1,,,dyn-box-1782413261932-440,AB1-1-ArnA-homologs,,,NP00000473,PA_ArnA_DH,1,5,10.2 mg/mL,50 uL,,2025-07-19,Experiment Reference: ADB-10-040,,,$,,Default,,,,,
,PA_ArnA_DH,,Main Lab,1,vials,,,-80 Freezer / A Shelf / AB / AB1 / AB1-1-ArnA-homologs,-80 Freezer / A Shelf / AB / AB1 / AB1-1-ArnA-homologs,Available,,,,,,,,,,,,,,,,,,,,,,,,,2615,-80 Freezer,5105,A Shelf,dyn-rack-1782413261932-440,AB,drawer-1786392471805-1,AB1,,,dyn-box-1782413261932-440,AB1-1-ArnA-homologs,,,NP00000474,PA_ArnA_DH,1,6,10.2 mg/mL,50 uL,,2025-07-19,Experiment Reference: ADB-10-040,,,$,,Default,,,,,
,PA_ArnA_DH,,Main Lab,1,vials,,,-80 Freezer / A Shelf / AB / AB1 / AB1-1-ArnA-homologs,-80 Freezer / A Shelf / AB / AB1 / AB1-1-ArnA-homologs,Available,,,,,,,,,,,,,,,,,,,,,,,,,2615,-80 Freezer,5105,A Shelf,dyn-rack-1782413261932-440,AB,drawer-1786392471805-1,AB1,,,dyn-box-1782413261932-440,AB1-1-ArnA-homologs,,,NP00000475,PA_ArnA_DH,1,7,10.2 mg/mL,50 uL,,2025-07-19,Experiment Reference: ADB-10-040,,,$,,Default,,,,,
,PA_ArnA_DH,,Main Lab,1,vials,,,-80 Freezer / A Shelf / AB / AB1 / AB1-1-ArnA-homologs,-80 Freezer / A Shelf / AB / AB1 / AB1-1-ArnA-homologs,Available,,,,,,,,,,,,,,,,,,,,,,,,,2615,-80 Freezer,5105,A Shelf,dyn-rack-1782413261932-440,AB,drawer-1786392471805-1,AB1,,,dyn-box-1782413261932-440,AB1-1-ArnA-homologs,,,NP00000476,PA_ArnA_DH,1,8,10.2 mg/mL,50 uL,,2025-07-19,,,,$,,Default,,,,,
,PA_ArnA_DH,,Main Lab,1,vials,,,-80 Freezer / A Shelf / AB / AB1 / AB1-1-ArnA-homologs,-80 Freezer / A Shelf / AB / AB1 / AB1-1-ArnA-homologs,Available,,,,,,,,,,,,,,,,,,,,,,,,,2615,-80 Freezer,5105,A Shelf,dyn-rack-1782413261932-440,AB,drawer-1786392471805-1,AB1,,,dyn-box-1782413261932-440,AB1-1-ArnA-homologs,,,NP00000478,PA_ArnA_DH,2,1,12.3 mg/mL,50 uL,,2025-07-19,"Experiment reference: ADB-10-040
dehydrogenase domain of ArnA from pseudomonas aeruginosa",,,$,,Default,,,,,
,PA_ArnA_DH,,Main Lab,1,vials,,,-80 Freezer / A Shelf / AB / AB1 / AB1-1-ArnA-homologs,-80 Freezer / A Shelf / AB / AB1 / AB1-1-ArnA-homologs,Available,,,,,,,,,,,,,,,,,,,,,,,,,2615,-80 Freezer,5105,A Shelf,dyn-rack-1782413261932-440,AB,drawer-1786392471805-1,AB1,,,dyn-box-1782413261932-440,AB1-1-ArnA-homologs,,,NP00000479,PA_ArnA_DH,1,9,12.3 mg/mL,50 uL,,2025-07-19,"Experiment reference: ADB-10-040
dehydrogenase domain of ArnA from pseudomonas aeruginosa",,,$,,Default,,,,,
,PA_ArnA_DH,,Main Lab,1,vials,,,-80 Freezer / A Shelf / AB / AB1 / AB1-1-ArnA-homologs,-80 Freezer / A Shelf / AB / AB1 / AB1-1-ArnA-homologs,Available,,,,,,,,,,,,,,,,,,,,,,,,,2615,-80 Freezer,5105,A Shelf,dyn-rack-1782413261932-440,AB,drawer-1786392471805-1,AB1,,,dyn-box-1782413261932-440,AB1-1-ArnA-homologs,,,NP00000480,PA_ArnA_DH,2,2,12.3 mg/mL,50 uL,,2025-07-19,"Experiment reference: ADB-10-040.
dehydrogenase domain of ArnA from pseudomonas aeruginosa",,,$,,Default,,,,,
,PA_ArnA_DH,,Main Lab,1,vials,,,-80 Freezer / A Shelf / AB / AB1 / AB1-1-ArnA-homologs,-80 Freezer / A Shelf / AB / AB1 / AB1-1-ArnA-homologs,Available,,,,,,,,,,,,,,,,,,,,,,,,,2615,-80 Freezer,5105,A Shelf,dyn-rack-1782413261932-440,AB,drawer-1786392471805-1,AB1,,,dyn-box-1782413261932-440,AB1-1-ArnA-homologs,,,NP00000481,PA_ArnA_DH,2,3,12.3 mg/mL,50 uL,,2025-07-19,"Experiment reference: ADB-10-040.
dehydrogenase domain of ArnA from pseudomonas aeruginosa",,,$,,Default,,,,,
,PA_ArnA_DH,,Main Lab,1,vials,,,-80 Freezer / A Shelf / AB / AB1 / AB1-1-ArnA-homologs,-80 Freezer / A Shelf / AB / AB1 / AB1-1-ArnA-homologs,Available,,,,,,,,,,,,,,,,,,,,,,,,,2615,-80 Freezer,5105,A Shelf,dyn-rack-1782413261932-440,AB,drawer-1786392471805-1,AB1,,,dyn-box-1782413261932-440,AB1-1-ArnA-homologs,,,NP00000482,PA_ArnA_DH,2,5,12.3 mg/mL,50 uL,,2025-07-19,"Experiment reference: ADB-10-040
dehydrogenase domain of ArnA from pseudomonas aeruginosa",,,$,,Default,,,,,
,PA_ArnA_DH,,Main Lab,1,vials,,,-80 Freezer / A Shelf / AB / AB1 / AB1-1-ArnA-homologs,-80 Freezer / A Shelf / AB / AB1 / AB1-1-ArnA-homologs,Available,,,,,,,,,,,,,,,,,,,,,,,,,2615,-80 Freezer,5105,A Shelf,dyn-rack-1782413261932-440,AB,drawer-1786392471805-1,AB1,,,dyn-box-1782413261932-440,AB1-1-ArnA-homologs,,,NP00000483,PA_ArnA_DH,2,6,12.3 mg/mL,50 uL,,2025-07-19,"Experiment reference: ADB-10-040
dehydrogenase domain of ArnA from pseudomonas aeruginosa",,,$,,Default,,,,,
,PA_ArnA_DH,,Main Lab,1,vials,,,-80 Freezer / A Shelf / AB / AB1 / AB1-1-ArnA-homologs,-80 Freezer / A Shelf / AB / AB1 / AB1-1-ArnA-homologs,Available,,,,,,,,,,,,,,,,,,,,,,,,,2615,-80 Freezer,5105,A Shelf,dyn-rack-1782413261932-440,AB,drawer-1786392471805-1,AB1,,,dyn-box-1782413261932-440,AB1-1-ArnA-homologs,,,NP00000484,PA_ArnA_DH,2,7,12.3 mg/mL,50 uL,,2025-07-19,dehydrogenase domain of ArnA from pseudomonas aeruginosa,,,$,,Default,,,,,
,PA_ArnA_DH,,Main Lab,1,vials,,,-80 Freezer / A Shelf / AB / AB1 / AB1-1-ArnA-homologs,-80 Freezer / A Shelf / AB / AB1 / AB1-1-ArnA-homologs,Available,,,,,,,,,,,,,,,,,,,,,,,,,2615,-80 Freezer,5105,A Shelf,dyn-rack-1782413261932-440,AB,drawer-1786392471805-1,AB1,,,dyn-box-1782413261932-440,AB1-1-ArnA-homologs,,,NP00000485,PA_ArnA_DH,2,8,12.3 mg/mL,50 uL,,2025-07-19,dehydrogenase domain of ArnA from pseudomonas aeruginosa,,,$,,Default,,,,,
,PA_ArnA_DH,,Main Lab,1,vials,,,-80 Freezer / A Shelf / AB / AB1 / AB1-1-ArnA-homologs,-80 Freezer / A Shelf / AB / AB1 / AB1-1-ArnA-homologs,Available,,,,,,,,,,,,,,,,,,,,,,,,,2615,-80 Freezer,5105,A Shelf,dyn-rack-1782413261932-440,AB,drawer-1786392471805-1,AB1,,,dyn-box-1782413261932-440,AB1-1-ArnA-homologs,,,NP00000486,PA_ArnA_DH,2,9,12.3 mg/mL,50 uL,,2025-07-19,dehydrogenase domain of ArnA from pseudomonas aeruginosa,,,$,,Default,,,,,
,PA_ArnA_DH,,Main Lab,1,vials,,,-80 Freezer / A Shelf / AB / AB1 / AB1-1-ArnA-homologs,-80 Freezer / A Shelf / AB / AB1 / AB1-1-ArnA-homologs,Available,,,,,,,,,,,,,,,,,,,,,,,,,2615,-80 Freezer,5105,A Shelf,dyn-rack-1782413261932-440,AB,drawer-1786392471805-1,AB1,,,dyn-box-1782413261932-440,AB1-1-ArnA-homologs,,,NP00000487,PA_ArnA_DH,3,1,12.3 mg/mL,50 uL,,2025-07-19,dehydrogenase domain of ArnA from pseudomonas aeruginosa,,,$,,Default,,,,,
,PA_ArnA_DH,,Main Lab,1,vials,,,-80 Freezer / A Shelf / AB / AB1 / AB1-1-ArnA-homologs,-80 Freezer / A Shelf / AB / AB1 / AB1-1-ArnA-homologs,Available,,,,,,,,,,,,,,,,,,,,,,,,,2615,-80 Freezer,5105,A Shelf,dyn-rack-1782413261932-440,AB,drawer-1786392471805-1,AB1,,,dyn-box-1782413261932-440,AB1-1-ArnA-homologs,,,NP00000490,PA_ArnA_DH,2,4,12.3 mg/mL,50 uL,,2025-07-19,"Experiment reference: ADB-10-040
dehydrogenase domain of ArnA from pseudomonas aeruginosa",,,$,,Default,,,,,
,EC_ArnB,,Main Lab,1,vials,,,-80 Freezer / A Shelf / AB / AB1 / AB1-2-ArnB-Homologs,-80 Freezer / A Shelf / AB / AB1 / AB1-2-ArnB-Homologs,Available,,,,,,,,,,,,,,,,,,,,,,,,,2615,-80 Freezer,5105,A Shelf,dyn-rack-1782413261932-440,AB,drawer-1786392471805-1,AB1,,,dyn-box-1782413261933-459,AB1-2-ArnB-Homologs,,,NP00000500,EC_ArnB,1,1,27.6 mg/mL,20 uL,,2025-07-18,"Prepped by Daniel Munoz. 01.11.23
MW: 41.8 kDa. Extinction coefficient: 47900 M^-1 cm^-1",,,$,,Default,,,,,
,EC_ArnB,,Main Lab,1,vials,,,-80 Freezer / A Shelf / AB / AB1 / AB1-2-ArnB-Homologs,-80 Freezer / A Shelf / AB / AB1 / AB1-2-ArnB-Homologs,Available,,,,,,,,,,,,,,,,,,,,,,,,,2615,-80 Freezer,5105,A Shelf,dyn-rack-1782413261932-440,AB,drawer-1786392471805-1,AB1,,,dyn-box-1782413261933-459,AB1-2-ArnB-Homologs,,,NP00000501,EC_ArnB,1,2,27.6 mg/mL,20 uL,,2025-07-19,"Prepped by Daniel Munoz. 01.11.23
MW: 41.8 kDa. Extinction coefficient: 47900 M^-1 cm^-1",,,$,,Default,,,,,
,EC_ArnB,,Main Lab,1,vials,,,-80 Freezer / A Shelf / AB / AB1 / AB1-2-ArnB-Homologs,-80 Freezer / A Shelf / AB / AB1 / AB1-2-ArnB-Homologs,Available,,,,,,,,,,,,,,,,,,,,,,,,,2615,-80 Freezer,5105,A Shelf,dyn-rack-1782413261932-440,AB,drawer-1786392471805-1,AB1,,,dyn-box-1782413261933-459,AB1-2-ArnB-Homologs,,,NP00000502,EC_ArnB,1,5,27.6 mg/mL,20 uL,,2025-07-19,"Prepped by Daniel Munoz. 01.11.23
MW: 41.8 kDa. Extinction coefficient: 47900 M^-1 cm^-1",,,$,,Default,,,,,
,EC_ArnB,,Main Lab,1,vials,,,-80 Freezer / A Shelf / AB / AB1 / AB1-2-ArnB-Homologs,-80 Freezer / A Shelf / AB / AB1 / AB1-2-ArnB-Homologs,Available,,,,,,,,,,,,,,,,,,,,,,,,,2615,-80 Freezer,5105,A Shelf,dyn-rack-1782413261932-440,AB,drawer-1786392471805-1,AB1,,,dyn-box-1782413261933-459,AB1-2-ArnB-Homologs,,,NP00000503,EC_ArnB,1,6,27.6 mg/mL,20 uL,,2025-07-19,"Prepped by Daniel Munoz. 01.11.23
MW: 41.8 kDa. Extinction coefficient: 47900 M^-1 cm^-1",,,$,,Default,,,,,
,EC_ArnB,,Main Lab,1,vials,,,-80 Freezer / A Shelf / AB / AB1 / AB1-2-ArnB-Homologs,-80 Freezer / A Shelf / AB / AB1 / AB1-2-ArnB-Homologs,Available,,,,,,,,,,,,,,,,,,,,,,,,,2615,-80 Freezer,5105,A Shelf,dyn-rack-1782413261932-440,AB,drawer-1786392471805-1,AB1,,,dyn-box-1782413261933-459,AB1-2-ArnB-Homologs,,,NP00000504,EC_ArnB,1,8,27.6 mg/mL,20 uL,,2025-07-19,"Prepped by Daniel Munoz. 01.11.23
MW: 41.8 kDa. Extinction coefficient: 47900 M^-1 cm^-1",,,$,,Default,,,,,
,EC_ArnB,,Main Lab,1,vials,,,-80 Freezer / A Shelf / AB / AB1 / AB1-2-ArnB-Homologs,-80 Freezer / A Shelf / AB / AB1 / AB1-2-ArnB-Homologs,Available,,,,,,,,,,,,,,,,,,,,,,,,,2615,-80 Freezer,5105,A Shelf,dyn-rack-1782413261932-440,AB,drawer-1786392471805-1,AB1,,,dyn-box-1782413261933-459,AB1-2-ArnB-Homologs,,,NP00000505,EC_ArnB,2,1,27.6 mg/mL,20 uL,,2025-07-19,"Prepped by Daniel Munoz. 01.11.23
MW: 41.8 kDa. Extinction coefficient: 47900 M^-1 cm^-1",,,$,,Default,,,,,
,EC_ArnB,,Main Lab,1,vials,,,-80 Freezer / A Shelf / AB / AB1 / AB1-2-ArnB-Homologs,-80 Freezer / A Shelf / AB / AB1 / AB1-2-ArnB-Homologs,Available,,,,,,,,,,,,,,,,,,,,,,,,,2615,-80 Freezer,5105,A Shelf,dyn-rack-1782413261932-440,AB,drawer-1786392471805-1,AB1,,,dyn-box-1782413261933-459,AB1-2-ArnB-Homologs,,,NP00000506,EC_ArnB,1,3,27.6 mg/mL,20 uL,,2025-07-19,"Prepped by Daniel Munoz. 01.11.23
MW: 41.8 kDa. Extinction coefficient: 47900 M^-1 cm^-1",,,$,,Default,,,,,
,EC_ArnB,,Main Lab,1,vials,,,-80 Freezer / A Shelf / AB / AB1 / AB1-2-ArnB-Homologs,-80 Freezer / A Shelf / AB / AB1 / AB1-2-ArnB-Homologs,Available,,,,,,,,,,,,,,,,,,,,,,,,,2615,-80 Freezer,5105,A Shelf,dyn-rack-1782413261932-440,AB,drawer-1786392471805-1,AB1,,,dyn-box-1782413261933-459,AB1-2-ArnB-Homologs,,,NP00000507,EC_ArnB,1,4,27.6 mg/mL,20 uL,,2025-07-19,"Prepped by Daniel Munoz. 01.11.23
MW: 41.8 kDa. Extinction coefficient: 47900 M^-1 cm^-1",,,$,,Default,,,,,
,EC_ArnB,,Main Lab,1,vials,,,-80 Freezer / A Shelf / AB / AB1 / AB1-2-ArnB-Homologs,-80 Freezer / A Shelf / AB / AB1 / AB1-2-ArnB-Homologs,Available,,,,,,,,,,,,,,,,,,,,,,,,,2615,-80 Freezer,5105,A Shelf,dyn-rack-1782413261932-440,AB,drawer-1786392471805-1,AB1,,,dyn-box-1782413261933-459,AB1-2-ArnB-Homologs,,,NP00000509,EC_ArnB,1,7,27.6 mg/mL,20 uL,,2025-07-19,"Prepped by Daniel Munoz. 01.11.23
MW: 41.8 kDa. Extinction coefficient: 47900 M^-1 cm^-1",,,$,,Default,,,,,
,EC_ArnB,,Main Lab,1,vials,,,-80 Freezer / A Shelf / AB / AB1 / AB1-2-ArnB-Homologs,-80 Freezer / A Shelf / AB / AB1 / AB1-2-ArnB-Homologs,Available,,,,,,,,,,,,,,,,,,,,,,,,,2615,-80 Freezer,5105,A Shelf,dyn-rack-1782413261932-440,AB,drawer-1786392471805-1,AB1,,,dyn-box-1782413261933-459,AB1-2-ArnB-Homologs,,,NP00000510,EC_ArnB,1,9,27.6 mg/mL,20 uL,,2025-07-19,"Prepped by Daniel Munoz. 01.11.23
MW: 41.8 kDa. Extinction coefficient: 47900 M^-1 cm^-1",,,$,,Default,,,,,
,EC_ArnD in DDM,,Main Lab,1,vials,,,-80 Freezer / A Shelf / AB / AB1 / AB1-3-ArnD_Homologs,-80 Freezer / A Shelf / AB / AB1 / AB1-3-ArnD_Homologs,Available,,,,,,,,,,,,,,,,,,,,,,,,,2615,-80 Freezer,5105,A Shelf,dyn-rack-1782413261932-440,AB,drawer-1786392471805-1,AB1,,,dyn-box-1782413261933-469,AB1-3-ArnD_Homologs,,,NP00000516,EC_ArnD in DDM,3,1,13.4 mg/mL,100 uL,,2025-07-19,Prepped 11.04.2020,,,$,,Default,,,,,
,EC_ArnD in DDM,,Main Lab,1,vials,,,-80 Freezer / A Shelf / AB / AB1 / AB1-3-ArnD_Homologs,-80 Freezer / A Shelf / AB / AB1 / AB1-3-ArnD_Homologs,Available,,,,,,,,,,,,,,,,,,,,,,,,,2615,-80 Freezer,5105,A Shelf,dyn-rack-1782413261932-440,AB,drawer-1786392471805-1,AB1,,,dyn-box-1782413261933-469,AB1-3-ArnD_Homologs,,,NP00000517,EC_ArnD in DDM,3,2,13.4 mg/mL,100 uL,,2025-07-19,Prepped 11.04.2020,,,$,,Default,,,,,
,EC_ArnD in DDM,,Main Lab,1,vials,,,-80 Freezer / A Shelf / AB / AB1 / AB1-3-ArnD_Homologs,-80 Freezer / A Shelf / AB / AB1 / AB1-3-ArnD_Homologs,Available,,,,,,,,,,,,,,,,,,,,,,,,,2615,-80 Freezer,5105,A Shelf,dyn-rack-1782413261932-440,AB,drawer-1786392471805-1,AB1,,,dyn-box-1782413261933-469,AB1-3-ArnD_Homologs,,,NP00000518,EC_ArnD in DDM,3,3,13.4 mg/mL,100 uL,,2025-07-19,Prepped 11.04.2020,,,$,,Default,,,,,
,EC_ArnD in DDM,,Main Lab,1,vials,,,-80 Freezer / A Shelf / AB / AB1 / AB1-3-ArnD_Homologs,-80 Freezer / A Shelf / AB / AB1 / AB1-3-ArnD_Homologs,Available,,,,,,,,,,,,,,,,,,,,,,,,,2615,-80 Freezer,5105,A Shelf,dyn-rack-1782413261932-440,AB,drawer-1786392471805-1,AB1,,,dyn-box-1782413261933-469,AB1-3-ArnD_Homologs,,,NP00000519,EC_ArnD in DDM,3,4,13.4 mg/mL,100 uL,,2025-07-19,Prepped 11.04.2020,,,$,,Default,,,,,
,EC_ArnD in DDM,,Main Lab,1,vials,,,-80 Freezer / A Shelf / AB / AB1 / AB1-3-ArnD_Homologs,-80 Freezer / A Shelf / AB / AB1 / AB1-3-ArnD_Homologs,Available,,,,,,,,,,,,,,,,,,,,,,,,,2615,-80 Freezer,5105,A Shelf,dyn-rack-1782413261932-440,AB,drawer-1786392471805-1,AB1,,,dyn-box-1782413261933-469,AB1-3-ArnD_Homologs,,,NP00000520,EC_ArnD in DDM,3,5,13.4 mg/mL,100 uL,,2025-07-19,Prepped 11.04.2020,,,$,,Default,,,,,
,EC_ArnD in DDM,,Main Lab,1,vials,,,-80 Freezer / A Shelf / AB / AB1 / AB1-3-ArnD_Homologs,-80 Freezer / A Shelf / AB / AB1 / AB1-3-ArnD_Homologs,Available,,,,,,,,,,,,,,,,,,,,,,,,,2615,-80 Freezer,5105,A Shelf,dyn-rack-1782413261932-440,AB,drawer-1786392471805-1,AB1,,,dyn-box-1782413261933-469,AB1-3-ArnD_Homologs,,,NP00000521,EC_ArnD in DDM,3,6,13.4 mg/mL,100 uL,,2025-07-19,Prepped 11.04.2020,,,$,,Default,,,,,
,EC_ArnD in DDM,,Main Lab,1,vials,,,-80 Freezer / A Shelf / AB / AB1 / AB1-3-ArnD_Homologs,-80 Freezer / A Shelf / AB / AB1 / AB1-3-ArnD_Homologs,Available,,,,,,,,,,,,,,,,,,,,,,,,,2615,-80 Freezer,5105,A Shelf,dyn-rack-1782413261932-440,AB,drawer-1786392471805-1,AB1,,,dyn-box-1782413261933-469,AB1-3-ArnD_Homologs,,,NP00000522,EC_ArnD in DDM,3,7,13.4 mg/mL,100 uL,,2025-07-19,Prepped 11.04.2020,,,$,,Default,,,,,
,EC_ArnD in DDM,,Main Lab,1,vials,,,-80 Freezer / A Shelf / AB / AB1 / AB1-3-ArnD_Homologs,-80 Freezer / A Shelf / AB / AB1 / AB1-3-ArnD_Homologs,Available,,,,,,,,,,,,,,,,,,,,,,,,,2615,-80 Freezer,5105,A Shelf,dyn-rack-1782413261932-440,AB,drawer-1786392471805-1,AB1,,,dyn-box-1782413261933-469,AB1-3-ArnD_Homologs,,,NP00000523,EC_ArnD in DDM,3,8,13.4 mg/mL,100 uL,,2025-07-19,Prepped 11.04.2020,,,$,,Default,,,,,
,EC_ArnD in DDM,,Main Lab,1,vials,,,-80 Freezer / A Shelf / AB / AB1 / AB1-3-ArnD_Homologs,-80 Freezer / A Shelf / AB / AB1 / AB1-3-ArnD_Homologs,Available,,,,,,,,,,,,,,,,,,,,,,,,,2615,-80 Freezer,5105,A Shelf,dyn-rack-1782413261932-440,AB,drawer-1786392471805-1,AB1,,,dyn-box-1782413261933-469,AB1-3-ArnD_Homologs,,,NP00000524,EC_ArnD in DDM,3,9,13.4 mg/mL,100 uL,,2025-07-19,Prepped 11.04.2020,,,$,,Default,,,,,
,EC_ArnD in DDM,,Main Lab,1,vials,,,-80 Freezer / A Shelf / AB / AB1 / AB1-3-ArnD_Homologs,-80 Freezer / A Shelf / AB / AB1 / AB1-3-ArnD_Homologs,Available,,,,,,,,,,,,,,,,,,,,,,,,,2615,-80 Freezer,5105,A Shelf,dyn-rack-1782413261932-440,AB,drawer-1786392471805-1,AB1,,,dyn-box-1782413261933-469,AB1-3-ArnD_Homologs,,,NP00000525,EC_ArnD in DDM,4,1,13.4 mg/mL,100 uL,,2025-07-19,Prepped 11.04.2020,,,$,,Default,,,,,
,EC_ArnD in DDM,,Main Lab,1,vials,,,-80 Freezer / A Shelf / AB / AB1 / AB1-3-ArnD_Homologs,-80 Freezer / A Shelf / AB / AB1 / AB1-3-ArnD_Homologs,Available,,,,,,,,,,,,,,,,,,,,,,,,,2615,-80 Freezer,5105,A Shelf,dyn-rack-1782413261932-440,AB,drawer-1786392471805-1,AB1,,,dyn-box-1782413261933-469,AB1-3-ArnD_Homologs,,,NP00000526,EC_ArnD in DDM,4,2,13.4 mg/mL,100 uL,,2025-07-19,Prepped 11.04.2020,,,$,,Default,,,,,
,EC_ArnD in DDM,,Main Lab,1,vials,,,-80 Freezer / A Shelf / AB / AB1 / AB1-3-ArnD_Homologs,-80 Freezer / A Shelf / AB / AB1 / AB1-3-ArnD_Homologs,Available,,,,,,,,,,,,,,,,,,,,,,,,,2615,-80 Freezer,5105,A Shelf,dyn-rack-1782413261932-440,AB,drawer-1786392471805-1,AB1,,,dyn-box-1782413261933-469,AB1-3-ArnD_Homologs,,,NP00000527,EC_ArnD in DDM,4,3,13.4 mg/mL,100 uL,,2025-07-19,Prepped 11.04.2020,,,$,,Default,,,,,
,EC_ArnD in DDM,,Main Lab,1,vials,,,-80 Freezer / A Shelf / AB / AB1 / AB1-3-ArnD_Homologs,-80 Freezer / A Shelf / AB / AB1 / AB1-3-ArnD_Homologs,Available,,,,,,,,,,,,,,,,,,,,,,,,,2615,-80 Freezer,5105,A Shelf,dyn-rack-1782413261932-440,AB,drawer-1786392471805-1,AB1,,,dyn-box-1782413261933-469,AB1-3-ArnD_Homologs,,,NP00000528,EC_ArnD in DDM,4,4,13.4 mg/mL,100 uL,,2025-07-19,Prepped 11.04.2020,,,$,,Default,,,,,
,EC_ArnD in Octyl glucoside,,Main Lab,1,vials,,,-80 Freezer / A Shelf / AB / AB1 / AB1-3-ArnD_Homologs,-80 Freezer / A Shelf / AB / AB1 / AB1-3-ArnD_Homologs,Available,,,,,,,,,,,,,,,,,,,,,,,,,2615,-80 Freezer,5105,A Shelf,dyn-rack-1782413261932-440,AB,drawer-1786392471805-1,AB1,,,dyn-box-1782413261933-469,AB1-3-ArnD_Homologs,,,NP00000535,EC_ArnD in Octyl glucoside,1,1,12 mg/mL,100 uL,,2025-07-19,Prepped 11.04.2020,,,$,,Default,,,,,
,EC_ArnD in Octyl glucoside,,Main Lab,1,vials,,,-80 Freezer / A Shelf / AB / AB1 / AB1-3-ArnD_Homologs,-80 Freezer / A Shelf / AB / AB1 / AB1-3-ArnD_Homologs,Available,,,,,,,,,,,,,,,,,,,,,,,,,2615,-80 Freezer,5105,A Shelf,dyn-rack-1782413261932-440,AB,drawer-1786392471805-1,AB1,,,dyn-box-1782413261933-469,AB1-3-ArnD_Homologs,,,NP00000536,EC_ArnD in Octyl glucoside,1,2,12 mg/mL,100 uL,,2025-07-19,Prepped 11.04.2020,,,$,,Default,,,,,
,EC_ArnD in Octyl glucoside,,Main Lab,1,vials,,,-80 Freezer / A Shelf / AB / AB1 / AB1-3-ArnD_Homologs,-80 Freezer / A Shelf / AB / AB1 / AB1-3-ArnD_Homologs,Available,,,,,,,,,,,,,,,,,,,,,,,,,2615,-80 Freezer,5105,A Shelf,dyn-rack-1782413261932-440,AB,drawer-1786392471805-1,AB1,,,dyn-box-1782413261933-469,AB1-3-ArnD_Homologs,,,NP00000537,EC_ArnD in Octyl glucoside,1,3,12 mg/mL,100 uL,,2025-07-19,Prepped 11.04.2020,,,$,,Default,,,,,
,EC_ArnD in Octyl glucoside,,Main Lab,1,vials,,,-80 Freezer / A Shelf / AB / AB1 / AB1-3-ArnD_Homologs,-80 Freezer / A Shelf / AB / AB1 / AB1-3-ArnD_Homologs,Available,,,,,,,,,,,,,,,,,,,,,,,,,2615,-80 Freezer,5105,A Shelf,dyn-rack-1782413261932-440,AB,drawer-1786392471805-1,AB1,,,dyn-box-1782413261933-469,AB1-3-ArnD_Homologs,,,NP00000538,EC_ArnD in Octyl glucoside,1,4,12 mg/mL,100 uL,,2025-07-19,Prepped 11.04.2020,,,$,,Default,,,,,
,EC_ArnD in Octyl glucoside,,Main Lab,1,vials,,,-80 Freezer / A Shelf / AB / AB1 / AB1-3-ArnD_Homologs,-80 Freezer / A Shelf / AB / AB1 / AB1-3-ArnD_Homologs,Available,,,,,,,,,,,,,,,,,,,,,,,,,2615,-80 Freezer,5105,A Shelf,dyn-rack-1782413261932-440,AB,drawer-1786392471805-1,AB1,,,dyn-box-1782413261933-469,AB1-3-ArnD_Homologs,,,NP00000539,EC_ArnD in Octyl glucoside,1,5,12 mg/mL,100 uL,,2025-07-19,Prepped 11.04.2020,,,$,,Default,,,,,
,EC_ArnD in Octyl glucoside,,Main Lab,1,vials,,,-80 Freezer / A Shelf / AB / AB1 / AB1-3-ArnD_Homologs,-80 Freezer / A Shelf / AB / AB1 / AB1-3-ArnD_Homologs,Available,,,,,,,,,,,,,,,,,,,,,,,,,2615,-80 Freezer,5105,A Shelf,dyn-rack-1782413261932-440,AB,drawer-1786392471805-1,AB1,,,dyn-box-1782413261933-469,AB1-3-ArnD_Homologs,,,NP00000553,EC_ArnD in Octyl glucoside,5,1,12 mg/mL,100 uL,,2025-07-19,Prepped 11.04.2020,,,$,,Default,,,,,
,EC_ArnD in Octyl glucoside,,Main Lab,1,vials,,,-80 Freezer / A Shelf / AB / AB1 / AB1-3-ArnD_Homologs,-80 Freezer / A Shelf / AB / AB1 / AB1-3-ArnD_Homologs,Available,,,,,,,,,,,,,,,,,,,,,,,,,2615,-80 Freezer,5105,A Shelf,dyn-rack-1782413261932-440,AB,drawer-1786392471805-1,AB1,,,dyn-box-1782413261933-469,AB1-3-ArnD_Homologs,,,NP00000554,EC_ArnD in Octyl glucoside,6,1,12 mg/mL,100 uL,,2025-07-19,Prepped 11.04.2020,,,$,,Default,,,,,
,EC_ArnD in Octyl glucoside,,Main Lab,1,vials,,,-80 Freezer / A Shelf / AB / AB1 / AB1-3-ArnD_Homologs,-80 Freezer / A Shelf / AB / AB1 / AB1-3-ArnD_Homologs,Available,,,,,,,,,,,,,,,,,,,,,,,,,2615,-80 Freezer,5105,A Shelf,dyn-rack-1782413261932-440,AB,drawer-1786392471805-1,AB1,,,dyn-box-1782413261933-469,AB1-3-ArnD_Homologs,,,NP00000555,EC_ArnD in Octyl glucoside,5,2,12 mg/mL,100 uL,,2025-07-19,Prepped 11.04.2020,,,$,,Default,,,,,
,EC_ArnD in Octyl glucoside,,Main Lab,1,vials,,,-80 Freezer / A Shelf / AB / AB1 / AB1-3-ArnD_Homologs,-80 Freezer / A Shelf / AB / AB1 / AB1-3-ArnD_Homologs,Available,,,,,,,,,,,,,,,,,,,,,,,,,2615,-80 Freezer,5105,A Shelf,dyn-rack-1782413261932-440,AB,drawer-1786392471805-1,AB1,,,dyn-box-1782413261933-469,AB1-3-ArnD_Homologs,,,NP00000556,EC_ArnD in Octyl glucoside,6,2,12 mg/mL,100 uL,,2025-07-19,Prepped 11.04.2020,,,$,,Default,,,,,
,EC_ArnD in Octyl glucoside,,Main Lab,1,vials,,,-80 Freezer / A Shelf / AB / AB1 / AB1-3-ArnD_Homologs,-80 Freezer / A Shelf / AB / AB1 / AB1-3-ArnD_Homologs,Available,,,,,,,,,,,,,,,,,,,,,,,,,2615,-80 Freezer,5105,A Shelf,dyn-rack-1782413261932-440,AB,drawer-1786392471805-1,AB1,,,dyn-box-1782413261933-469,AB1-3-ArnD_Homologs,,,NP00000557,EC_ArnD in Octyl glucoside,5,3,12 mg/mL,100 uL,,2025-07-19,Prepped 11.04.2020,,,$,,Default,,,,,
,EC_ArnD in Octyl glucoside,,Main Lab,1,vials,,,-80 Freezer / A Shelf / AB / AB1 / AB1-3-ArnD_Homologs,-80 Freezer / A Shelf / AB / AB1 / AB1-3-ArnD_Homologs,Available,,,,,,,,,,,,,,,,,,,,,,,,,2615,-80 Freezer,5105,A Shelf,dyn-rack-1782413261932-440,AB,drawer-1786392471805-1,AB1,,,dyn-box-1782413261933-469,AB1-3-ArnD_Homologs,,,NP00000558,EC_ArnD in Octyl glucoside,6,3,12 mg/mL,100 uL,,2025-07-19,Prepped 11.04.2020,,,$,,Default,,,,,
,EC_ArnD in Octyl glucoside,,Main Lab,1,vials,,,-80 Freezer / A Shelf / AB / AB1 / AB1-3-ArnD_Homologs,-80 Freezer / A Shelf / AB / AB1 / AB1-3-ArnD_Homologs,Available,,,,,,,,,,,,,,,,,,,,,,,,,2615,-80 Freezer,5105,A Shelf,dyn-rack-1782413261932-440,AB,drawer-1786392471805-1,AB1,,,dyn-box-1782413261933-469,AB1-3-ArnD_Homologs,,,NP00000559,EC_ArnD in Octyl glucoside,5,4,12 mg/mL,100 uL,,2025-07-19,Prepped 11.04.2020,,,$,,Default,,,,,
,EC_ArnD in Octyl glucoside,,Main Lab,1,vials,,,-80 Freezer / A Shelf / AB / AB1 / AB1-3-ArnD_Homologs,-80 Freezer / A Shelf / AB / AB1 / AB1-3-ArnD_Homologs,Available,,,,,,,,,,,,,,,,,,,,,,,,,2615,-80 Freezer,5105,A Shelf,dyn-rack-1782413261932-440,AB,drawer-1786392471805-1,AB1,,,dyn-box-1782413261933-469,AB1-3-ArnD_Homologs,,,NP00000560,EC_ArnD in Octyl glucoside,6,4,12 mg/mL,100 uL,,2025-07-19,Prepped 11.04.2020,,,$,,Default,,,,,
,EC_ArnD in Octyl glucoside,,Main Lab,1,vials,,,-80 Freezer / A Shelf / AB / AB1 / AB1-3-ArnD_Homologs,-80 Freezer / A Shelf / AB / AB1 / AB1-3-ArnD_Homologs,Available,,,,,,,,,,,,,,,,,,,,,,,,,2615,-80 Freezer,5105,A Shelf,dyn-rack-1782413261932-440,AB,drawer-1786392471805-1,AB1,,,dyn-box-1782413261933-469,AB1-3-ArnD_Homologs,,,NP00000561,EC_ArnD in Octyl glucoside,5,5,12 mg/mL,100 uL,,2025-07-19,Prepped 11.04.2020,,,$,,Default,,,,,
,EC_ArnD in Octyl glucoside,,Main Lab,1,vials,,,-80 Freezer / A Shelf / AB / AB1 / AB1-3-ArnD_Homologs,-80 Freezer / A Shelf / AB / AB1 / AB1-3-ArnD_Homologs,Available,,,,,,,,,,,,,,,,,,,,,,,,,2615,-80 Freezer,5105,A Shelf,dyn-rack-1782413261932-440,AB,drawer-1786392471805-1,AB1,,,dyn-box-1782413261933-469,AB1-3-ArnD_Homologs,,,NP00000562,EC_ArnD in Octyl glucoside,6,5,12 mg/mL,100 uL,,2025-07-19,Prepped 11.04.2020,,,$,,Default,,,,,
,EC_ArnD in Octyl glucoside,,Main Lab,1,vials,,,-80 Freezer / A Shelf / AB / AB1 / AB1-3-ArnD_Homologs,-80 Freezer / A Shelf / AB / AB1 / AB1-3-ArnD_Homologs,Available,,,,,,,,,,,,,,,,,,,,,,,,,2615,-80 Freezer,5105,A Shelf,dyn-rack-1782413261932-440,AB,drawer-1786392471805-1,AB1,,,dyn-box-1782413261933-469,AB1-3-ArnD_Homologs,,,NP00000563,EC_ArnD in Octyl glucoside,5,6,12 mg/mL,100 uL,,2025-07-19,Prepped 11.04.2020,,,$,,Default,,,,,
,EC_ArnD in Octyl glucoside,,Main Lab,1,vials,,,-80 Freezer / A Shelf / AB / AB1 / AB1-3-ArnD_Homologs,-80 Freezer / A Shelf / AB / AB1 / AB1-3-ArnD_Homologs,Available,,,,,,,,,,,,,,,,,,,,,,,,,2615,-80 Freezer,5105,A Shelf,dyn-rack-1782413261932-440,AB,drawer-1786392471805-1,AB1,,,dyn-box-1782413261933-469,AB1-3-ArnD_Homologs,,,NP00000564,EC_ArnD in Octyl glucoside,5,7,12 mg/mL,100 uL,,2025-07-19,Prepped 11.04.2020,,,$,,Default,,,,,
,EC_ArnD in Octyl glucoside,,Main Lab,1,vials,,,-80 Freezer / A Shelf / AB / AB1 / AB1-3-ArnD_Homologs,-80 Freezer / A Shelf / AB / AB1 / AB1-3-ArnD_Homologs,Available,,,,,,,,,,,,,,,,,,,,,,,,,2615,-80 Freezer,5105,A Shelf,dyn-rack-1782413261932-440,AB,drawer-1786392471805-1,AB1,,,dyn-box-1782413261933-469,AB1-3-ArnD_Homologs,,,NP00000565,EC_ArnD in Octyl glucoside,5,8,12 mg/mL,100 uL,,2025-07-19,Prepped 11.04.2020,,,$,,Default,,,,,
,EC_ArnD in Octyl glucoside,,Main Lab,1,vials,,,-80 Freezer / A Shelf / AB / AB1 / AB1-3-ArnD_Homologs,-80 Freezer / A Shelf / AB / AB1 / AB1-3-ArnD_Homologs,Available,,,,,,,,,,,,,,,,,,,,,,,,,2615,-80 Freezer,5105,A Shelf,dyn-rack-1782413261932-440,AB,drawer-1786392471805-1,AB1,,,dyn-box-1782413261933-469,AB1-3-ArnD_Homologs,,,NP00000566,EC_ArnD in Octyl glucoside,5,9,12 mg/mL,100 uL,,2025-07-19,Prepped 11.04.2020,,,$,,Default,,,,,
,EC_ArnD,,Main Lab,1,vials,,,-80 Freezer / A Shelf / AB / AB1 / AB1-3-ArnD_Homologs,-80 Freezer / A Shelf / AB / AB1 / AB1-3-ArnD_Homologs,Available,,,,,,,,,,,,,,,,,,,,,,,,,2615,-80 Freezer,5105,A Shelf,dyn-rack-1782413261932-440,AB,drawer-1786392471805-1,AB1,,,dyn-box-1782413261933-469,AB1-3-ArnD_Homologs,,,NP00000567,EC_ArnD,8,1,1 mg/mL,,,2025-07-19,,,,$,,Default,,,,,
,EC_ArnD,,Main Lab,1,vials,,,-80 Freezer / A Shelf / AB / AB1 / AB1-3-ArnD_Homologs,-80 Freezer / A Shelf / AB / AB1 / AB1-3-ArnD_Homologs,Available,,,,,,,,,,,,,,,,,,,,,,,,,2615,-80 Freezer,5105,A Shelf,dyn-rack-1782413261932-440,AB,drawer-1786392471805-1,AB1,,,dyn-box-1782413261933-469,AB1-3-ArnD_Homologs,,,NP00000568,EC_ArnD,8,2,1 mg/mL,,,2025-07-19,,,,$,,Default,,,,,
,EC_ArnD,,Main Lab,1,vials,,,-80 Freezer / A Shelf / AB / AB1 / AB1-3-ArnD_Homologs,-80 Freezer / A Shelf / AB / AB1 / AB1-3-ArnD_Homologs,Available,,,,,,,,,,,,,,,,,,,,,,,,,2615,-80 Freezer,5105,A Shelf,dyn-rack-1782413261932-440,AB,drawer-1786392471805-1,AB1,,,dyn-box-1782413261933-469,AB1-3-ArnD_Homologs,,,NP00000569,EC_ArnD,8,3,1 mg/mL,,,2025-07-19,,,,$,,Default,,,,,
,EC_ArnD,,Main Lab,1,vials,,,-80 Freezer / A Shelf / AB / AB1 / AB1-3-ArnD_Homologs,-80 Freezer / A Shelf / AB / AB1 / AB1-3-ArnD_Homologs,Available,,,,,,,,,,,,,,,,,,,,,,,,,2615,-80 Freezer,5105,A Shelf,dyn-rack-1782413261932-440,AB,drawer-1786392471805-1,AB1,,,dyn-box-1782413261933-469,AB1-3-ArnD_Homologs,,,NP00000570,EC_ArnD,8,4,1 mg/mL,,,2025-07-19,,,,$,,Default,,,,,
,EC_ArnD,,Main Lab,1,vials,,,-80 Freezer / A Shelf / AB / AB1 / AB1-3-ArnD_Homologs,-80 Freezer / A Shelf / AB / AB1 / AB1-3-ArnD_Homologs,Available,,,,,,,,,,,,,,,,,,,,,,,,,2615,-80 Freezer,5105,A Shelf,dyn-rack-1782413261932-440,AB,drawer-1786392471805-1,AB1,,,dyn-box-1782413261933-469,AB1-3-ArnD_Homologs,,,NP00000571,EC_ArnD,8,5,1 mg/mL,,,2025-07-19,,,,$,,Default,,,,,
,EC_ArnD,,Main Lab,1,vials,,,-80 Freezer / A Shelf / AB / AB1 / AB1-3-ArnD_Homologs,-80 Freezer / A Shelf / AB / AB1 / AB1-3-ArnD_Homologs,Available,,,,,,,,,,,,,,,,,,,,,,,,,2615,-80 Freezer,5105,A Shelf,dyn-rack-1782413261932-440,AB,drawer-1786392471805-1,AB1,,,dyn-box-1782413261933-469,AB1-3-ArnD_Homologs,,,NP00000572,EC_ArnD,8,6,1 mg/mL,,,2025-07-19,,,,$,,Default,,,,,
,EC_ArnD,,Main Lab,1,vials,,,-80 Freezer / A Shelf / AB / AB1 / AB1-3-ArnD_Homologs,-80 Freezer / A Shelf / AB / AB1 / AB1-3-ArnD_Homologs,Available,,,,,,,,,,,,,,,,,,,,,,,,,2615,-80 Freezer,5105,A Shelf,dyn-rack-1782413261932-440,AB,drawer-1786392471805-1,AB1,,,dyn-box-1782413261933-469,AB1-3-ArnD_Homologs,,,NP00000573,EC_ArnD,8,7,1 mg/mL,,,2025-07-19,,,,$,,Default,,,,,
,EC_ArnD,,Main Lab,1,vials,,,-80 Freezer / A Shelf / AB / AB1 / AB1-3-ArnD_Homologs,-80 Freezer / A Shelf / AB / AB1 / AB1-3-ArnD_Homologs,Available,,,,,,,,,,,,,,,,,,,,,,,,,2615,-80 Freezer,5105,A Shelf,dyn-rack-1782413261932-440,AB,drawer-1786392471805-1,AB1,,,dyn-box-1782413261933-469,AB1-3-ArnD_Homologs,,,NP00000574,EC_ArnD,8,8,1 mg/mL,,,2025-07-19,,,,$,,Default,,,,,
,EC_ArnD,,Main Lab,1,vials,,,-80 Freezer / A Shelf / AB / AB1 / AB1-3-ArnD_Homologs,-80 Freezer / A Shelf / AB / AB1 / AB1-3-ArnD_Homologs,Available,,,,,,,,,,,,,,,,,,,,,,,,,2615,-80 Freezer,5105,A Shelf,dyn-rack-1782413261932-440,AB,drawer-1786392471805-1,AB1,,,dyn-box-1782413261933-469,AB1-3-ArnD_Homologs,,,NP00000575,EC_ArnD,8,9,1 mg/mL,,,2025-07-19,,,,$,,Default,,,,,
,EC_ArnD,,Main Lab,1,vials,,,-80 Freezer / A Shelf / AB / AB1 / AB1-3-ArnD_Homologs,-80 Freezer / A Shelf / AB / AB1 / AB1-3-ArnD_Homologs,Available,,,,,,,,,,,,,,,,,,,,,,,,,2615,-80 Freezer,5105,A Shelf,dyn-rack-1782413261932-440,AB,drawer-1786392471805-1,AB1,,,dyn-box-1782413261933-469,AB1-3-ArnD_Homologs,,,NP00000576,EC_ArnD,9,5,1 mg/mL,,,2025-07-19,,,,$,,Default,,,,,
,EC_ArnD,,Main Lab,1,vials,,,-80 Freezer / A Shelf / AB / AB1 / AB1-3-ArnD_Homologs,-80 Freezer / A Shelf / AB / AB1 / AB1-3-ArnD_Homologs,Available,,,,,,,,,,,,,,,,,,,,,,,,,2615,-80 Freezer,5105,A Shelf,dyn-rack-1782413261932-440,AB,drawer-1786392471805-1,AB1,,,dyn-box-1782413261933-469,AB1-3-ArnD_Homologs,,,NP00000577,EC_ArnD,9,6,1 mg/mL,,,2025-07-19,,,,$,,Default,,,,,
,EC_ArnD,,Main Lab,1,vials,,,-80 Freezer / A Shelf / AB / AB1 / AB1-3-ArnD_Homologs,-80 Freezer / A Shelf / AB / AB1 / AB1-3-ArnD_Homologs,Available,,,,,,,,,,,,,,,,,,,,,,,,,2615,-80 Freezer,5105,A Shelf,dyn-rack-1782413261932-440,AB,drawer-1786392471805-1,AB1,,,dyn-box-1782413261933-469,AB1-3-ArnD_Homologs,,,NP00000578,EC_ArnD,9,7,1 mg/mL,,,2025-07-19,,,,$,,Default,,,,,
,EC_ArnD,,Main Lab,1,vials,,,-80 Freezer / A Shelf / AB / AB1 / AB1-3-ArnD_Homologs,-80 Freezer / A Shelf / AB / AB1 / AB1-3-ArnD_Homologs,Available,,,,,,,,,,,,,,,,,,,,,,,,,2615,-80 Freezer,5105,A Shelf,dyn-rack-1782413261932-440,AB,drawer-1786392471805-1,AB1,,,dyn-box-1782413261933-469,AB1-3-ArnD_Homologs,,,NP00000579,EC_ArnD,9,8,1 mg/mL,,,2025-07-19,,,,$,,Default,,,,,
,EC_ArnD,,Main Lab,1,vials,,,-80 Freezer / A Shelf / AB / AB1 / AB1-3-ArnD_Homologs,-80 Freezer / A Shelf / AB / AB1 / AB1-3-ArnD_Homologs,Available,,,,,,,,,,,,,,,,,,,,,,,,,2615,-80 Freezer,5105,A Shelf,dyn-rack-1782413261932-440,AB,drawer-1786392471805-1,AB1,,,dyn-box-1782413261933-469,AB1-3-ArnD_Homologs,,,NP00000580,EC_ArnD,9,9,1 mg/mL,,,2025-07-19,,,,$,,Default,,,,,
,EC_ArnC in DDM,,Main Lab,1,vials,,,-80 Freezer / A Shelf / AB / AB1 / AB1-4-ArnC-Homologs,-80 Freezer / A Shelf / AB / AB1 / AB1-4-ArnC-Homologs,Available,,,,,,,,,,,,,,,,,,,,,,,,,2615,-80 Freezer,5105,A Shelf,dyn-rack-1782413261932-440,AB,drawer-1786392471805-1,AB1,,,dyn-box-1782413261935-515,AB1-4-ArnC-Homologs,,,NP00000581,EC_ArnC in DDM,1,1,17 mg/mL,20 uL,,2025-07-19,,,,$,,Default,,,,,
,EC_ArnC in DDM,,Main Lab,1,vials,,,-80 Freezer / A Shelf / AB / AB1 / AB1-4-ArnC-Homologs,-80 Freezer / A Shelf / AB / AB1 / AB1-4-ArnC-Homologs,Available,,,,,,,,,,,,,,,,,,,,,,,,,2615,-80 Freezer,5105,A Shelf,dyn-rack-1782413261932-440,AB,drawer-1786392471805-1,AB1,,,dyn-box-1782413261935-515,AB1-4-ArnC-Homologs,,,NP00000582,EC_ArnC in DDM,1,2,17 mg/mL,20 uL,,2025-07-19,,,,$,,Default,,,,,
,EC_ArnC in DDM,,Main Lab,1,vials,,,-80 Freezer / A Shelf / AB / AB1 / AB1-4-ArnC-Homologs,-80 Freezer / A Shelf / AB / AB1 / AB1-4-ArnC-Homologs,Available,,,,,,,,,,,,,,,,,,,,,,,,,2615,-80 Freezer,5105,A Shelf,dyn-rack-1782413261932-440,AB,drawer-1786392471805-1,AB1,,,dyn-box-1782413261935-515,AB1-4-ArnC-Homologs,,,NP00000583,EC_ArnC in DDM,1,3,17 mg/mL,20 uL,,2025-07-19,,,,$,,Default,,,,,
,EC_ArnC in DDM,,Main Lab,1,vials,,,-80 Freezer / A Shelf / AB / AB1 / AB1-4-ArnC-Homologs,-80 Freezer / A Shelf / AB / AB1 / AB1-4-ArnC-Homologs,Available,,,,,,,,,,,,,,,,,,,,,,,,,2615,-80 Freezer,5105,A Shelf,dyn-rack-1782413261932-440,AB,drawer-1786392471805-1,AB1,,,dyn-box-1782413261935-515,AB1-4-ArnC-Homologs,,,NP00000584,EC_ArnC in DDM,1,4,17 mg/mL,20 uL,,2025-07-19,,,,$,,Default,,,,,
,EC_ArnC in DDM,,Main Lab,1,vials,,,-80 Freezer / A Shelf / AB / AB1 / AB1-4-ArnC-Homologs,-80 Freezer / A Shelf / AB / AB1 / AB1-4-ArnC-Homologs,Available,,,,,,,,,,,,,,,,,,,,,,,,,2615,-80 Freezer,5105,A Shelf,dyn-rack-1782413261932-440,AB,drawer-1786392471805-1,AB1,,,dyn-box-1782413261935-515,AB1-4-ArnC-Homologs,,,NP00000585,EC_ArnC in DDM,1,5,17 mg/mL,20 uL,,2025-07-19,,,,$,,Default,,,,,
,EC_ArnC in DDM,,Main Lab,1,vials,,,-80 Freezer / A Shelf / AB / AB1 / AB1-4-ArnC-Homologs,-80 Freezer / A Shelf / AB / AB1 / AB1-4-ArnC-Homologs,Available,,,,,,,,,,,,,,,,,,,,,,,,,2615,-80 Freezer,5105,A Shelf,dyn-rack-1782413261932-440,AB,drawer-1786392471805-1,AB1,,,dyn-box-1782413261935-515,AB1-4-ArnC-Homologs,,,NP00000586,EC_ArnC in DDM,1,6,17 mg/mL,20 uL,,2025-07-19,,,,$,,Default,,,,,
,EC_ArnC in DDM,,Main Lab,1,vials,,,-80 Freezer / A Shelf / AB / AB1 / AB1-4-ArnC-Homologs,-80 Freezer / A Shelf / AB / AB1 / AB1-4-ArnC-Homologs,Available,,,,,,,,,,,,,,,,,,,,,,,,,2615,-80 Freezer,5105,A Shelf,dyn-rack-1782413261932-440,AB,drawer-1786392471805-1,AB1,,,dyn-box-1782413261935-515,AB1-4-ArnC-Homologs,,,NP00000587,EC_ArnC in DDM,1,7,17 mg/mL,20 uL,,2025-07-19,,,,$,,Default,,,,,
,EC_ArnC in DDM,,Main Lab,1,vials,,,-80 Freezer / A Shelf / AB / AB1 / AB1-4-ArnC-Homologs,-80 Freezer / A Shelf / AB / AB1 / AB1-4-ArnC-Homologs,Available,,,,,,,,,,,,,,,,,,,,,,,,,2615,-80 Freezer,5105,A Shelf,dyn-rack-1782413261932-440,AB,drawer-1786392471805-1,AB1,,,dyn-box-1782413261935-515,AB1-4-ArnC-Homologs,,,NP00000588,EC_ArnC in DDM,1,8,17 mg/mL,20 uL,,2025-07-19,,,,$,,Default,,,,,
,EC_ArnC in DDM,,Main Lab,1,vials,,,-80 Freezer / A Shelf / AB / AB1 / AB1-4-ArnC-Homologs,-80 Freezer / A Shelf / AB / AB1 / AB1-4-ArnC-Homologs,Available,,,,,,,,,,,,,,,,,,,,,,,,,2615,-80 Freezer,5105,A Shelf,dyn-rack-1782413261932-440,AB,drawer-1786392471805-1,AB1,,,dyn-box-1782413261935-515,AB1-4-ArnC-Homologs,,,NP00000589,EC_ArnC in DDM,1,9,17 mg/mL,20 uL,,2025-07-19,,,,$,,Default,,,,,
,EC_ArnC in DDM,,Main Lab,1,vials,,,-80 Freezer / A Shelf / AB / AB1 / AB1-4-ArnC-Homologs,-80 Freezer / A Shelf / AB / AB1 / AB1-4-ArnC-Homologs,Available,,,,,,,,,,,,,,,,,,,,,,,,,2615,-80 Freezer,5105,A Shelf,dyn-rack-1782413261932-440,AB,drawer-1786392471805-1,AB1,,,dyn-box-1782413261935-515,AB1-4-ArnC-Homologs,,,NP00000599,EC_ArnC in DDM,3,7,1 mg/mL,,,2025-07-19,,,,$,,Default,,,,,
,EC_ArnC in DDM,,Main Lab,1,vials,,,-80 Freezer / A Shelf / AB / AB1 / AB1-4-ArnC-Homologs,-80 Freezer / A Shelf / AB / AB1 / AB1-4-ArnC-Homologs,Available,,,,,,,,,,,,,,,,,,,,,,,,,2615,-80 Freezer,5105,A Shelf,dyn-rack-1782413261932-440,AB,drawer-1786392471805-1,AB1,,,dyn-box-1782413261935-515,AB1-4-ArnC-Homologs,,,NP00000600,EC_ArnC in DDM,3,8,1 mg/mL,,,2025-07-19,,,,$,,Default,,,,,
,EC_ArnC in DDM,,Main Lab,1,vials,,,-80 Freezer / A Shelf / AB / AB1 / AB1-4-ArnC-Homologs,-80 Freezer / A Shelf / AB / AB1 / AB1-4-ArnC-Homologs,Available,,,,,,,,,,,,,,,,,,,,,,,,,2615,-80 Freezer,5105,A Shelf,dyn-rack-1782413261932-440,AB,drawer-1786392471805-1,AB1,,,dyn-box-1782413261935-515,AB1-4-ArnC-Homologs,,,NP00000601,EC_ArnC in DDM,3,9,1 mg/mL,,,2025-07-19,,,,$,,Default,,,,,
,EC_ArnC in DDM,,Main Lab,1,vials,,,-80 Freezer / A Shelf / AB / AB1 / AB1-4-ArnC-Homologs,-80 Freezer / A Shelf / AB / AB1 / AB1-4-ArnC-Homologs,Available,,,,,,,,,,,,,,,,,,,,,,,,,2615,-80 Freezer,5105,A Shelf,dyn-rack-1782413261932-440,AB,drawer-1786392471805-1,AB1,,,dyn-box-1782413261935-515,AB1-4-ArnC-Homologs,,,NP00000602,EC_ArnC in DDM,4,1,0.5 mg/mL,,,2025-07-19,,,,$,,Default,,,,,
,EC_ArnC in DDM,,Main Lab,1,vials,,,-80 Freezer / A Shelf / AB / AB1 / AB1-4-ArnC-Homologs,-80 Freezer / A Shelf / AB / AB1 / AB1-4-ArnC-Homologs,Available,,,,,,,,,,,,,,,,,,,,,,,,,2615,-80 Freezer,5105,A Shelf,dyn-rack-1782413261932-440,AB,drawer-1786392471805-1,AB1,,,dyn-box-1782413261935-515,AB1-4-ArnC-Homologs,,,NP00000603,EC_ArnC in DDM,4,2,0.5 mg/mL,,,2025-07-19,,,,$,,Default,,,,,
,Darobactin A,,Main Lab,1,vials,,,-80 Freezer / A Shelf / AG / AG1 / AG1-1 BAM Inhibitors,-80 Freezer / A Shelf / AG / AG1 / AG1-1 BAM Inhibitors,Available,,,,,,,,,,,,,,,,,,,,,,,,,2615,-80 Freezer,5105,A Shelf,dyn-rack-1782413261935-529,AG,drawer-1783440965888,AG1,,,dyn-box-1782413261935-529,AG1-1 BAM Inhibitors,,,NP00000604,Darobactin A,1,1,solid,1.1mg,,2025-08-01,Obtained from Kim Lewis lab,,,$,,Chemical,,,,,
,ec_ArnA_DH,,Main Lab,1,vials,,,-80 Freezer / A Shelf / AB / AB1 / AB1-1-ArnA-homologs,-80 Freezer / A Shelf / AB / AB1 / AB1-1-ArnA-homologs,Available,,,,,,,,,,,,,,,,,,,,,,,,,2615,-80 Freezer,5105,A Shelf,dyn-rack-1782413261932-440,AB,drawer-1786392471805-1,AB1,,,dyn-box-1782413261932-440,AB1-1-ArnA-homologs,,,NP00000641,ec_ArnA_DH,10,1,0.48 mg/mL,50uL,,2025-08-31,Prep: ADB-11-033,,,$,,Default,,,,,
,ec_ArnA_DH,,Main Lab,1,vials,,,-80 Freezer / A Shelf / AB / AB1 / AB1-1-ArnA-homologs,-80 Freezer / A Shelf / AB / AB1 / AB1-1-ArnA-homologs,Available,,,,,,,,,,,,,,,,,,,,,,,,,2615,-80 Freezer,5105,A Shelf,dyn-rack-1782413261932-440,AB,drawer-1786392471805-1,AB1,,,dyn-box-1782413261932-440,AB1-1-ArnA-homologs,,,NP00000660,ec_ArnA_DH,10,2,0.48 mg/mL,50uL,,2025-09-01,Prep: ADB-11-033,,,$,,Default,,,,,
,ec_ArnA_DH,,Main Lab,1,vials,,,-80 Freezer / A Shelf / AB / AB1 / AB1-1-ArnA-homologs,-80 Freezer / A Shelf / AB / AB1 / AB1-1-ArnA-homologs,Available,,,,,,,,,,,,,,,,,,,,,,,,,2615,-80 Freezer,5105,A Shelf,dyn-rack-1782413261932-440,AB,drawer-1786392471805-1,AB1,,,dyn-box-1782413261932-440,AB1-1-ArnA-homologs,,,NP00000661,ec_ArnA_DH,10,3,0.48 mg/mL,50uL,,2025-09-01,Prep: ADB-11-033,,,$,,Default,,,,,
,ec_ArnA_FL,,Main Lab,1,vials,,,-80 Freezer / A Shelf / AB / AB2 / AB2-4-ArnA-FL,-80 Freezer / A Shelf / AB / AB2 / AB2-4-ArnA-FL,Available,,,,,,,,,,,,,,,,,,,,,,,,,2615,-80 Freezer,5105,A Shelf,dyn-rack-1782413261932-440,AB,drawer-1786392471805-2,AB2,,,dyn-box-1782413261935-533,AB2-4-ArnA-FL,,,NP00000683,ec_ArnA_FL,,,20 mg/mL,30 uL,,2025-09-08,"ArnA_FL, ~20mg/mL, 30uL. See ADB-10-039 for a procedure reference. This batch was prepped from rotation student, Jackson, not represented by ADB-10-039",,,$,,Default,,,,,
,ec_ArnA_FL,,Main Lab,1,vials,,,-80 Freezer / A Shelf / AB / AB2 / AB2-4-ArnA-FL,-80 Freezer / A Shelf / AB / AB2 / AB2-4-ArnA-FL,Available,,,,,,,,,,,,,,,,,,,,,,,,,2615,-80 Freezer,5105,A Shelf,dyn-rack-1782413261932-440,AB,drawer-1786392471805-2,AB2,,,dyn-box-1782413261935-533,AB2-4-ArnA-FL,,,NP00000685,ec_ArnA_FL,1,3,20 mg/mL,30 uL,,2025-09-08,"ArnA_FL, ~20mg/mL, 30uL. See ADB-10-039 for a procedure reference. This batch was prepped from rotation student, Jackson, not represented by ADB-10-039",,,$,,Default,,,,,
,ec_ArnA_FL,,Main Lab,1,vials,,,-80 Freezer / A Shelf / AB / AB2 / AB2-4-ArnA-FL,-80 Freezer / A Shelf / AB / AB2 / AB2-4-ArnA-FL,Available,,,,,,,,,,,,,,,,,,,,,,,,,2615,-80 Freezer,5105,A Shelf,dyn-rack-1782413261932-440,AB,drawer-1786392471805-2,AB2,,,dyn-box-1782413261935-533,AB2-4-ArnA-FL,,,NP00000686,ec_ArnA_FL,1,4,20 mg/mL,30 uL,,2025-09-08,"ArnA_FL, ~20mg/mL, 30uL. See ADB-10-039 for a procedure reference. This batch was prepped from rotation student, Jackson, not represented by ADB-10-039",,,$,,Default,,,,,
,ec_ArnA_FL,,Main Lab,1,vials,,,-80 Freezer / A Shelf / AB / AB2 / AB2-4-ArnA-FL,-80 Freezer / A Shelf / AB / AB2 / AB2-4-ArnA-FL,Available,,,,,,,,,,,,,,,,,,,,,,,,,2615,-80 Freezer,5105,A Shelf,dyn-rack-1782413261932-440,AB,drawer-1786392471805-2,AB2,,,dyn-box-1782413261935-533,AB2-4-ArnA-FL,,,NP00000687,ec_ArnA_FL,1,5,20 mg/mL,30 uL,,2025-09-08,"ArnA_FL, ~20mg/mL, 30uL. See ADB-10-039 for a procedure reference. This batch was prepped from rotation student, Jackson, not represented by ADB-10-039",,,$,,Default,,,,,
,ec_ArnA_FL,,Main Lab,1,vials,,,-80 Freezer / A Shelf / AB / AB2 / AB2-4-ArnA-FL,-80 Freezer / A Shelf / AB / AB2 / AB2-4-ArnA-FL,Available,,,,,,,,,,,,,,,,,,,,,,,,,2615,-80 Freezer,5105,A Shelf,dyn-rack-1782413261932-440,AB,drawer-1786392471805-2,AB2,,,dyn-box-1782413261935-533,AB2-4-ArnA-FL,,,NP00000688,ec_ArnA_FL,1,6,20 mg/mL,30 uL,,2025-09-08,"ArnA_FL, ~20mg/mL, 30uL. See ADB-10-039 for a procedure reference. This batch was prepped from rotation student, Jackson, not represented by ADB-10-039",,,$,,Default,,,,,
,ec_ArnA_FL,,Main Lab,1,vials,,,-80 Freezer / A Shelf / AB / AB2 / AB2-4-ArnA-FL,-80 Freezer / A Shelf / AB / AB2 / AB2-4-ArnA-FL,Available,,,,,,,,,,,,,,,,,,,,,,,,,2615,-80 Freezer,5105,A Shelf,dyn-rack-1782413261932-440,AB,drawer-1786392471805-2,AB2,,,dyn-box-1782413261935-533,AB2-4-ArnA-FL,,,NP00000689,ec_ArnA_FL,,,20 mg/mL,30 uL,,2025-09-08,"ArnA_FL, ~20mg/mL, 30uL. See ADB-10-039 for a procedure reference. This batch was prepped from rotation student, Jackson, not represented by ADB-10-039",,,$,,Default,,,,,
,ec_ArnA_FL,,Main Lab,1,vials,,,-80 Freezer / A Shelf / AB / AB2 / AB2-4-ArnA-FL,-80 Freezer / A Shelf / AB / AB2 / AB2-4-ArnA-FL,Available,,,,,,,,,,,,,,,,,,,,,,,,,2615,-80 Freezer,5105,A Shelf,dyn-rack-1782413261932-440,AB,drawer-1786392471805-2,AB2,,,dyn-box-1782413261935-533,AB2-4-ArnA-FL,,,NP00000690,ec_ArnA_FL,,,20 mg/mL,30 uL,,2025-09-08,"ArnA_FL, ~20mg/mL, 30uL. See ADB-10-039 for a procedure reference. This batch was prepped from rotation student, Jackson, not represented by ADB-10-039",,,$,,Default,,,,,
,ec_ArnA_FL,,Main Lab,1,vials,,,-80 Freezer / A Shelf / AB / AB2 / AB2-4-ArnA-FL,-80 Freezer / A Shelf / AB / AB2 / AB2-4-ArnA-FL,Available,,,,,,,,,,,,,,,,,,,,,,,,,2615,-80 Freezer,5105,A Shelf,dyn-rack-1782413261932-440,AB,drawer-1786392471805-2,AB2,,,dyn-box-1782413261935-533,AB2-4-ArnA-FL,,,NP00000691,ec_ArnA_FL,,,20 mg/mL,30 uL,,2025-09-08,"ArnA_FL, ~20mg/mL, 30uL. See ADB-10-039 for a procedure reference. This batch was prepped from rotation student, Jackson, not represented by ADB-10-039",,,$,,Default,,,,,
,ec_ArnA_FL,,Main Lab,1,vials,,,-80 Freezer / A Shelf / AB / AB2 / AB2-4-ArnA-FL,-80 Freezer / A Shelf / AB / AB2 / AB2-4-ArnA-FL,Available,,,,,,,,,,,,,,,,,,,,,,,,,2615,-80 Freezer,5105,A Shelf,dyn-rack-1782413261932-440,AB,drawer-1786392471805-2,AB2,,,dyn-box-1782413261935-533,AB2-4-ArnA-FL,,,NP00000692,ec_ArnA_FL,,,20 mg/mL,30 uL,,2025-09-08,"ArnA_FL, ~20mg/mL, 30uL. See ADB-10-039 for a procedure reference. This batch was prepped from rotation student, Jackson, not represented by ADB-10-039",,,$,,Default,,,,,
,ec_ArnA_FL,,Main Lab,1,vials,,,-80 Freezer / A Shelf / AB / AB2 / AB2-4-ArnA-FL,-80 Freezer / A Shelf / AB / AB2 / AB2-4-ArnA-FL,Available,,,,,,,,,,,,,,,,,,,,,,,,,2615,-80 Freezer,5105,A Shelf,dyn-rack-1782413261932-440,AB,drawer-1786392471805-2,AB2,,,dyn-box-1782413261935-533,AB2-4-ArnA-FL,,,NP00000693,ec_ArnA_FL,,,20 mg/mL,30 uL,,2025-09-08,"ArnA_FL, ~20mg/mL, 30uL. See ADB-10-039 for a procedure reference. This batch was prepped from rotation student, Jackson, not represented by ADB-10-039",,,$,,Default,,,,,
,ec_ArnA_FL,,Main Lab,1,vials,,,-80 Freezer / A Shelf / AB / AB2 / AB2-4-ArnA-FL,-80 Freezer / A Shelf / AB / AB2 / AB2-4-ArnA-FL,Available,,,,,,,,,,,,,,,,,,,,,,,,,2615,-80 Freezer,5105,A Shelf,dyn-rack-1782413261932-440,AB,drawer-1786392471805-2,AB2,,,dyn-box-1782413261935-533,AB2-4-ArnA-FL,,,NP00000694,ec_ArnA_FL,,,20 mg/mL,30 uL,,2025-09-08,"ArnA_FL, ~20mg/mL, 30uL. See ADB-10-039 for a procedure reference. This batch was prepped from rotation student, Jackson, not represented by ADB-10-039",,,$,,Default,,,,,
,ec_ArnA_FL,,Main Lab,1,vials,,,-80 Freezer / A Shelf / AB / AB2 / AB2-4-ArnA-FL,-80 Freezer / A Shelf / AB / AB2 / AB2-4-ArnA-FL,Available,,,,,,,,,,,,,,,,,,,,,,,,,2615,-80 Freezer,5105,A Shelf,dyn-rack-1782413261932-440,AB,drawer-1786392471805-2,AB2,,,dyn-box-1782413261935-533,AB2-4-ArnA-FL,,,NP00000695,ec_ArnA_FL,1,2,20 mg/mL,30 uL,,2025-09-08,"ArnA_FL, ~20mg/mL, 30uL. See ADB-10-039 for a procedure reference. This batch was prepped from rotation student, Jackson, not represented by ADB-10-039",,,$,,Default,,,,,
,ec_ArnA_DH,,Main Lab,1,vials,,,-80 Freezer / A Shelf / AB / AB1 / AB1-1-ArnA-homologs,-80 Freezer / A Shelf / AB / AB1 / AB1-1-ArnA-homologs,Available,,,,,,,,,,,,,,,,,,,,,,,,,2615,-80 Freezer,5105,A Shelf,dyn-rack-1782413261932-440,AB,drawer-1786392471805-1,AB1,,,dyn-box-1782413261932-440,AB1-1-ArnA-homologs,,,NP00000696,ec_ArnA_DH,10,4,0.48 mg/mL,50uL,,2025-09-01,Prep: ADB-11-033,,,$,,Default,,,,,
,ec_ArnA_DH,,Main Lab,1,vials,,,-80 Freezer / A Shelf / AB / AB1 / AB1-1-ArnA-homologs,-80 Freezer / A Shelf / AB / AB1 / AB1-1-ArnA-homologs,Available,,,,,,,,,,,,,,,,,,,,,,,,,2615,-80 Freezer,5105,A Shelf,dyn-rack-1782413261932-440,AB,drawer-1786392471805-1,AB1,,,dyn-box-1782413261932-440,AB1-1-ArnA-homologs,,,NP00000697,ec_ArnA_DH,5,1,17.96 mg/mL,50 uL,,2025-11-04,Ref: ADB-11-046,,,$,,Default,,,,,
,ec_ArnA_DH,,Main Lab,1,vials,,,-80 Freezer / A Shelf / AB / AB1 / AB1-1-ArnA-homologs,-80 Freezer / A Shelf / AB / AB1 / AB1-1-ArnA-homologs,Available,,,,,,,,,,,,,,,,,,,,,,,,,2615,-80 Freezer,5105,A Shelf,dyn-rack-1782413261932-440,AB,drawer-1786392471805-1,AB1,,,dyn-box-1782413261932-440,AB1-1-ArnA-homologs,,,NP00000698,ec_ArnA_DH,6,1,17.96 mg/mL,50 uL,,2025-11-04,Ref: ADB-11-046,,,$,,Default,,,,,
,ec_ArnA_DH,,Main Lab,1,vials,,,-80 Freezer / A Shelf / AB / AB1 / AB1-1-ArnA-homologs,-80 Freezer / A Shelf / AB / AB1 / AB1-1-ArnA-homologs,Available,,,,,,,,,,,,,,,,,,,,,,,,,2615,-80 Freezer,5105,A Shelf,dyn-rack-1782413261932-440,AB,drawer-1786392471805-1,AB1,,,dyn-box-1782413261932-440,AB1-1-ArnA-homologs,,,NP00000699,ec_ArnA_DH,6,2,17.96 mg/mL,50 uL,,2025-11-04,Ref: ADB-11-046,,,$,,Default,,,,,
,ec_ArnA_DH,,Main Lab,1,vials,,,-80 Freezer / A Shelf / AB / AB1 / AB1-1-ArnA-homologs,-80 Freezer / A Shelf / AB / AB1 / AB1-1-ArnA-homologs,Available,,,,,,,,,,,,,,,,,,,,,,,,,2615,-80 Freezer,5105,A Shelf,dyn-rack-1782413261932-440,AB,drawer-1786392471805-1,AB1,,,dyn-box-1782413261932-440,AB1-1-ArnA-homologs,,,NP00000700,ec_ArnA_DH,6,3,17.96 mg/mL,50 uL,,2025-11-04,Ref: ADB-11-046,,,$,,Default,,,,,
,ec_ArnA_DH,,Main Lab,1,vials,,,-80 Freezer / A Shelf / AB / AB1 / AB1-1-ArnA-homologs,-80 Freezer / A Shelf / AB / AB1 / AB1-1-ArnA-homologs,Available,,,,,,,,,,,,,,,,,,,,,,,,,2615,-80 Freezer,5105,A Shelf,dyn-rack-1782413261932-440,AB,drawer-1786392471805-1,AB1,,,dyn-box-1782413261932-440,AB1-1-ArnA-homologs,,,NP00000701,ec_ArnA_DH,6,4,17.96 mg/mL,50 uL,,2025-11-04,Ref: ADB-11-046,,,$,,Default,,,,,
,ec_ArnA_DH,,Main Lab,1,vials,,,-80 Freezer / A Shelf / AB / AB1 / AB1-1-ArnA-homologs,-80 Freezer / A Shelf / AB / AB1 / AB1-1-ArnA-homologs,Available,,,,,,,,,,,,,,,,,,,,,,,,,2615,-80 Freezer,5105,A Shelf,dyn-rack-1782413261932-440,AB,drawer-1786392471805-1,AB1,,,dyn-box-1782413261932-440,AB1-1-ArnA-homologs,,,NP00000702,ec_ArnA_DH,5,2,17.96 mg/mL,50 uL,,2025-11-04,Ref: ADB-11-046,,,$,,Default,,,,,
,ec_ArnA_DH,,Main Lab,1,vials,,,-80 Freezer / A Shelf / AB / AB1 / AB1-1-ArnA-homologs,-80 Freezer / A Shelf / AB / AB1 / AB1-1-ArnA-homologs,Available,,,,,,,,,,,,,,,,,,,,,,,,,2615,-80 Freezer,5105,A Shelf,dyn-rack-1782413261932-440,AB,drawer-1786392471805-1,AB1,,,dyn-box-1782413261932-440,AB1-1-ArnA-homologs,,,NP00000703,ec_ArnA_DH,5,3,17.96 mg/mL,50 uL,,2025-11-04,Ref: ADB-11-046,,,$,,Default,,,,,
,ec_ArnA_DH,,Main Lab,1,vials,,,-80 Freezer / A Shelf / AB / AB1 / AB1-1-ArnA-homologs,-80 Freezer / A Shelf / AB / AB1 / AB1-1-ArnA-homologs,Available,,,,,,,,,,,,,,,,,,,,,,,,,2615,-80 Freezer,5105,A Shelf,dyn-rack-1782413261932-440,AB,drawer-1786392471805-1,AB1,,,dyn-box-1782413261932-440,AB1-1-ArnA-homologs,,,NP00000704,ec_ArnA_DH,5,4,17.96 mg/mL,50 uL,,2025-11-04,Ref: ADB-11-046,,,$,,Default,,,,,
,ec_ArnA_DH,,Main Lab,1,vials,,,-80 Freezer / A Shelf / AB / AB1 / AB1-1-ArnA-homologs,-80 Freezer / A Shelf / AB / AB1 / AB1-1-ArnA-homologs,Available,,,,,,,,,,,,,,,,,,,,,,,,,2615,-80 Freezer,5105,A Shelf,dyn-rack-1782413261932-440,AB,drawer-1786392471805-1,AB1,,,dyn-box-1782413261932-440,AB1-1-ArnA-homologs,,,NP00000705,ec_ArnA_DH,5,5,17.96 mg/mL,50 uL,,2025-11-04,Ref: ADB-11-046,,,$,,Default,,,,,
,ec_ArnA_DH,,Main Lab,1,vials,,,-80 Freezer / A Shelf / AB / AB1 / AB1-1-ArnA-homologs,-80 Freezer / A Shelf / AB / AB1 / AB1-1-ArnA-homologs,Available,,,,,,,,,,,,,,,,,,,,,,,,,2615,-80 Freezer,5105,A Shelf,dyn-rack-1782413261932-440,AB,drawer-1786392471805-1,AB1,,,dyn-box-1782413261932-440,AB1-1-ArnA-homologs,,,NP00000706,ec_ArnA_DH,5,6,17.96 mg/mL,50 uL,,2025-11-04,Ref: ADB-11-046,,,$,,Default,,,,,
,ec_ArnA_DH,,Main Lab,1,vials,,,-80 Freezer / A Shelf / AB / AB1 / AB1-1-ArnA-homologs,-80 Freezer / A Shelf / AB / AB1 / AB1-1-ArnA-homologs,Available,,,,,,,,,,,,,,,,,,,,,,,,,2615,-80 Freezer,5105,A Shelf,dyn-rack-1782413261932-440,AB,drawer-1786392471805-1,AB1,,,dyn-box-1782413261932-440,AB1-1-ArnA-homologs,,,NP00000707,ec_ArnA_DH,5,7,17.96 mg/mL,50 uL,,2025-11-04,Ref: ADB-11-046,,,$,,Default,,,,,
,ec_ArnA_DH,,Main Lab,1,vials,,,-80 Freezer / A Shelf / AB / AB1 / AB1-1-ArnA-homologs,-80 Freezer / A Shelf / AB / AB1 / AB1-1-ArnA-homologs,Available,,,,,,,,,,,,,,,,,,,,,,,,,2615,-80 Freezer,5105,A Shelf,dyn-rack-1782413261932-440,AB,drawer-1786392471805-1,AB1,,,dyn-box-1782413261932-440,AB1-1-ArnA-homologs,,,NP00000708,ec_ArnA_DH,5,8,17.96 mg/mL,50 uL,,2025-11-04,Ref: ADB-11-046,,,$,,Default,,,,,
,ec_ArnA_DH,,Main Lab,1,vials,,,-80 Freezer / A Shelf / AB / AB1 / AB1-1-ArnA-homologs,-80 Freezer / A Shelf / AB / AB1 / AB1-1-ArnA-homologs,Available,,,,,,,,,,,,,,,,,,,,,,,,,2615,-80 Freezer,5105,A Shelf,dyn-rack-1782413261932-440,AB,drawer-1786392471805-1,AB1,,,dyn-box-1782413261932-440,AB1-1-ArnA-homologs,,,NP00000709,ec_ArnA_DH,5,9,17.96 mg/mL,50 uL,,2025-11-04,Ref: ADB-11-046,,,$,,Default,,,,,
,TEV Protease,,Main Lab,1,vials,,,-80 Freezer / A Shelf / AB / AB2 / AB2-1: TEV,-80 Freezer / A Shelf / AB / AB2 / AB2-1: TEV,Available,,,,,,,,,,,,,,,,,,,,,,,,,2615,-80 Freezer,5105,A Shelf,dyn-rack-1782413261932-440,AB,drawer-1786392471805-2,AB2,,,dyn-box-1782413261937-559,AB2-1: TEV,,,NP00000710,TEV Protease,1,1,1.64 mg/mL,500 uL,,2024-07-24,"MW = 27 kD
See ADB-10-035 for prep
Extinction coefficient: 32290 M^-1*cm^-1",,,$,,Default,,,,,
,TEV Protease,,Main Lab,1,vials,,,-80 Freezer / A Shelf / AB / AB2 / AB2-1: TEV,-80 Freezer / A Shelf / AB / AB2 / AB2-1: TEV,Available,,,,,,,,,,,,,,,,,,,,,,,,,2615,-80 Freezer,5105,A Shelf,dyn-rack-1782413261932-440,AB,drawer-1786392471805-2,AB2,,,dyn-box-1782413261937-559,AB2-1: TEV,,,NP00000711,TEV Protease,1,2,1.64 mg/mL,500 uL,,2024-07-24,"MW = 27 kD
See ADB-10-035 for prep
Extinction coefficient: 32290 M^-1*cm^-1",,,$,,Default,,,,,
,TEV Protease,,Main Lab,1,vials,,,-80 Freezer / A Shelf / AB / AB2 / AB2-1: TEV,-80 Freezer / A Shelf / AB / AB2 / AB2-1: TEV,Available,,,,,,,,,,,,,,,,,,,,,,,,,2615,-80 Freezer,5105,A Shelf,dyn-rack-1782413261932-440,AB,drawer-1786392471805-2,AB2,,,dyn-box-1782413261937-559,AB2-1: TEV,,,NP00000712,TEV Protease,1,3,1.64 mg/mL,500 uL,,2024-07-24,"MW = 27 kD
See ADB-10-035 for prep
Extinction coefficient: 32290 M^-1*cm^-1",,,$,,Default,,,,,
,TEV Protease,,Main Lab,1,vials,,,-80 Freezer / A Shelf / AB / AB2 / AB2-1: TEV,-80 Freezer / A Shelf / AB / AB2 / AB2-1: TEV,Available,,,,,,,,,,,,,,,,,,,,,,,,,2615,-80 Freezer,5105,A Shelf,dyn-rack-1782413261932-440,AB,drawer-1786392471805-2,AB2,,,dyn-box-1782413261937-559,AB2-1: TEV,,,NP00000713,TEV Protease,1,4,1.64 mg/mL,500 uL,,2024-07-24,"MW = 27 kD
See ADB-10-035 for prep
Extinction coefficient: 32290 M^-1*cm^-1",,,$,,Default,,,,,
,TEV Protease,,Main Lab,1,vials,,,-80 Freezer / A Shelf / AB / AB2 / AB2-1: TEV,-80 Freezer / A Shelf / AB / AB2 / AB2-1: TEV,Available,,,,,,,,,,,,,,,,,,,,,,,,,2615,-80 Freezer,5105,A Shelf,dyn-rack-1782413261932-440,AB,drawer-1786392471805-2,AB2,,,dyn-box-1782413261937-559,AB2-1: TEV,,,NP00000714,TEV Protease,1,5,1.64 mg/mL,500 uL,,2024-07-24,"MW = 27 kD
See ADB-10-035 for prep
Extinction coefficient: 32290 M^-1*cm^-1",,,$,,Default,,,,,
,TEV Protease,,Main Lab,1,vials,,,-80 Freezer / A Shelf / AB / AB2 / AB2-1: TEV,-80 Freezer / A Shelf / AB / AB2 / AB2-1: TEV,Available,,,,,,,,,,,,,,,,,,,,,,,,,2615,-80 Freezer,5105,A Shelf,dyn-rack-1782413261932-440,AB,drawer-1786392471805-2,AB2,,,dyn-box-1782413261937-559,AB2-1: TEV,,,NP00000715,TEV Protease,1,6,1.64 mg/mL,500 uL,,2024-07-24,"MW = 27 kD
See ADB-10-035 for prep
Extinction coefficient: 32290 M^-1*cm^-1",,,$,,Default,,,,,
,TEV Protease,,Main Lab,1,vials,,,-80 Freezer / A Shelf / AB / AB2 / AB2-1: TEV,-80 Freezer / A Shelf / AB / AB2 / AB2-1: TEV,Available,,,,,,,,,,,,,,,,,,,,,,,,,2615,-80 Freezer,5105,A Shelf,dyn-rack-1782413261932-440,AB,drawer-1786392471805-2,AB2,,,dyn-box-1782413261937-559,AB2-1: TEV,,,NP00000716,TEV Protease,1,7,1.64 mg/mL,500 uL,,2024-07-24,"MW = 27 kD
See ADB-10-035 for prep
Extinction coefficient: 32290 M^-1*cm^-1",,,$,,Default,,,,,
,TEV Protease,,Main Lab,1,vials,,,-80 Freezer / A Shelf / AB / AB2 / AB2-1: TEV,-80 Freezer / A Shelf / AB / AB2 / AB2-1: TEV,Available,,,,,,,,,,,,,,,,,,,,,,,,,2615,-80 Freezer,5105,A Shelf,dyn-rack-1782413261932-440,AB,drawer-1786392471805-2,AB2,,,dyn-box-1782413261937-559,AB2-1: TEV,,,NP00000717,TEV Protease,1,8,1.64 mg/mL,500 uL,,2024-07-24,"MW = 27 kD
See ADB-10-035 for prep
Extinction coefficient: 32290 M^-1*cm^-1",,,$,,Default,,,,,
,TEV Protease,,Main Lab,1,vials,,,-80 Freezer / A Shelf / AB / AB2 / AB2-1: TEV,-80 Freezer / A Shelf / AB / AB2 / AB2-1: TEV,Available,,,,,,,,,,,,,,,,,,,,,,,,,2615,-80 Freezer,5105,A Shelf,dyn-rack-1782413261932-440,AB,drawer-1786392471805-2,AB2,,,dyn-box-1782413261937-559,AB2-1: TEV,,,NP00000718,TEV Protease,1,9,1.64 mg/mL,500 uL,,2024-07-24,"MW = 27 kD
See ADB-10-035 for prep
Extinction coefficient: 32290 M^-1*cm^-1",,,$,,Default,,,,,
,TEV Protease,,Main Lab,1,vials,,,-80 Freezer / A Shelf / AB / AB2 / AB2-1: TEV,-80 Freezer / A Shelf / AB / AB2 / AB2-1: TEV,Available,,,,,,,,,,,,,,,,,,,,,,,,,2615,-80 Freezer,5105,A Shelf,dyn-rack-1782413261932-440,AB,drawer-1786392471805-2,AB2,,,dyn-box-1782413261937-559,AB2-1: TEV,,,NP00000719,TEV Protease,2,1,1.64 mg/mL,500 uL,,2024-07-24,"MW = 27 kD
See ADB-10-035 for prep
Extinction coefficient: 32290 M^-1*cm^-1",,,$,,Default,,,,,
,TEV Protease,,Main Lab,1,vials,,,-80 Freezer / A Shelf / AB / AB2 / AB2-1: TEV,-80 Freezer / A Shelf / AB / AB2 / AB2-1: TEV,Available,,,,,,,,,,,,,,,,,,,,,,,,,2615,-80 Freezer,5105,A Shelf,dyn-rack-1782413261932-440,AB,drawer-1786392471805-2,AB2,,,dyn-box-1782413261937-559,AB2-1: TEV,,,NP00000720,TEV Protease,2,2,1.64 mg/mL,500 uL,,2024-07-24,"MW = 27 kD
See ADB-10-035 for prep
Extinction coefficient: 32290 M^-1*cm^-1",,,$,,Default,,,,,
,TEV Protease,,Main Lab,1,vials,,,-80 Freezer / A Shelf / AB / AB2 / AB2-1: TEV,-80 Freezer / A Shelf / AB / AB2 / AB2-1: TEV,Available,,,,,,,,,,,,,,,,,,,,,,,,,2615,-80 Freezer,5105,A Shelf,dyn-rack-1782413261932-440,AB,drawer-1786392471805-2,AB2,,,dyn-box-1782413261937-559,AB2-1: TEV,,,NP00000721,TEV Protease,2,3,1.64 mg/mL,500 uL,,2024-07-24,"MW = 27 kD
See ADB-10-035 for prep
Extinction coefficient: 32290 M^-1*cm^-1",,,$,,Default,,,,,
,TEV Protease,,Main Lab,1,vials,,,-80 Freezer / A Shelf / AB / AB2 / AB2-1: TEV,-80 Freezer / A Shelf / AB / AB2 / AB2-1: TEV,Available,,,,,,,,,,,,,,,,,,,,,,,,,2615,-80 Freezer,5105,A Shelf,dyn-rack-1782413261932-440,AB,drawer-1786392471805-2,AB2,,,dyn-box-1782413261937-559,AB2-1: TEV,,,NP00000722,TEV Protease,2,4,1.64 mg/mL,500 uL,,2024-07-24,"MW = 27 kD
See ADB-10-035 for prep
Extinction coefficient: 32290 M^-1*cm^-1",,,$,,Default,,,,,
,TEV Protease,,Main Lab,1,vials,,,-80 Freezer / A Shelf / AB / AB2 / AB2-1: TEV,-80 Freezer / A Shelf / AB / AB2 / AB2-1: TEV,Available,,,,,,,,,,,,,,,,,,,,,,,,,2615,-80 Freezer,5105,A Shelf,dyn-rack-1782413261932-440,AB,drawer-1786392471805-2,AB2,,,dyn-box-1782413261937-559,AB2-1: TEV,,,NP00000723,TEV Protease,2,5,1.64 mg/mL,500 uL,,2024-07-24,"MW = 27 kD
See ADB-10-035 for prep
Extinction coefficient: 32290 M^-1*cm^-1",,,$,,Default,,,,,
,TEV Protease,,Main Lab,1,vials,,,-80 Freezer / A Shelf / AB / AB2 / AB2-1: TEV,-80 Freezer / A Shelf / AB / AB2 / AB2-1: TEV,Available,,,,,,,,,,,,,,,,,,,,,,,,,2615,-80 Freezer,5105,A Shelf,dyn-rack-1782413261932-440,AB,drawer-1786392471805-2,AB2,,,dyn-box-1782413261937-559,AB2-1: TEV,,,NP00000724,TEV Protease,2,6,1.64 mg/mL,500 uL,,2024-07-24,"MW = 27 kD
See ADB-10-035 for prep
Extinction coefficient: 32290 M^-1*cm^-1",,,$,,Default,,,,,
,TEV Protease,,Main Lab,1,vials,,,-80 Freezer / A Shelf / AB / AB2 / AB2-1: TEV,-80 Freezer / A Shelf / AB / AB2 / AB2-1: TEV,Available,,,,,,,,,,,,,,,,,,,,,,,,,2615,-80 Freezer,5105,A Shelf,dyn-rack-1782413261932-440,AB,drawer-1786392471805-2,AB2,,,dyn-box-1782413261937-559,AB2-1: TEV,,,NP00000725,TEV Protease,2,7,1.64 mg/mL,500 uL,,2024-07-24,"MW = 27 kD
See ADB-10-035 for prep
Extinction coefficient: 32290 M^-1*cm^-1",,,$,,Default,,,,,
,TEV Protease,,Main Lab,1,vials,,,-80 Freezer / A Shelf / AB / AB2 / AB2-1: TEV,-80 Freezer / A Shelf / AB / AB2 / AB2-1: TEV,Available,,,,,,,,,,,,,,,,,,,,,,,,,2615,-80 Freezer,5105,A Shelf,dyn-rack-1782413261932-440,AB,drawer-1786392471805-2,AB2,,,dyn-box-1782413261937-559,AB2-1: TEV,,,NP00000726,TEV Protease,2,8,1.64 mg/mL,500 uL,,2024-07-24,"MW = 27 kD
See ADB-10-035 for prep
Extinction coefficient: 32290 M^-1*cm^-1",,,$,,Default,,,,,
,TEV Protease,,Main Lab,1,vials,,,-80 Freezer / A Shelf / AB / AB2 / AB2-1: TEV,-80 Freezer / A Shelf / AB / AB2 / AB2-1: TEV,Available,,,,,,,,,,,,,,,,,,,,,,,,,2615,-80 Freezer,5105,A Shelf,dyn-rack-1782413261932-440,AB,drawer-1786392471805-2,AB2,,,dyn-box-1782413261937-559,AB2-1: TEV,,,NP00000727,TEV Protease,2,9,1.64 mg/mL,500 uL,,2024-07-24,"MW = 27 kD
See ADB-10-035 for prep
Extinction coefficient: 32290 M^-1*cm^-1",,,$,,Default,,,,,
,TEV Protease,,Main Lab,1,vials,,,-80 Freezer / A Shelf / AB / AB2 / AB2-1: TEV,-80 Freezer / A Shelf / AB / AB2 / AB2-1: TEV,Available,,,,,,,,,,,,,,,,,,,,,,,,,2615,-80 Freezer,5105,A Shelf,dyn-rack-1782413261932-440,AB,drawer-1786392471805-2,AB2,,,dyn-box-1782413261937-559,AB2-1: TEV,,,NP00000728,TEV Protease,3,1,1.64 mg/mL,500 uL,,2024-07-24,"MW = 27 kD
See ADB-10-035 for prep
Extinction coefficient: 32290 M^-1*cm^-1",,,$,,Default,,,,,
,TEV Protease,,Main Lab,1,vials,,,-80 Freezer / A Shelf / AB / AB2 / AB2-1: TEV,-80 Freezer / A Shelf / AB / AB2 / AB2-1: TEV,Available,,,,,,,,,,,,,,,,,,,,,,,,,2615,-80 Freezer,5105,A Shelf,dyn-rack-1782413261932-440,AB,drawer-1786392471805-2,AB2,,,dyn-box-1782413261937-559,AB2-1: TEV,,,NP00000729,TEV Protease,3,2,1.64 mg/mL,500 uL,,2024-07-24,"MW = 27 kD
See ADB-10-035 for prep
Extinction coefficient: 32290 M^-1*cm^-1",,,$,,Default,,,,,
,TEV Protease,,Main Lab,1,vials,,,-80 Freezer / A Shelf / AB / AB2 / AB2-1: TEV,-80 Freezer / A Shelf / AB / AB2 / AB2-1: TEV,Available,,,,,,,,,,,,,,,,,,,,,,,,,2615,-80 Freezer,5105,A Shelf,dyn-rack-1782413261932-440,AB,drawer-1786392471805-2,AB2,,,dyn-box-1782413261937-559,AB2-1: TEV,,,NP00000730,TEV Protease,3,3,1.64 mg/mL,500 uL,,2024-07-24,"MW = 27 kD
See ADB-10-035 for prep
Extinction coefficient: 32290 M^-1*cm^-1",,,$,,Default,,,,,
,TEV Protease,,Main Lab,1,vials,,,-80 Freezer / A Shelf / AB / AB2 / AB2-1: TEV,-80 Freezer / A Shelf / AB / AB2 / AB2-1: TEV,Available,,,,,,,,,,,,,,,,,,,,,,,,,2615,-80 Freezer,5105,A Shelf,dyn-rack-1782413261932-440,AB,drawer-1786392471805-2,AB2,,,dyn-box-1782413261937-559,AB2-1: TEV,,,NP00000731,TEV Protease,3,4,1.64 mg/mL,500 uL,,2024-07-24,"MW = 27 kD
See ADB-10-035 for prep
Extinction coefficient: 32290 M^-1*cm^-1",,,$,,Default,,,,,
,TEV Protease,,Main Lab,1,vials,,,-80 Freezer / A Shelf / AB / AB2 / AB2-1: TEV,-80 Freezer / A Shelf / AB / AB2 / AB2-1: TEV,Available,,,,,,,,,,,,,,,,,,,,,,,,,2615,-80 Freezer,5105,A Shelf,dyn-rack-1782413261932-440,AB,drawer-1786392471805-2,AB2,,,dyn-box-1782413261937-559,AB2-1: TEV,,,NP00000732,TEV Protease,3,5,1.64 mg/mL,500 uL,,2024-07-24,"MW = 27 kD
See ADB-10-035 for prep
Extinction coefficient: 32290 M^-1*cm^-1",,,$,,Default,,,,,
,TEV Protease,,Main Lab,1,vials,,,-80 Freezer / A Shelf / AB / AB2 / AB2-1: TEV,-80 Freezer / A Shelf / AB / AB2 / AB2-1: TEV,Available,,,,,,,,,,,,,,,,,,,,,,,,,2615,-80 Freezer,5105,A Shelf,dyn-rack-1782413261932-440,AB,drawer-1786392471805-2,AB2,,,dyn-box-1782413261937-559,AB2-1: TEV,,,NP00000733,TEV Protease,3,6,1.64 mg/mL,500 uL,,2024-07-24,"MW = 27 kD
See ADB-10-035 for prep
Extinction coefficient: 32290 M^-1*cm^-1",,,$,,Default,,,,,
,TEV Protease,,Main Lab,1,vials,,,-80 Freezer / A Shelf / AB / AB2 / AB2-1: TEV,-80 Freezer / A Shelf / AB / AB2 / AB2-1: TEV,Available,,,,,,,,,,,,,,,,,,,,,,,,,2615,-80 Freezer,5105,A Shelf,dyn-rack-1782413261932-440,AB,drawer-1786392471805-2,AB2,,,dyn-box-1782413261937-559,AB2-1: TEV,,,NP00000734,TEV Protease,3,7,1.64 mg/mL,500 uL,,2024-07-24,"MW = 27 kD
See ADB-10-035 for prep
Extinction coefficient: 32290 M^-1*cm^-1",,,$,,Default,,,,,
,TEV Protease,,Main Lab,1,vials,,,-80 Freezer / A Shelf / AB / AB2 / AB2-1: TEV,-80 Freezer / A Shelf / AB / AB2 / AB2-1: TEV,Available,,,,,,,,,,,,,,,,,,,,,,,,,2615,-80 Freezer,5105,A Shelf,dyn-rack-1782413261932-440,AB,drawer-1786392471805-2,AB2,,,dyn-box-1782413261937-559,AB2-1: TEV,,,NP00000735,TEV Protease,3,8,1.64 mg/mL,500 uL,,2024-07-24,"MW = 27 kD
See ADB-10-035 for prep
Extinction coefficient: 32290 M^-1*cm^-1",,,$,,Default,,,,,
,TEV Protease,,Main Lab,1,vials,,,-80 Freezer / A Shelf / AB / AB2 / AB2-1: TEV,-80 Freezer / A Shelf / AB / AB2 / AB2-1: TEV,Available,,,,,,,,,,,,,,,,,,,,,,,,,2615,-80 Freezer,5105,A Shelf,dyn-rack-1782413261932-440,AB,drawer-1786392471805-2,AB2,,,dyn-box-1782413261937-559,AB2-1: TEV,,,NP00000736,TEV Protease,3,9,1.64 mg/mL,500 uL,,2024-07-24,"MW = 27 kD
See ADB-10-035 for prep
Extinction coefficient: 32290 M^-1*cm^-1",,,$,,Default,,,,,
,TEV Protease,,Main Lab,1,vials,,,-80 Freezer / A Shelf / AB / AB2 / AB2-1: TEV,-80 Freezer / A Shelf / AB / AB2 / AB2-1: TEV,Available,,,,,,,,,,,,,,,,,,,,,,,,,2615,-80 Freezer,5105,A Shelf,dyn-rack-1782413261932-440,AB,drawer-1786392471805-2,AB2,,,dyn-box-1782413261937-559,AB2-1: TEV,,,NP00000737,TEV Protease,4,1,1.64 mg/mL,500 uL,,2024-07-24,"MW = 27 kD
See ADB-10-035 for prep
Extinction coefficient: 32290 M^-1*cm^-1",,,$,,Default,,,,,
,TEV Protease,,Main Lab,1,vials,,,-80 Freezer / A Shelf / AB / AB2 / AB2-1: TEV,-80 Freezer / A Shelf / AB / AB2 / AB2-1: TEV,Available,,,,,,,,,,,,,,,,,,,,,,,,,2615,-80 Freezer,5105,A Shelf,dyn-rack-1782413261932-440,AB,drawer-1786392471805-2,AB2,,,dyn-box-1782413261937-559,AB2-1: TEV,,,NP00000738,TEV Protease,4,2,1.64 mg/mL,500 uL,,2024-07-24,"MW = 27 kD
See ADB-10-035 for prep
Extinction coefficient: 32290 M^-1*cm^-1",,,$,,Default,,,,,
,TEV Protease,,Main Lab,1,vials,,,-80 Freezer / A Shelf / AB / AB2 / AB2-1: TEV,-80 Freezer / A Shelf / AB / AB2 / AB2-1: TEV,Available,,,,,,,,,,,,,,,,,,,,,,,,,2615,-80 Freezer,5105,A Shelf,dyn-rack-1782413261932-440,AB,drawer-1786392471805-2,AB2,,,dyn-box-1782413261937-559,AB2-1: TEV,,,NP00000739,TEV Protease,4,3,1.64 mg/mL,500 uL,,2024-07-24,"MW = 27 kD
See ADB-10-035 for prep
Extinction coefficient: 32290 M^-1*cm^-1",,,$,,Default,,,,,
,TEV Protease,,Main Lab,1,vials,,,-80 Freezer / A Shelf / AB / AB2 / AB2-1: TEV,-80 Freezer / A Shelf / AB / AB2 / AB2-1: TEV,Available,,,,,,,,,,,,,,,,,,,,,,,,,2615,-80 Freezer,5105,A Shelf,dyn-rack-1782413261932-440,AB,drawer-1786392471805-2,AB2,,,dyn-box-1782413261937-559,AB2-1: TEV,,,NP00000740,TEV Protease,4,4,1.64 mg/mL,500 uL,,2024-07-24,"MW = 27 kD
See ADB-10-035 for prep
Extinction coefficient: 32290 M^-1*cm^-1",,,$,,Default,,,,,
,TEV Protease,,Main Lab,1,vials,,,-80 Freezer / A Shelf / AB / AB2 / AB2-1: TEV,-80 Freezer / A Shelf / AB / AB2 / AB2-1: TEV,Available,,,,,,,,,,,,,,,,,,,,,,,,,2615,-80 Freezer,5105,A Shelf,dyn-rack-1782413261932-440,AB,drawer-1786392471805-2,AB2,,,dyn-box-1782413261937-559,AB2-1: TEV,,,NP00000741,TEV Protease,4,5,1.64 mg/mL,500 uL,,2024-07-24,"MW = 27 kD
See ADB-10-035 for prep
Extinction coefficient: 32290 M^-1*cm^-1",,,$,,Default,,,,,
,TEV Protease,,Main Lab,1,vials,,,-80 Freezer / A Shelf / AB / AB2 / AB2-1: TEV,-80 Freezer / A Shelf / AB / AB2 / AB2-1: TEV,Available,,,,,,,,,,,,,,,,,,,,,,,,,2615,-80 Freezer,5105,A Shelf,dyn-rack-1782413261932-440,AB,drawer-1786392471805-2,AB2,,,dyn-box-1782413261937-559,AB2-1: TEV,,,NP00000742,TEV Protease,4,6,1.64 mg/mL,500 uL,,2024-07-24,"MW = 27 kD
See ADB-10-035 for prep
Extinction coefficient: 32290 M^-1*cm^-1",,,$,,Default,,,,,
,TEV Protease,,Main Lab,1,vials,,,-80 Freezer / A Shelf / AB / AB2 / AB2-1: TEV,-80 Freezer / A Shelf / AB / AB2 / AB2-1: TEV,Available,,,,,,,,,,,,,,,,,,,,,,,,,2615,-80 Freezer,5105,A Shelf,dyn-rack-1782413261932-440,AB,drawer-1786392471805-2,AB2,,,dyn-box-1782413261937-559,AB2-1: TEV,,,NP00000743,TEV Protease,4,7,1.64 mg/mL,500 uL,,2024-07-24,"MW = 27 kD
See ADB-10-035 for prep
Extinction coefficient: 32290 M^-1*cm^-1",,,$,,Default,,,,,
,TEV Protease,,Main Lab,1,vials,,,-80 Freezer / A Shelf / AB / AB2 / AB2-1: TEV,-80 Freezer / A Shelf / AB / AB2 / AB2-1: TEV,Available,,,,,,,,,,,,,,,,,,,,,,,,,2615,-80 Freezer,5105,A Shelf,dyn-rack-1782413261932-440,AB,drawer-1786392471805-2,AB2,,,dyn-box-1782413261937-559,AB2-1: TEV,,,NP00000744,TEV Protease,4,8,1.64 mg/mL,500 uL,,2024-07-24,"MW = 27 kD
See ADB-10-035 for prep
Extinction coefficient: 32290 M^-1*cm^-1",,,$,,Default,,,,,
,TEV Protease,,Main Lab,1,vials,,,-80 Freezer / A Shelf / AB / AB2 / AB2-1: TEV,-80 Freezer / A Shelf / AB / AB2 / AB2-1: TEV,Available,,,,,,,,,,,,,,,,,,,,,,,,,2615,-80 Freezer,5105,A Shelf,dyn-rack-1782413261932-440,AB,drawer-1786392471805-2,AB2,,,dyn-box-1782413261937-559,AB2-1: TEV,,,NP00000745,TEV Protease,4,9,1.64 mg/mL,500 uL,,2024-07-24,"MW = 27 kD
See ADB-10-035 for prep
Extinction coefficient: 32290 M^-1*cm^-1",,,$,,Default,,,,,
,TEV Protease,,Main Lab,1,vials,,,-80 Freezer / A Shelf / AB / AB2 / AB2-1: TEV,-80 Freezer / A Shelf / AB / AB2 / AB2-1: TEV,Available,,,,,,,,,,,,,,,,,,,,,,,,,2615,-80 Freezer,5105,A Shelf,dyn-rack-1782413261932-440,AB,drawer-1786392471805-2,AB2,,,dyn-box-1782413261937-559,AB2-1: TEV,,,NP00000746,TEV Protease,5,1,1.64 mg/mL,500 uL,,2024-07-24,"MW = 27 kD
See ADB-10-035 for prep
Extinction coefficient: 32290 M^-1*cm^-1",,,$,,Default,,,,,
,TEV Protease 2,,Main Lab,1,vials,,,-80 Freezer / A Shelf / AB / AB2 / AB2-1: TEV,-80 Freezer / A Shelf / AB / AB2 / AB2-1: TEV,Available,,,,,,,,,,,,,,,,,,,,,,,,,2615,-80 Freezer,5105,A Shelf,dyn-rack-1782413261932-440,AB,drawer-1786392471805-2,AB2,,,dyn-box-1782413261937-559,AB2-1: TEV,,,NP00000755,TEV Protease 2,6,1,0.777 mg/mL,1 mL,,2024-07-03,"0.777 mg/mL
Extinction Coefficient: 32290 M^-1 * cm^-1
MW = 27 kD",,,$,,Default,,,,,
,TEV Protease 2,,Main Lab,1,vials,,,-80 Freezer / A Shelf / AB / AB2 / AB2-1: TEV,-80 Freezer / A Shelf / AB / AB2 / AB2-1: TEV,Available,,,,,,,,,,,,,,,,,,,,,,,,,2615,-80 Freezer,5105,A Shelf,dyn-rack-1782413261932-440,AB,drawer-1786392471805-2,AB2,,,dyn-box-1782413261937-559,AB2-1: TEV,,,NP00000756,TEV Protease 2,6,2,0.777 mg/mL,1 mL,,2024-07-03,"0.777 mg/mL
Extinction Coefficient: 32290 M^-1 * cm^-1
MW = 27 kD",,,$,,Default,,,,,
,TEV Protease 2,,Main Lab,1,vials,,,-80 Freezer / A Shelf / AB / AB2 / AB2-1: TEV,-80 Freezer / A Shelf / AB / AB2 / AB2-1: TEV,Available,,,,,,,,,,,,,,,,,,,,,,,,,2615,-80 Freezer,5105,A Shelf,dyn-rack-1782413261932-440,AB,drawer-1786392471805-2,AB2,,,dyn-box-1782413261937-559,AB2-1: TEV,,,NP00000757,TEV Protease 2,6,3,0.777 mg/mL,1 mL,,2024-07-03,"0.777 mg/mL
Extinction Coefficient: 32290 M^-1 * cm^-1
MW = 27 kD",,,$,,Default,,,,,
,TEV Protease 2,,Main Lab,1,vials,,,-80 Freezer / A Shelf / AB / AB2 / AB2-1: TEV,-80 Freezer / A Shelf / AB / AB2 / AB2-1: TEV,Available,,,,,,,,,,,,,,,,,,,,,,,,,2615,-80 Freezer,5105,A Shelf,dyn-rack-1782413261932-440,AB,drawer-1786392471805-2,AB2,,,dyn-box-1782413261937-559,AB2-1: TEV,,,NP00000758,TEV Protease 2,6,4,0.777 mg/mL,1 mL,,2024-07-03,"0.777 mg/mL
Extinction Coefficient: 32290 M^-1 * cm^-1
MW = 27 kD",,,$,,Default,,,,,
,TEV Protease 2,,Main Lab,1,vials,,,-80 Freezer / A Shelf / AB / AB2 / AB2-1: TEV,-80 Freezer / A Shelf / AB / AB2 / AB2-1: TEV,Available,,,,,,,,,,,,,,,,,,,,,,,,,2615,-80 Freezer,5105,A Shelf,dyn-rack-1782413261932-440,AB,drawer-1786392471805-2,AB2,,,dyn-box-1782413261937-559,AB2-1: TEV,,,NP00000759,TEV Protease 2,6,5,0.777 mg/mL,1 mL,,2024-07-03,"0.777 mg/mL
Extinction Coefficient: 32290 M^-1 * cm^-1
MW = 27 kD",,,$,,Default,,,,,
,TEV Protease 2,,Main Lab,1,vials,,,-80 Freezer / A Shelf / AB / AB2 / AB2-1: TEV,-80 Freezer / A Shelf / AB / AB2 / AB2-1: TEV,Available,,,,,,,,,,,,,,,,,,,,,,,,,2615,-80 Freezer,5105,A Shelf,dyn-rack-1782413261932-440,AB,drawer-1786392471805-2,AB2,,,dyn-box-1782413261937-559,AB2-1: TEV,,,NP00000760,TEV Protease 2,6,6,0.777 mg/mL,1 mL,,2024-07-03,"0.777 mg/mL
Extinction Coefficient: 32290 M^-1 * cm^-1
MW = 27 kD",,,$,,Default,,,,,
,TEV Protease 2,,Main Lab,1,vials,,,-80 Freezer / A Shelf / AB / AB2 / AB2-1: TEV,-80 Freezer / A Shelf / AB / AB2 / AB2-1: TEV,Available,,,,,,,,,,,,,,,,,,,,,,,,,2615,-80 Freezer,5105,A Shelf,dyn-rack-1782413261932-440,AB,drawer-1786392471805-2,AB2,,,dyn-box-1782413261937-559,AB2-1: TEV,,,NP00000761,TEV Protease 2,6,7,0.777 mg/mL,1 mL,,2024-07-03,"0.777 mg/mL
Extinction Coefficient: 32290 M^-1 * cm^-1
MW = 27 kD",,,$,,Default,,,,,
,TEV Protease 2,,Main Lab,1,vials,,,-80 Freezer / A Shelf / AB / AB2 / AB2-1: TEV,-80 Freezer / A Shelf / AB / AB2 / AB2-1: TEV,Available,,,,,,,,,,,,,,,,,,,,,,,,,2615,-80 Freezer,5105,A Shelf,dyn-rack-1782413261932-440,AB,drawer-1786392471805-2,AB2,,,dyn-box-1782413261937-559,AB2-1: TEV,,,NP00000762,TEV Protease 2,6,8,0.777 mg/mL,1 mL,,2024-07-03,"0.777 mg/mL
Extinction Coefficient: 32290 M^-1 * cm^-1
MW = 27 kD",,,$,,Default,,,,,
,TEV Protease 2,,Main Lab,1,vials,,,-80 Freezer / A Shelf / AB / AB2 / AB2-1: TEV,-80 Freezer / A Shelf / AB / AB2 / AB2-1: TEV,Available,,,,,,,,,,,,,,,,,,,,,,,,,2615,-80 Freezer,5105,A Shelf,dyn-rack-1782413261932-440,AB,drawer-1786392471805-2,AB2,,,dyn-box-1782413261937-559,AB2-1: TEV,,,NP00000763,TEV Protease 2,6,9,0.777 mg/mL,1 mL,,2024-07-03,"0.777 mg/mL
Extinction Coefficient: 32290 M^-1 * cm^-1
MW = 27 kD",,,$,,Default,,,,,
,TEV Protease 2,,Main Lab,1,vials,,,-80 Freezer / A Shelf / AB / AB2 / AB2-1: TEV,-80 Freezer / A Shelf / AB / AB2 / AB2-1: TEV,Available,,,,,,,,,,,,,,,,,,,,,,,,,2615,-80 Freezer,5105,A Shelf,dyn-rack-1782413261932-440,AB,drawer-1786392471805-2,AB2,,,dyn-box-1782413261937-559,AB2-1: TEV,,,NP00000764,TEV Protease 2,7,1,0.777 mg/mL,1 mL,,2024-07-03,"0.777 mg/mL
Extinction Coefficient: 32290 M^-1 * cm^-1
MW = 27 kD",,,$,,Default,,,,,
,TEV Protease 2,,Main Lab,1,vials,,,-80 Freezer / A Shelf / AB / AB2 / AB2-1: TEV,-80 Freezer / A Shelf / AB / AB2 / AB2-1: TEV,Available,,,,,,,,,,,,,,,,,,,,,,,,,2615,-80 Freezer,5105,A Shelf,dyn-rack-1782413261932-440,AB,drawer-1786392471805-2,AB2,,,dyn-box-1782413261937-559,AB2-1: TEV,,,NP00000765,TEV Protease 2,7,2,0.777 mg/mL,1 mL,,2024-07-03,"0.777 mg/mL
Extinction Coefficient: 32290 M^-1 * cm^-1
MW = 27 kD",,,$,,Default,,,,,
,TEV Protease 2,,Main Lab,1,vials,,,-80 Freezer / A Shelf / AB / AB2 / AB2-1: TEV,-80 Freezer / A Shelf / AB / AB2 / AB2-1: TEV,Available,,,,,,,,,,,,,,,,,,,,,,,,,2615,-80 Freezer,5105,A Shelf,dyn-rack-1782413261932-440,AB,drawer-1786392471805-2,AB2,,,dyn-box-1782413261937-559,AB2-1: TEV,,,NP00000766,TEV Protease 2,7,3,0.777 mg/mL,1 mL,,2024-07-03,"0.777 mg/mL
Extinction Coefficient: 32290 M^-1 * cm^-1
MW = 27 kD",,,$,,Default,,,,,
,TEV Protease 2,,Main Lab,1,vials,,,-80 Freezer / A Shelf / AB / AB2 / AB2-1: TEV,-80 Freezer / A Shelf / AB / AB2 / AB2-1: TEV,Available,,,,,,,,,,,,,,,,,,,,,,,,,2615,-80 Freezer,5105,A Shelf,dyn-rack-1782413261932-440,AB,drawer-1786392471805-2,AB2,,,dyn-box-1782413261937-559,AB2-1: TEV,,,NP00000767,TEV Protease 2,7,4,0.777 mg/mL,1 mL,,2024-07-03,"0.777 mg/mL
Extinction Coefficient: 32290 M^-1 * cm^-1
MW = 27 kD",,,$,,Default,,,,,
,TEV Protease 2,,Main Lab,1,vials,,,-80 Freezer / A Shelf / AB / AB2 / AB2-1: TEV,-80 Freezer / A Shelf / AB / AB2 / AB2-1: TEV,Available,,,,,,,,,,,,,,,,,,,,,,,,,2615,-80 Freezer,5105,A Shelf,dyn-rack-1782413261932-440,AB,drawer-1786392471805-2,AB2,,,dyn-box-1782413261937-559,AB2-1: TEV,,,NP00000768,TEV Protease 2,7,5,0.777 mg/mL,1 mL,,2024-07-03,"0.777 mg/mL
Extinction Coefficient: 32290 M^-1 * cm^-1
MW = 27 kD",,,$,,Default,,,,,
,TEV Protease 2,,Main Lab,1,vials,,,-80 Freezer / A Shelf / AB / AB2 / AB2-1: TEV,-80 Freezer / A Shelf / AB / AB2 / AB2-1: TEV,Available,,,,,,,,,,,,,,,,,,,,,,,,,2615,-80 Freezer,5105,A Shelf,dyn-rack-1782413261932-440,AB,drawer-1786392471805-2,AB2,,,dyn-box-1782413261937-559,AB2-1: TEV,,,NP00000769,TEV Protease 2,7,6,0.777 mg/mL,1 mL,,2024-07-03,"0.777 mg/mL
Extinction Coefficient: 32290 M^-1 * cm^-1
MW = 27 kD",,,$,,Default,,,,,
,TEV Protease 2,,Main Lab,1,vials,,,-80 Freezer / A Shelf / AB / AB2 / AB2-1: TEV,-80 Freezer / A Shelf / AB / AB2 / AB2-1: TEV,Available,,,,,,,,,,,,,,,,,,,,,,,,,2615,-80 Freezer,5105,A Shelf,dyn-rack-1782413261932-440,AB,drawer-1786392471805-2,AB2,,,dyn-box-1782413261937-559,AB2-1: TEV,,,NP00000770,TEV Protease 2,7,7,0.777 mg/mL,1 mL,,2024-07-03,"0.777 mg/mL
Extinction Coefficient: 32290 M^-1 * cm^-1
MW = 27 kD",,,$,,Default,,,,,
,TEV Protease 2,,Main Lab,1,vials,,,-80 Freezer / A Shelf / AB / AB2 / AB2-1: TEV,-80 Freezer / A Shelf / AB / AB2 / AB2-1: TEV,Available,,,,,,,,,,,,,,,,,,,,,,,,,2615,-80 Freezer,5105,A Shelf,dyn-rack-1782413261932-440,AB,drawer-1786392471805-2,AB2,,,dyn-box-1782413261937-559,AB2-1: TEV,,,NP00000771,TEV Protease 2,7,8,0.777 mg/mL,1 mL,,2024-07-03,"0.777 mg/mL
Extinction Coefficient: 32290 M^-1 * cm^-1
MW = 27 kD",,,$,,Default,,,,,
,TEV Protease 2,,Main Lab,1,vials,,,-80 Freezer / A Shelf / AB / AB2 / AB2-1: TEV,-80 Freezer / A Shelf / AB / AB2 / AB2-1: TEV,Available,,,,,,,,,,,,,,,,,,,,,,,,,2615,-80 Freezer,5105,A Shelf,dyn-rack-1782413261932-440,AB,drawer-1786392471805-2,AB2,,,dyn-box-1782413261937-559,AB2-1: TEV,,,NP00000772,TEV Protease 2,7,9,0.777 mg/mL,1 mL,,2024-07-03,"0.777 mg/mL
Extinction Coefficient: 32290 M^-1 * cm^-1
MW = 27 kD",,,$,,Default,,,,,
,TEV Protease 2,,Main Lab,1,vials,,,-80 Freezer / A Shelf / AB / AB2 / AB2-1: TEV,-80 Freezer / A Shelf / AB / AB2 / AB2-1: TEV,Available,,,,,,,,,,,,,,,,,,,,,,,,,2615,-80 Freezer,5105,A Shelf,dyn-rack-1782413261932-440,AB,drawer-1786392471805-2,AB2,,,dyn-box-1782413261937-559,AB2-1: TEV,,,NP00000773,TEV Protease 2,8,1,0.777 mg/mL,1 mL,,2024-07-03,"0.777 mg/mL
Extinction Coefficient: 32290 M^-1 * cm^-1
MW = 27 kD",,,$,,Default,,,,,
,TEV Protease 2,,Main Lab,1,vials,,,-80 Freezer / A Shelf / AB / AB2 / AB2-1: TEV,-80 Freezer / A Shelf / AB / AB2 / AB2-1: TEV,Available,,,,,,,,,,,,,,,,,,,,,,,,,2615,-80 Freezer,5105,A Shelf,dyn-rack-1782413261932-440,AB,drawer-1786392471805-2,AB2,,,dyn-box-1782413261937-559,AB2-1: TEV,,,NP00000774,TEV Protease 2,8,2,0.777 mg/mL,1 mL,,2024-07-03,"0.777 mg/mL
Extinction Coefficient: 32290 M^-1 * cm^-1
MW = 27 kD",,,$,,Default,,,,,
,TEV Protease 2,,Main Lab,1,vials,,,-80 Freezer / A Shelf / AB / AB2 / AB2-1: TEV,-80 Freezer / A Shelf / AB / AB2 / AB2-1: TEV,Available,,,,,,,,,,,,,,,,,,,,,,,,,2615,-80 Freezer,5105,A Shelf,dyn-rack-1782413261932-440,AB,drawer-1786392471805-2,AB2,,,dyn-box-1782413261937-559,AB2-1: TEV,,,NP00000775,TEV Protease 2,8,3,0.777 mg/mL,1 mL,,2024-07-03,"0.777 mg/mL
Extinction Coefficient: 32290 M^-1 * cm^-1
MW = 27 kD",,,$,,Default,,,,,
,TEV Protease 2,,Main Lab,1,vials,,,-80 Freezer / A Shelf / AB / AB2 / AB2-1: TEV,-80 Freezer / A Shelf / AB / AB2 / AB2-1: TEV,Available,,,,,,,,,,,,,,,,,,,,,,,,,2615,-80 Freezer,5105,A Shelf,dyn-rack-1782413261932-440,AB,drawer-1786392471805-2,AB2,,,dyn-box-1782413261937-559,AB2-1: TEV,,,NP00000776,TEV Protease 2,8,4,0.777 mg/mL,1 mL,,2024-07-03,"0.777 mg/mL
Extinction Coefficient: 32290 M^-1 * cm^-1
MW = 27 kD",,,$,,Default,,,,,
,TEV Protease 2,,Main Lab,1,vials,,,-80 Freezer / A Shelf / AB / AB2 / AB2-1: TEV,-80 Freezer / A Shelf / AB / AB2 / AB2-1: TEV,Available,,,,,,,,,,,,,,,,,,,,,,,,,2615,-80 Freezer,5105,A Shelf,dyn-rack-1782413261932-440,AB,drawer-1786392471805-2,AB2,,,dyn-box-1782413261937-559,AB2-1: TEV,,,NP00000777,TEV Protease 2,8,5,0.777 mg/mL,1 mL,,2024-07-03,"0.777 mg/mL
Extinction Coefficient: 32290 M^-1 * cm^-1
MW = 27 kD",,,$,,Default,,,,,
,TEV Protease 2,,Main Lab,1,vials,,,-80 Freezer / A Shelf / AB / AB2 / AB2-1: TEV,-80 Freezer / A Shelf / AB / AB2 / AB2-1: TEV,Available,,,,,,,,,,,,,,,,,,,,,,,,,2615,-80 Freezer,5105,A Shelf,dyn-rack-1782413261932-440,AB,drawer-1786392471805-2,AB2,,,dyn-box-1782413261937-559,AB2-1: TEV,,,NP00000778,TEV Protease 2,8,6,0.777 mg/mL,1 mL,,2024-07-03,"0.777 mg/mL
Extinction Coefficient: 32290 M^-1 * cm^-1
MW = 27 kD",,,$,,Default,,,,,
,TEV Protease 2,,Main Lab,1,vials,,,-80 Freezer / A Shelf / AB / AB2 / AB2-1: TEV,-80 Freezer / A Shelf / AB / AB2 / AB2-1: TEV,Available,,,,,,,,,,,,,,,,,,,,,,,,,2615,-80 Freezer,5105,A Shelf,dyn-rack-1782413261932-440,AB,drawer-1786392471805-2,AB2,,,dyn-box-1782413261937-559,AB2-1: TEV,,,NP00000779,TEV Protease 2,8,7,0.777 mg/mL,1 mL,,2024-07-03,"0.777 mg/mL
Extinction Coefficient: 32290 M^-1 * cm^-1
MW = 27 kD",,,$,,Default,,,,,
,TEV Protease 2,,Main Lab,1,vials,,,-80 Freezer / A Shelf / AB / AB2 / AB2-1: TEV,-80 Freezer / A Shelf / AB / AB2 / AB2-1: TEV,Available,,,,,,,,,,,,,,,,,,,,,,,,,2615,-80 Freezer,5105,A Shelf,dyn-rack-1782413261932-440,AB,drawer-1786392471805-2,AB2,,,dyn-box-1782413261937-559,AB2-1: TEV,,,NP00000780,TEV Protease 2,8,8,0.777 mg/mL,1 mL,,2024-07-03,"0.777 mg/mL
Extinction Coefficient: 32290 M^-1 * cm^-1
MW = 27 kD",,,$,,Default,,,,,
,TEV Protease 2,,Main Lab,1,vials,,,-80 Freezer / A Shelf / AB / AB2 / AB2-1: TEV,-80 Freezer / A Shelf / AB / AB2 / AB2-1: TEV,Available,,,,,,,,,,,,,,,,,,,,,,,,,2615,-80 Freezer,5105,A Shelf,dyn-rack-1782413261932-440,AB,drawer-1786392471805-2,AB2,,,dyn-box-1782413261937-559,AB2-1: TEV,,,NP00000781,TEV Protease 2,8,9,0.777 mg/mL,1 mL,,2024-07-03,"0.777 mg/mL
Extinction Coefficient: 32290 M^-1 * cm^-1
MW = 27 kD",,,$,,Default,,,,,
,TEV Protease 2,,Main Lab,1,vials,,,-80 Freezer / A Shelf / AB / AB2 / AB2-1: TEV,-80 Freezer / A Shelf / AB / AB2 / AB2-1: TEV,Available,,,,,,,,,,,,,,,,,,,,,,,,,2615,-80 Freezer,5105,A Shelf,dyn-rack-1782413261932-440,AB,drawer-1786392471805-2,AB2,,,dyn-box-1782413261937-559,AB2-1: TEV,,,NP00000782,TEV Protease 2,9,1,0.777 mg/mL,1 mL,,2024-07-03,"0.777 mg/mL
Extinction Coefficient: 32290 M^-1 * cm^-1
MW = 27 kD",,,$,,Default,,,,,
,TEV Protease 2,,Main Lab,1,vials,,,-80 Freezer / A Shelf / AB / AB2 / AB2-1: TEV,-80 Freezer / A Shelf / AB / AB2 / AB2-1: TEV,Available,,,,,,,,,,,,,,,,,,,,,,,,,2615,-80 Freezer,5105,A Shelf,dyn-rack-1782413261932-440,AB,drawer-1786392471805-2,AB2,,,dyn-box-1782413261937-559,AB2-1: TEV,,,NP00000783,TEV Protease 2,9,2,0.777 mg/mL,1 mL,,2024-07-03,"0.777 mg/mL
Extinction Coefficient: 32290 M^-1 * cm^-1
MW = 27 kD",,,$,,Default,,,,,
,TEV Protease 2,,Main Lab,1,vials,,,-80 Freezer / A Shelf / AB / AB2 / AB2-1: TEV,-80 Freezer / A Shelf / AB / AB2 / AB2-1: TEV,Available,,,,,,,,,,,,,,,,,,,,,,,,,2615,-80 Freezer,5105,A Shelf,dyn-rack-1782413261932-440,AB,drawer-1786392471805-2,AB2,,,dyn-box-1782413261937-559,AB2-1: TEV,,,NP00000784,TEV Protease 2,9,3,0.777 mg/mL,1 mL,,2024-07-03,"0.777 mg/mL
Extinction Coefficient: 32290 M^-1 * cm^-1
MW = 27 kD",,,$,,Default,,,,,
,TEV Protease 2,,Main Lab,1,vials,,,-80 Freezer / A Shelf / AB / AB2 / AB2-1: TEV,-80 Freezer / A Shelf / AB / AB2 / AB2-1: TEV,Available,,,,,,,,,,,,,,,,,,,,,,,,,2615,-80 Freezer,5105,A Shelf,dyn-rack-1782413261932-440,AB,drawer-1786392471805-2,AB2,,,dyn-box-1782413261937-559,AB2-1: TEV,,,NP00000785,TEV Protease 2,9,4,0.777 mg/mL,1 mL,,2024-07-03,"0.777 mg/mL
Extinction Coefficient: 32290 M^-1 * cm^-1
MW = 27 kD",,,$,,Default,,,,,
,TEV Protease 2,,Main Lab,1,vials,,,-80 Freezer / A Shelf / AB / AB2 / AB2-1: TEV,-80 Freezer / A Shelf / AB / AB2 / AB2-1: TEV,Available,,,,,,,,,,,,,,,,,,,,,,,,,2615,-80 Freezer,5105,A Shelf,dyn-rack-1782413261932-440,AB,drawer-1786392471805-2,AB2,,,dyn-box-1782413261937-559,AB2-1: TEV,,,NP00000786,TEV Protease 2,9,5,0.777 mg/mL,1 mL,,2024-07-03,"0.777 mg/mL
Extinction Coefficient: 32290 M^-1 * cm^-1
MW = 27 kD",,,$,,Default,,,,,
,TEV Protease 2,,Main Lab,1,vials,,,-80 Freezer / A Shelf / AB / AB2 / AB2-1: TEV,-80 Freezer / A Shelf / AB / AB2 / AB2-1: TEV,Available,,,,,,,,,,,,,,,,,,,,,,,,,2615,-80 Freezer,5105,A Shelf,dyn-rack-1782413261932-440,AB,drawer-1786392471805-2,AB2,,,dyn-box-1782413261937-559,AB2-1: TEV,,,NP00000787,TEV Protease 2,9,6,0.777 mg/mL,1 mL,,2024-07-03,"0.777 mg/mL
Extinction Coefficient: 32290 M^-1 * cm^-1
MW = 27 kD",,,$,,Default,,,,,
,TEV Protease 2,,Main Lab,1,vials,,,-80 Freezer / A Shelf / AB / AB2 / AB2-1: TEV,-80 Freezer / A Shelf / AB / AB2 / AB2-1: TEV,Available,,,,,,,,,,,,,,,,,,,,,,,,,2615,-80 Freezer,5105,A Shelf,dyn-rack-1782413261932-440,AB,drawer-1786392471805-2,AB2,,,dyn-box-1782413261937-559,AB2-1: TEV,,,NP00000788,TEV Protease 2,9,7,0.777 mg/mL,1 mL,,2024-07-03,"0.777 mg/mL
Extinction Coefficient: 32290 M^-1 * cm^-1
MW = 27 kD",,,$,,Default,,,,,
,TEV Protease 2,,Main Lab,1,vials,,,-80 Freezer / A Shelf / AB / AB2 / AB2-1: TEV,-80 Freezer / A Shelf / AB / AB2 / AB2-1: TEV,Available,,,,,,,,,,,,,,,,,,,,,,,,,2615,-80 Freezer,5105,A Shelf,dyn-rack-1782413261932-440,AB,drawer-1786392471805-2,AB2,,,dyn-box-1782413261937-559,AB2-1: TEV,,,NP00000789,TEV Protease 2,9,8,0.777 mg/mL,1 mL,,2024-07-03,"0.777 mg/mL
Extinction Coefficient: 32290 M^-1 * cm^-1
MW = 27 kD",,,$,,Default,,,,,
,TEV Protease 2,,Main Lab,1,vials,,,-80 Freezer / A Shelf / AB / AB2 / AB2-1: TEV,-80 Freezer / A Shelf / AB / AB2 / AB2-1: TEV,Available,,,,,,,,,,,,,,,,,,,,,,,,,2615,-80 Freezer,5105,A Shelf,dyn-rack-1782413261932-440,AB,drawer-1786392471805-2,AB2,,,dyn-box-1782413261937-559,AB2-1: TEV,,,NP00000790,TEV Protease 2,9,9,0.777 mg/mL,1 mL,,2024-07-03,"0.777 mg/mL
Extinction Coefficient: 32290 M^-1 * cm^-1
MW = 27 kD",,,$,,Default,,,,,
,TEV Protease 2,,Main Lab,1,vials,,,-80 Freezer / A Shelf / AB / AB2 / AB2-1: TEV,-80 Freezer / A Shelf / AB / AB2 / AB2-1: TEV,Available,,,,,,,,,,,,,,,,,,,,,,,,,2615,-80 Freezer,5105,A Shelf,dyn-rack-1782413261932-440,AB,drawer-1786392471805-2,AB2,,,dyn-box-1782413261937-559,AB2-1: TEV,,,NP00000791,TEV Protease 2,5,7,0.777 mg/mL,1 mL,,2024-07-03,"0.777 mg/mL
Extinction Coefficient: 32290 M^-1 * cm^-1
MW = 27 kD",,,$,,Default,,,,,
,TEV Protease 2,,Main Lab,1,vials,,,-80 Freezer / A Shelf / AB / AB2 / AB2-1: TEV,-80 Freezer / A Shelf / AB / AB2 / AB2-1: TEV,Available,,,,,,,,,,,,,,,,,,,,,,,,,2615,-80 Freezer,5105,A Shelf,dyn-rack-1782413261932-440,AB,drawer-1786392471805-2,AB2,,,dyn-box-1782413261937-559,AB2-1: TEV,,,NP00000792,TEV Protease 2,5,8,0.777 mg/mL,1 mL,,2024-07-03,"0.777 mg/mL
Extinction Coefficient: 32290 M^-1 * cm^-1
MW = 27 kD",,,$,,Default,,,,,
,TEV Protease 2,,Main Lab,1,vials,,,-80 Freezer / A Shelf / AB / AB2 / AB2-1: TEV,-80 Freezer / A Shelf / AB / AB2 / AB2-1: TEV,Available,,,,,,,,,,,,,,,,,,,,,,,,,2615,-80 Freezer,5105,A Shelf,dyn-rack-1782413261932-440,AB,drawer-1786392471805-2,AB2,,,dyn-box-1782413261937-559,AB2-1: TEV,,,NP00000793,TEV Protease 2,5,9,0.777 mg/mL,1 mL,,2024-07-03,"0.777 mg/mL
Extinction Coefficient: 32290 M^-1 * cm^-1
MW = 27 kD",,,$,,Default,,,,,
,Compotent Cells,,Main Lab,1,vials,,,-80 Freezer / A Shelf / AB / AB2 / AB2-2: ArnA Inhibitors (ask Austin first!),-80 Freezer / A Shelf / AB / AB2 / AB2-2: ArnA Inhibitors (ask Austin first!),Available,,,,,,,,,,,,,,,,,,,,,,,,,2615,-80 Freezer,5105,A Shelf,dyn-rack-1782413261932-440,AB,drawer-1786392471805-2,AB2,,,dyn-box-1782413261939-635,AB2-2: ArnA Inhibitors (ask Austin first!),,,NP00000794,Compotent Cells,,,,,,2025-11-07,"BL21
Kan Plasmid, pLysS Plamsid
Chloramphenicol and Kan markers",,,$,,Default,,,,,
,EC_ArnC in DDM,,Main Lab,1,vials,,,-80 Freezer / A Shelf / AB / AB1 / AB1-4-ArnC-Homologs,-80 Freezer / A Shelf / AB / AB1 / AB1-4-ArnC-Homologs,Available,,,,,,,,,,,,,,,,,,,,,,,,,2615,-80 Freezer,5105,A Shelf,dyn-rack-1782413261932-440,AB,drawer-1786392471805-1,AB1,,,dyn-box-1782413261935-515,AB1-4-ArnC-Homologs,,,NP00000796,EC_ArnC in DDM,2,1,17 mg/mL,20 uL,,2025-07-19,,,,$,,Default,,,,,
,EC_ArnC in DDM,,Main Lab,1,vials,,,-80 Freezer / A Shelf / AB / AB1 / AB1-4-ArnC-Homologs,-80 Freezer / A Shelf / AB / AB1 / AB1-4-ArnC-Homologs,Available,,,,,,,,,,,,,,,,,,,,,,,,,2615,-80 Freezer,5105,A Shelf,dyn-rack-1782413261932-440,AB,drawer-1786392471805-1,AB1,,,dyn-box-1782413261935-515,AB1-4-ArnC-Homologs,,,NP00000797,EC_ArnC in DDM,2,2,17 mg/mL,20 uL,,2025-07-19,,,,$,,Default,,,,,
,EC_ArnC in DDM,,Main Lab,1,vials,,,-80 Freezer / A Shelf / AB / AB1 / AB1-4-ArnC-Homologs,-80 Freezer / A Shelf / AB / AB1 / AB1-4-ArnC-Homologs,Available,,,,,,,,,,,,,,,,,,,,,,,,,2615,-80 Freezer,5105,A Shelf,dyn-rack-1782413261932-440,AB,drawer-1786392471805-1,AB1,,,dyn-box-1782413261935-515,AB1-4-ArnC-Homologs,,,NP00000798,EC_ArnC in DDM,4,3,0.5 mg/mL,,,2025-07-19,,,,$,,Default,,,,,
,EC_ArnC in DDM,,Main Lab,1,vials,,,-80 Freezer / A Shelf / AB / AB1 / AB1-4-ArnC-Homologs,-80 Freezer / A Shelf / AB / AB1 / AB1-4-ArnC-Homologs,Available,,,,,,,,,,,,,,,,,,,,,,,,,2615,-80 Freezer,5105,A Shelf,dyn-rack-1782413261932-440,AB,drawer-1786392471805-1,AB1,,,dyn-box-1782413261935-515,AB1-4-ArnC-Homologs,,,NP00000799,EC_ArnC in DDM,4,4,0.5 mg/mL,,,2025-07-19,,,,$,,Default,,,,,
,EC_ArnC in DDM,,Main Lab,1,vials,,,-80 Freezer / A Shelf / AB / AB1 / AB1-4-ArnC-Homologs,-80 Freezer / A Shelf / AB / AB1 / AB1-4-ArnC-Homologs,Available,,,,,,,,,,,,,,,,,,,,,,,,,2615,-80 Freezer,5105,A Shelf,dyn-rack-1782413261932-440,AB,drawer-1786392471805-1,AB1,,,dyn-box-1782413261935-515,AB1-4-ArnC-Homologs,,,NP00000800,EC_ArnC in DDM,4,5,0.5 mg/mL,,,2025-07-19,,,,$,,Default,,,,,
,EC_ArnC in DDM,,Main Lab,1,vials,,,-80 Freezer / A Shelf / AB / AB1 / AB1-4-ArnC-Homologs,-80 Freezer / A Shelf / AB / AB1 / AB1-4-ArnC-Homologs,Available,,,,,,,,,,,,,,,,,,,,,,,,,2615,-80 Freezer,5105,A Shelf,dyn-rack-1782413261932-440,AB,drawer-1786392471805-1,AB1,,,dyn-box-1782413261935-515,AB1-4-ArnC-Homologs,,,NP00000801,EC_ArnC in DDM,4,6,0.5 mg/mL,,,2025-07-19,,,,$,,Default,,,,,
,EC_ArnC in DDM,,Main Lab,1,vials,,,-80 Freezer / A Shelf / AB / AB1 / AB1-4-ArnC-Homologs,-80 Freezer / A Shelf / AB / AB1 / AB1-4-ArnC-Homologs,Available,,,,,,,,,,,,,,,,,,,,,,,,,2615,-80 Freezer,5105,A Shelf,dyn-rack-1782413261932-440,AB,drawer-1786392471805-1,AB1,,,dyn-box-1782413261935-515,AB1-4-ArnC-Homologs,,,NP00000802,EC_ArnC in DDM,4,7,0.5 mg/mL,,,2025-07-19,,,,$,,Default,,,,,
,EC_ArnC in DDM,,Main Lab,1,vials,,,-80 Freezer / A Shelf / AB / AB1 / AB1-4-ArnC-Homologs,-80 Freezer / A Shelf / AB / AB1 / AB1-4-ArnC-Homologs,Available,,,,,,,,,,,,,,,,,,,,,,,,,2615,-80 Freezer,5105,A Shelf,dyn-rack-1782413261932-440,AB,drawer-1786392471805-1,AB1,,,dyn-box-1782413261935-515,AB1-4-ArnC-Homologs,,,NP00000803,EC_ArnC in DDM,4,8,0.5 mg/mL,,,2025-07-19,,,,$,,Default,,,,,
,EC_ArnC in DDM,,Main Lab,1,vials,,,-80 Freezer / A Shelf / AB / AB1 / AB1-4-ArnC-Homologs,-80 Freezer / A Shelf / AB / AB1 / AB1-4-ArnC-Homologs,Available,,,,,,,,,,,,,,,,,,,,,,,,,2615,-80 Freezer,5105,A Shelf,dyn-rack-1782413261932-440,AB,drawer-1786392471805-1,AB1,,,dyn-box-1782413261935-515,AB1-4-ArnC-Homologs,,,NP00000804,EC_ArnC in DDM,4,9,0.5 mg/mL,,,2025-07-19,,,,$,,Default,,,,,
,Strain (pLysS+Kan),,Main Lab,1,vials,,,-80 Freezer / A Shelf / AB / AB1 / AB1-4-ArnC-Homologs,-80 Freezer / A Shelf / AB / AB1 / AB1-4-ArnC-Homologs,Available,,,,,,,,,,,,,,,,,,,,,,,,,2615,-80 Freezer,5105,A Shelf,dyn-rack-1782413261932-440,AB,drawer-1786392471805-1,AB1,,,dyn-box-1782413261935-515,AB1-4-ArnC-Homologs,,,NP00000805,Strain (pLysS+Kan),6,1,,,,2025-11-07,"Cells that can be streaked to provide compotent cells.
Kan and Chloramphenicol markers. 
pLysS Plasmid",,,$,,Default,,,,,
,Strain (pLysS+Kan),,Main Lab,1,vials,,,-80 Freezer / A Shelf / AB / AB1 / AB1-4-ArnC-Homologs,-80 Freezer / A Shelf / AB / AB1 / AB1-4-ArnC-Homologs,Available,,,,,,,,,,,,,,,,,,,,,,,,,2615,-80 Freezer,5105,A Shelf,dyn-rack-1782413261932-440,AB,drawer-1786392471805-1,AB1,,,dyn-box-1782413261935-515,AB1-4-ArnC-Homologs,,,NP00000806,Strain (pLysS+Kan),6,2,,,,2025-11-07,"Cells that can be streaked to provide compotent cells.
Kan and Chloramphenicol markers. 
pLysS Plasmid",,,$,,Default,,,,,
,Strain (pLysS+Kan),,Main Lab,1,vials,,,-80 Freezer / A Shelf / AB / AB1 / AB1-4-ArnC-Homologs,-80 Freezer / A Shelf / AB / AB1 / AB1-4-ArnC-Homologs,Available,,,,,,,,,,,,,,,,,,,,,,,,,2615,-80 Freezer,5105,A Shelf,dyn-rack-1782413261932-440,AB,drawer-1786392471805-1,AB1,,,dyn-box-1782413261935-515,AB1-4-ArnC-Homologs,,,NP00000807,Strain (pLysS+Kan),6,3,,,,2025-11-07,"Cells that can be streaked to provide compotent cells.
Kan and Chloramphenicol markers. 
pLysS Plasmid",,,$,,Default,,,,,
,Strain (pLysS+Kan),,Main Lab,1,vials,,,-80 Freezer / A Shelf / AB / AB1 / AB1-4-ArnC-Homologs,-80 Freezer / A Shelf / AB / AB1 / AB1-4-ArnC-Homologs,Available,,,,,,,,,,,,,,,,,,,,,,,,,2615,-80 Freezer,5105,A Shelf,dyn-rack-1782413261932-440,AB,drawer-1786392471805-1,AB1,,,dyn-box-1782413261935-515,AB1-4-ArnC-Homologs,,,NP00000808,Strain (pLysS+Kan),6,4,,,,2025-11-07,"Cells that can be streaked to provide compotent cells.
Kan and Chloramphenicol markers. 
pLysS Plasmid",,,$,,Default,,,,,
,Strain (pLysS+Kan),,Main Lab,1,vials,,,-80 Freezer / A Shelf / AB / AB1 / AB1-4-ArnC-Homologs,-80 Freezer / A Shelf / AB / AB1 / AB1-4-ArnC-Homologs,Available,,,,,,,,,,,,,,,,,,,,,,,,,2615,-80 Freezer,5105,A Shelf,dyn-rack-1782413261932-440,AB,drawer-1786392471805-1,AB1,,,dyn-box-1782413261935-515,AB1-4-ArnC-Homologs,,,NP00000809,Strain (pLysS+Kan),6,5,,,,2025-11-07,"Cells that can be streaked to provide compotent cells.
Kan and Chloramphenicol markers. 
pLysS Plasmid",,,$,,Default,,,,,
,Strain (pLysS+Kan),,Main Lab,1,vials,,,-80 Freezer / A Shelf / AB / AB1 / AB1-4-ArnC-Homologs,-80 Freezer / A Shelf / AB / AB1 / AB1-4-ArnC-Homologs,Available,,,,,,,,,,,,,,,,,,,,,,,,,2615,-80 Freezer,5105,A Shelf,dyn-rack-1782413261932-440,AB,drawer-1786392471805-1,AB1,,,dyn-box-1782413261935-515,AB1-4-ArnC-Homologs,,,NP00000810,Strain (pLysS+Kan),6,6,,,,2025-11-07,"Cells that can be streaked to provide compotent cells.
Kan and Chloramphenicol markers. 
pLysS Plasmid",,,$,,Default,,,,,
,Strain (pLysS+Kan),,Main Lab,1,vials,,,-80 Freezer / A Shelf / AB / AB1 / AB1-4-ArnC-Homologs,-80 Freezer / A Shelf / AB / AB1 / AB1-4-ArnC-Homologs,Available,,,,,,,,,,,,,,,,,,,,,,,,,2615,-80 Freezer,5105,A Shelf,dyn-rack-1782413261932-440,AB,drawer-1786392471805-1,AB1,,,dyn-box-1782413261935-515,AB1-4-ArnC-Homologs,,,NP00000811,Strain (pLysS+Kan),6,7,,,,2025-11-07,"Cells that can be streaked to provide compotent cells.
Kan and Chloramphenicol markers. 
pLysS Plasmid",,,$,,Default,,,,,
,Strain (pLysS+Kan),,Main Lab,1,vials,,,-80 Freezer / A Shelf / AB / AB1 / AB1-4-ArnC-Homologs,-80 Freezer / A Shelf / AB / AB1 / AB1-4-ArnC-Homologs,Available,,,,,,,,,,,,,,,,,,,,,,,,,2615,-80 Freezer,5105,A Shelf,dyn-rack-1782413261932-440,AB,drawer-1786392471805-1,AB1,,,dyn-box-1782413261935-515,AB1-4-ArnC-Homologs,,,NP00000812,Strain (pLysS+Kan),6,8,,,,2025-11-07,"Cells that can be streaked to provide compotent cells.
Kan and Chloramphenicol markers. 
pLysS Plasmid",,,$,,Default,,,,,
,Strain (pLysS+Kan),,Main Lab,1,vials,,,-80 Freezer / A Shelf / AB / AB1 / AB1-4-ArnC-Homologs,-80 Freezer / A Shelf / AB / AB1 / AB1-4-ArnC-Homologs,Available,,,,,,,,,,,,,,,,,,,,,,,,,2615,-80 Freezer,5105,A Shelf,dyn-rack-1782413261932-440,AB,drawer-1786392471805-1,AB1,,,dyn-box-1782413261935-515,AB1-4-ArnC-Homologs,,,NP00000813,Strain (pLysS+Kan),6,9,,,,2025-11-07,"Cells that can be streaked to provide compotent cells.
Kan and Chloramphenicol markers. 
pLysS Plasmid",,,$,,Default,,,,,
,EPTA,,Main Lab,1,vials,,,-80 Freezer / A Shelf / AB / AB1 / AB1-4-ArnC-Homologs,-80 Freezer / A Shelf / AB / AB1 / AB1-4-ArnC-Homologs,Available,,,,,,,,,,,,,,,,,,,,,,,,,2615,-80 Freezer,5105,A Shelf,dyn-rack-1782413261932-440,AB,drawer-1786392471805-1,AB1,,,dyn-box-1782413261935-515,AB1-4-ArnC-Homologs,,,NP00000814,EPTA,8,1,,,,2025-11-07,,,,$,,Default,,,,,
,SapA (from Stowell Lab),,Main Lab,1,vials,,,-80 Freezer / A Shelf / AB / AB1 / AB1-4-ArnC-Homologs,-80 Freezer / A Shelf / AB / AB1 / AB1-4-ArnC-Homologs,Available,,,,,,,,,,,,,,,,,,,,,,,,,2615,-80 Freezer,5105,A Shelf,dyn-rack-1782413261932-440,AB,drawer-1786392471805-1,AB1,,,dyn-box-1782413261935-515,AB1-4-ArnC-Homologs,,,NP00000815,SapA (from Stowell Lab),8,2,9.6 mg/mL,,,2025-11-07,,,,$,,Default,,,,,
,SapA (from Stowell Lab),,Main Lab,1,vials,,,-80 Freezer / A Shelf / AB / AB1 / AB1-4-ArnC-Homologs,-80 Freezer / A Shelf / AB / AB1 / AB1-4-ArnC-Homologs,Available,,,,,,,,,,,,,,,,,,,,,,,,,2615,-80 Freezer,5105,A Shelf,dyn-rack-1782413261932-440,AB,drawer-1786392471805-1,AB1,,,dyn-box-1782413261935-515,AB1-4-ArnC-Homologs,,,NP00000816,SapA (from Stowell Lab),8,3,9.6 mg/mL,,,2025-11-07,,,,$,,Default,,,,,
,SapA (from Stowell Lab),,Main Lab,1,vials,,,-80 Freezer / A Shelf / AB / AB1 / AB1-4-ArnC-Homologs,-80 Freezer / A Shelf / AB / AB1 / AB1-4-ArnC-Homologs,Available,,,,,,,,,,,,,,,,,,,,,,,,,2615,-80 Freezer,5105,A Shelf,dyn-rack-1782413261932-440,AB,drawer-1786392471805-1,AB1,,,dyn-box-1782413261935-515,AB1-4-ArnC-Homologs,,,NP00000817,SapA (from Stowell Lab),8,4,9.6 mg/mL,,,2025-11-07,,,,$,,Default,,,,,
,SapA (from Stowell Lab),,Main Lab,1,vials,,,-80 Freezer / A Shelf / AB / AB1 / AB1-4-ArnC-Homologs,-80 Freezer / A Shelf / AB / AB1 / AB1-4-ArnC-Homologs,Available,,,,,,,,,,,,,,,,,,,,,,,,,2615,-80 Freezer,5105,A Shelf,dyn-rack-1782413261932-440,AB,drawer-1786392471805-1,AB1,,,dyn-box-1782413261935-515,AB1-4-ArnC-Homologs,,,NP00000818,SapA (from Stowell Lab),8,5,9.6 mg/mL,,,2025-11-07,,,,$,,Default,,,,,
,SapA (from Stowell Lab),,Main Lab,1,vials,,,-80 Freezer / A Shelf / AB / AB1 / AB1-4-ArnC-Homologs,-80 Freezer / A Shelf / AB / AB1 / AB1-4-ArnC-Homologs,Available,,,,,,,,,,,,,,,,,,,,,,,,,2615,-80 Freezer,5105,A Shelf,dyn-rack-1782413261932-440,AB,drawer-1786392471805-1,AB1,,,dyn-box-1782413261935-515,AB1-4-ArnC-Homologs,,,NP00000819,SapA (from Stowell Lab),8,6,9.6 mg/mL,,,2025-11-07,,,,$,,Default,,,,,
,SapA (from Stowell Lab),,Main Lab,1,vials,,,-80 Freezer / A Shelf / AB / AB1 / AB1-4-ArnC-Homologs,-80 Freezer / A Shelf / AB / AB1 / AB1-4-ArnC-Homologs,Available,,,,,,,,,,,,,,,,,,,,,,,,,2615,-80 Freezer,5105,A Shelf,dyn-rack-1782413261932-440,AB,drawer-1786392471805-1,AB1,,,dyn-box-1782413261935-515,AB1-4-ArnC-Homologs,,,NP00000820,SapA (from Stowell Lab),8,7,9.6 mg/mL,,,2025-11-07,,,,$,,Default,,,,,
,SapA (from Stowell Lab),,Main Lab,1,vials,,,-80 Freezer / A Shelf / AB / AB1 / AB1-4-ArnC-Homologs,-80 Freezer / A Shelf / AB / AB1 / AB1-4-ArnC-Homologs,Available,,,,,,,,,,,,,,,,,,,,,,,,,2615,-80 Freezer,5105,A Shelf,dyn-rack-1782413261932-440,AB,drawer-1786392471805-1,AB1,,,dyn-box-1782413261935-515,AB1-4-ArnC-Homologs,,,NP00000821,SapA (from Stowell Lab),8,8,9.6 mg/mL,,,2025-11-07,,,,$,,Default,,,,,
,SapA (from Stowell Lab),,Main Lab,1,vials,,,-80 Freezer / A Shelf / AB / AB1 / AB1-4-ArnC-Homologs,-80 Freezer / A Shelf / AB / AB1 / AB1-4-ArnC-Homologs,Available,,,,,,,,,,,,,,,,,,,,,,,,,2615,-80 Freezer,5105,A Shelf,dyn-rack-1782413261932-440,AB,drawer-1786392471805-1,AB1,,,dyn-box-1782413261935-515,AB1-4-ArnC-Homologs,,,NP00000822,SapA (from Stowell Lab),8,9,9.6 mg/mL,,,2025-11-07,,,,$,,Default,,,,,
,AFM Proteins,,Main Lab,1,vials,,,-80 Freezer / A Shelf / AG / AG1 / AG1-2 Marc-Andre AFM,-80 Freezer / A Shelf / AG / AG1 / AG1-2 Marc-Andre AFM,Available,,,,,,,,,,,,,,,,,,,,,,,,,2615,-80 Freezer,5105,A Shelf,dyn-rack-1782413261935-529,AG,drawer-1783440965888,AG1,,,dyn-box-1782413261940-663,AG1-2 Marc-Andre AFM,,,NP00000823,AFM Proteins,1,1,,,,2025-11-11,The whole box has various AFM proteins with Aldehyde tags including Nug2 Rubredoxin etc,,,$,,Default,,,,,
,AFM Proteins,,Main Lab,1,vials,,,-80 Freezer / A Shelf / AG / AG1 / AG1-3 Marc-Andre AFM,-80 Freezer / A Shelf / AG / AG1 / AG1-3 Marc-Andre AFM,Available,,,,,,,,,,,,,,,,,,,,,,,,,2615,-80 Freezer,5105,A Shelf,dyn-rack-1782413261935-529,AG,drawer-1783440965888,AG1,,,dyn-box-1782413261940-664,AG1-3 Marc-Andre AFM,,,NP00000824,AFM Proteins,1,1,,,,2025-11-12,"The whole box has AFM proteins such as NuG2, Rubredoxin etc",,,$,,Default,,,,,
,BAM 1670,,Main Lab,1,vials,,,-80 Freezer / A Shelf / AG / AG1 / AG1-4 Morgan BAM,-80 Freezer / A Shelf / AG / AG1 / AG1-4 Morgan BAM,Available,,,,,,,,,,,,,,,,,,,,,,,,,2615,-80 Freezer,5105,A Shelf,dyn-rack-1782413261935-529,AG,drawer-1783440965888,AG1,,,dyn-box-1782413261940-665,AG1-4 Morgan BAM,,,NP00000825,BAM 1670,1,1,,,,2025-11-12,BamA cysless G433C-G807C in BAM complex Bernstein plasmid,,,$,,Default,,,,,
,BAM 1673,,Main Lab,1,vials,,,-80 Freezer / A Shelf / AG / AG1 / AG1-4 Morgan BAM,-80 Freezer / A Shelf / AG / AG1 / AG1-4 Morgan BAM,Available,,,,,,,,,,,,,,,,,,,,,,,,,2615,-80 Freezer,5105,A Shelf,dyn-rack-1782413261935-529,AG,drawer-1783440965888,AG1,,,dyn-box-1782413261940-665,AG1-4 Morgan BAM,,,NP00000826,BAM 1673,2,5,,,,2025-11-12,BAM with BamA cysless R384C-D62C,,,$,,Default,,,,,
,BAM 1674,,Main Lab,1,vials,,,-80 Freezer / A Shelf / AG / AG1 / AG1-4 Morgan BAM,-80 Freezer / A Shelf / AG / AG1 / AG1-4 Morgan BAM,Available,,,,,,,,,,,,,,,,,,,,,,,,,2615,-80 Freezer,5105,A Shelf,dyn-rack-1782413261935-529,AG,drawer-1783440965888,AG1,,,dyn-box-1782413261940-665,AG1-4 Morgan BAM,,,NP00000827,BAM 1674,3,1,,,,2025-11-12,BAM with BamA cysless  with R384C-N41C,,,$,,Default,,,,,
,POTRA1-5 604,,Main Lab,1,vials,,,-80 Freezer / A Shelf / AG / AG3 / AG3-1 Katarina,-80 Freezer / A Shelf / AG / AG3 / AG3-1 Katarina,Available,,,,,,,,,,,,,,,,,,,,,,,,,2615,-80 Freezer,5105,A Shelf,dyn-rack-1782413261935-529,AG,drawer-1783440972818,AG3,,,dyn-box-1782413261940-668,AG3-1 Katarina,,,NP00000828,POTRA1-5 604,1,1,,,,2025-11-12,POTRA1-5 (pMS604) with C-term His Tag for phage display,,,$,,Default,,,,,
,POTRA1-5 604,,Main Lab,1,vials,,,-80 Freezer / A Shelf / AG / AG3 / AG3-1 Katarina,-80 Freezer / A Shelf / AG / AG3 / AG3-1 Katarina,Available,,,,,,,,,,,,,,,,,,,,,,,,,2615,-80 Freezer,5105,A Shelf,dyn-rack-1782413261935-529,AG,drawer-1783440972818,AG3,,,dyn-box-1782413261940-668,AG3-1 Katarina,,,NP00000829,POTRA1-5 604,1,2,,,,2025-11-12,,,,$,,Default,,,,,
,POTRA1-5 604,,Main Lab,1,vials,,,-80 Freezer / A Shelf / AG / AG3 / AG3-1 Katarina,-80 Freezer / A Shelf / AG / AG3 / AG3-1 Katarina,Available,,,,,,,,,,,,,,,,,,,,,,,,,2615,-80 Freezer,5105,A Shelf,dyn-rack-1782413261935-529,AG,drawer-1783440972818,AG3,,,dyn-box-1782413261940-668,AG3-1 Katarina,,,NP00000830,POTRA1-5 604,1,3,,,,2025-11-12,POTRA1-5 (pMS604) with C-term His Tag for phage display,,,$,,Default,,,,,
,POTRA1-5 604,,Main Lab,1,vials,,,-80 Freezer / A Shelf / AG / AG3 / AG3-1 Katarina,-80 Freezer / A Shelf / AG / AG3 / AG3-1 Katarina,Available,,,,,,,,,,,,,,,,,,,,,,,,,2615,-80 Freezer,5105,A Shelf,dyn-rack-1782413261935-529,AG,drawer-1783440972818,AG3,,,dyn-box-1782413261940-668,AG3-1 Katarina,,,NP00000831,POTRA1-5 604,1,4,,,,2025-11-12,POTRA1-5 (pMS604) with C-term His Tag for phage display,,,$,,Default,,,,,
,POTRA1-5 604,,Main Lab,1,vials,,,-80 Freezer / A Shelf / AG / AG3 / AG3-1 Katarina,-80 Freezer / A Shelf / AG / AG3 / AG3-1 Katarina,Available,,,,,,,,,,,,,,,,,,,,,,,,,2615,-80 Freezer,5105,A Shelf,dyn-rack-1782413261935-529,AG,drawer-1783440972818,AG3,,,dyn-box-1782413261940-668,AG3-1 Katarina,,,NP00000832,POTRA1-5 604,1,5,,,,2025-11-12,POTRA1-5 (pMS604) with C-term His Tag for phage display,,,$,,Default,,,,,
,POTRA1-5 604,,Main Lab,1,vials,,,-80 Freezer / A Shelf / AG / AG3 / AG3-1 Katarina,-80 Freezer / A Shelf / AG / AG3 / AG3-1 Katarina,Available,,,,,,,,,,,,,,,,,,,,,,,,,2615,-80 Freezer,5105,A Shelf,dyn-rack-1782413261935-529,AG,drawer-1783440972818,AG3,,,dyn-box-1782413261940-668,AG3-1 Katarina,,,NP00000833,POTRA1-5 604,1,6,,,,2025-11-12,POTRA1-5 (pMS604) with C-term His Tag for phage display,,,$,,Default,,,,,
,POTRA1-5 604,,Main Lab,1,vials,,,-80 Freezer / A Shelf / AG / AG3 / AG3-1 Katarina,-80 Freezer / A Shelf / AG / AG3 / AG3-1 Katarina,Available,,,,,,,,,,,,,,,,,,,,,,,,,2615,-80 Freezer,5105,A Shelf,dyn-rack-1782413261935-529,AG,drawer-1783440972818,AG3,,,dyn-box-1782413261940-668,AG3-1 Katarina,,,NP00000834,POTRA1-5 604,1,7,,,,2025-11-12,POTRA1-5 (pMS604) with C-term His Tag for phage display,,,$,,Default,,,,,
,POTRA1-5 604,,Main Lab,1,vials,,,-80 Freezer / A Shelf / AG / AG3 / AG3-1 Katarina,-80 Freezer / A Shelf / AG / AG3 / AG3-1 Katarina,Available,,,,,,,,,,,,,,,,,,,,,,,,,2615,-80 Freezer,5105,A Shelf,dyn-rack-1782413261935-529,AG,drawer-1783440972818,AG3,,,dyn-box-1782413261940-668,AG3-1 Katarina,,,NP00000835,POTRA1-5 604,1,8,,,,2025-11-12,POTRA1-5 (pMS604) with C-term His Tag for phage display,,,$,,Default,,,,,
,POTRA1-5 604,,Main Lab,1,vials,,,-80 Freezer / A Shelf / AG / AG3 / AG3-1 Katarina,-80 Freezer / A Shelf / AG / AG3 / AG3-1 Katarina,Available,,,,,,,,,,,,,,,,,,,,,,,,,2615,-80 Freezer,5105,A Shelf,dyn-rack-1782413261935-529,AG,drawer-1783440972818,AG3,,,dyn-box-1782413261940-668,AG3-1 Katarina,,,NP00000836,POTRA1-5 604,1,9,,,,2025-11-12,POTRA1-5 (pMS604) with C-term His Tag for phage display,,,$,,Default,,,,,
,POTRA1-5 604,,Main Lab,1,vials,,,-80 Freezer / A Shelf / AG / AG3 / AG3-1 Katarina,-80 Freezer / A Shelf / AG / AG3 / AG3-1 Katarina,Available,,,,,,,,,,,,,,,,,,,,,,,,,2615,-80 Freezer,5105,A Shelf,dyn-rack-1782413261935-529,AG,drawer-1783440972818,AG3,,,dyn-box-1782413261940-668,AG3-1 Katarina,,,NP00000837,POTRA1-5 604,2,1,,,,2025-11-12,POTRA1-5 (pMS604) with C-term His Tag for phage display,,,$,,Default,,,,,
,POTRA1-5 604,,Main Lab,1,vials,,,-80 Freezer / A Shelf / AG / AG3 / AG3-1 Katarina,-80 Freezer / A Shelf / AG / AG3 / AG3-1 Katarina,Available,,,,,,,,,,,,,,,,,,,,,,,,,2615,-80 Freezer,5105,A Shelf,dyn-rack-1782413261935-529,AG,drawer-1783440972818,AG3,,,dyn-box-1782413261940-668,AG3-1 Katarina,,,NP00000838,POTRA1-5 604,2,2,,,,2025-11-12,POTRA1-5 (pMS604) with C-term His Tag for phage display,,,$,,Default,,,,,
,POTRA1-5 604,,Main Lab,1,vials,,,-80 Freezer / A Shelf / AG / AG3 / AG3-1 Katarina,-80 Freezer / A Shelf / AG / AG3 / AG3-1 Katarina,Available,,,,,,,,,,,,,,,,,,,,,,,,,2615,-80 Freezer,5105,A Shelf,dyn-rack-1782413261935-529,AG,drawer-1783440972818,AG3,,,dyn-box-1782413261940-668,AG3-1 Katarina,,,NP00000839,POTRA1-5 604,2,3,,,,2025-11-12,POTRA1-5 (pMS604) with C-term His Tag for phage display,,,$,,Default,,,,,
,POTRA1-5 604,,Main Lab,1,vials,,,-80 Freezer / A Shelf / AG / AG3 / AG3-1 Katarina,-80 Freezer / A Shelf / AG / AG3 / AG3-1 Katarina,Available,,,,,,,,,,,,,,,,,,,,,,,,,2615,-80 Freezer,5105,A Shelf,dyn-rack-1782413261935-529,AG,drawer-1783440972818,AG3,,,dyn-box-1782413261940-668,AG3-1 Katarina,,,NP00000840,POTRA1-5 604,2,4,,,,2025-11-12,POTRA1-5 (pMS604) with C-term His Tag for phage display,,,$,,Default,,,,,
,POTRA1-5 604,,Main Lab,1,vials,,,-80 Freezer / A Shelf / AG / AG3 / AG3-1 Katarina,-80 Freezer / A Shelf / AG / AG3 / AG3-1 Katarina,Available,,,,,,,,,,,,,,,,,,,,,,,,,2615,-80 Freezer,5105,A Shelf,dyn-rack-1782413261935-529,AG,drawer-1783440972818,AG3,,,dyn-box-1782413261940-668,AG3-1 Katarina,,,NP00000841,POTRA1-5 604,2,5,,,,2025-11-12,POTRA1-5 (pMS604) with C-term His Tag for phage display,,,$,,Default,,,,,
,POTRA1-5 604,,Main Lab,1,vials,,,-80 Freezer / A Shelf / AG / AG3 / AG3-1 Katarina,-80 Freezer / A Shelf / AG / AG3 / AG3-1 Katarina,Available,,,,,,,,,,,,,,,,,,,,,,,,,2615,-80 Freezer,5105,A Shelf,dyn-rack-1782413261935-529,AG,drawer-1783440972818,AG3,,,dyn-box-1782413261940-668,AG3-1 Katarina,,,NP00000842,POTRA1-5 604,2,6,,,,2025-11-12,POTRA1-5 (pMS604) with C-term His Tag for phage display,,,$,,Default,,,,,
,POTRA1-5 604,,Main Lab,1,vials,,,-80 Freezer / A Shelf / AG / AG3 / AG3-1 Katarina,-80 Freezer / A Shelf / AG / AG3 / AG3-1 Katarina,Available,,,,,,,,,,,,,,,,,,,,,,,,,2615,-80 Freezer,5105,A Shelf,dyn-rack-1782413261935-529,AG,drawer-1783440972818,AG3,,,dyn-box-1782413261940-668,AG3-1 Katarina,,,NP00000843,POTRA1-5 604,2,7,,,,2025-11-12,POTRA1-5 (pMS604) with C-term His Tag for phage display,,,$,,Default,,,,,
,POTRA1-5 604,,Main Lab,1,vials,,,-80 Freezer / A Shelf / AG / AG3 / AG3-1 Katarina,-80 Freezer / A Shelf / AG / AG3 / AG3-1 Katarina,Available,,,,,,,,,,,,,,,,,,,,,,,,,2615,-80 Freezer,5105,A Shelf,dyn-rack-1782413261935-529,AG,drawer-1783440972818,AG3,,,dyn-box-1782413261940-668,AG3-1 Katarina,,,NP00000844,POTRA1-5 604,2,8,,,,2025-11-12,POTRA1-5 (pMS604) with C-term His Tag for phage display,,,$,,Default,,,,,
,POTRA1-5 604,,Main Lab,1,vials,,,-80 Freezer / A Shelf / AG / AG3 / AG3-1 Katarina,-80 Freezer / A Shelf / AG / AG3 / AG3-1 Katarina,Available,,,,,,,,,,,,,,,,,,,,,,,,,2615,-80 Freezer,5105,A Shelf,dyn-rack-1782413261935-529,AG,drawer-1783440972818,AG3,,,dyn-box-1782413261940-668,AG3-1 Katarina,,,NP00000845,POTRA1-5 604,2,9,,,,2025-11-12,POTRA1-5 (pMS604) with C-term His Tag for phage display,,,$,,Default,,,,,
,POTRA1-5,,Main Lab,1,vials,,,-80 Freezer / A Shelf / AG / AG3 / AG3-1 Katarina,-80 Freezer / A Shelf / AG / AG3 / AG3-1 Katarina,Available,,,,,,,,,,,,,,,,,,,,,,,,,2615,-80 Freezer,5105,A Shelf,dyn-rack-1782413261935-529,AG,drawer-1783440972818,AG3,,,dyn-box-1782413261940-668,AG3-1 Katarina,,,NP00000846,POTRA1-5,9,1,,,,2025-11-12,This is probably POTRA 1-5 within His tag but not sure.,,,$,,Default,,,,,
,E. coli ER2738,,Main Lab,1,vials,,,-80 Freezer / A Shelf / AG / AG3 / AG3-1 Katarina,-80 Freezer / A Shelf / AG / AG3 / AG3-1 Katarina,Available,,,,,,,,,,,,,,,,,,,,,,,,,2615,-80 Freezer,5105,A Shelf,dyn-rack-1782413261935-529,AG,drawer-1783440972818,AG3,,,dyn-box-1782413261940-668,AG3-1 Katarina,,,NP00000847,E. coli ER2738,4,1,,,,2025-11-12,I think these are cells for phage display,,,$,,Default,,,,,
,POTRA1-5 604,,Main Lab,1,vials,,,-80 Freezer / A Shelf / AG / AG3 / AG3-1 Katarina,-80 Freezer / A Shelf / AG / AG3 / AG3-1 Katarina,Available,,,,,,,,,,,,,,,,,,,,,,,,,2615,-80 Freezer,5105,A Shelf,dyn-rack-1782413261935-529,AG,drawer-1783440972818,AG3,,,dyn-box-1782413261940-668,AG3-1 Katarina,,,NP00000848,POTRA1-5 604,9,2,,,,2025-11-12,POTRA1-5 (pMS604) with C-term His Tag for phage display,,,$,,Default,,,,,
,POTRA1-5 604,,Main Lab,1,vials,,,-80 Freezer / A Shelf / AG / AG3 / AG3-1 Katarina,-80 Freezer / A Shelf / AG / AG3 / AG3-1 Katarina,Available,,,,,,,,,,,,,,,,,,,,,,,,,2615,-80 Freezer,5105,A Shelf,dyn-rack-1782413261935-529,AG,drawer-1783440972818,AG3,,,dyn-box-1782413261940-668,AG3-1 Katarina,,,NP00000849,POTRA1-5 604,9,3,,,,2025-11-12,POTRA1-5 (pMS604) with C-term His Tag for phage display,,,$,,Default,,,,,
,POTRA1-5 604,,Main Lab,1,vials,,,-80 Freezer / A Shelf / AG / AG3 / AG3-1 Katarina,-80 Freezer / A Shelf / AG / AG3 / AG3-1 Katarina,Available,,,,,,,,,,,,,,,,,,,,,,,,,2615,-80 Freezer,5105,A Shelf,dyn-rack-1782413261935-529,AG,drawer-1783440972818,AG3,,,dyn-box-1782413261940-668,AG3-1 Katarina,,,NP00000850,POTRA1-5 604,9,4,,,,2025-11-12,POTRA1-5 (pMS604) with C-term His Tag for phage display,,,$,,Default,,,,,
,POTRA1-5 604,,Main Lab,1,vials,,,-80 Freezer / A Shelf / AG / AG3 / AG3-1 Katarina,-80 Freezer / A Shelf / AG / AG3 / AG3-1 Katarina,Available,,,,,,,,,,,,,,,,,,,,,,,,,2615,-80 Freezer,5105,A Shelf,dyn-rack-1782413261935-529,AG,drawer-1783440972818,AG3,,,dyn-box-1782413261940-668,AG3-1 Katarina,,,NP00000851,POTRA1-5 604,9,5,,,,2025-11-12,POTRA1-5 (pMS604) with C-term His Tag for phage display,,,$,,Default,,,,,
,POTRA1-5 604,,Main Lab,1,vials,,,-80 Freezer / A Shelf / AG / AG3 / AG3-1 Katarina,-80 Freezer / A Shelf / AG / AG3 / AG3-1 Katarina,Available,,,,,,,,,,,,,,,,,,,,,,,,,2615,-80 Freezer,5105,A Shelf,dyn-rack-1782413261935-529,AG,drawer-1783440972818,AG3,,,dyn-box-1782413261940-668,AG3-1 Katarina,,,NP00000852,POTRA1-5 604,9,6,,,,2025-11-12,POTRA1-5 (pMS604) with C-term His Tag for phage display,,,$,,Default,,,,,
,POTRA1-5 604,,Main Lab,1,vials,,,-80 Freezer / A Shelf / AG / AG3 / AG3-1 Katarina,-80 Freezer / A Shelf / AG / AG3 / AG3-1 Katarina,Available,,,,,,,,,,,,,,,,,,,,,,,,,2615,-80 Freezer,5105,A Shelf,dyn-rack-1782413261935-529,AG,drawer-1783440972818,AG3,,,dyn-box-1782413261940-668,AG3-1 Katarina,,,NP00000853,POTRA1-5 604,9,7,,,,2025-11-12,POTRA1-5 (pMS604) with C-term His Tag for phage display,,,$,,Default,,,,,
,POTRA1-5 604,,Main Lab,1,vials,,,-80 Freezer / A Shelf / AG / AG3 / AG3-1 Katarina,-80 Freezer / A Shelf / AG / AG3 / AG3-1 Katarina,Available,,,,,,,,,,,,,,,,,,,,,,,,,2615,-80 Freezer,5105,A Shelf,dyn-rack-1782413261935-529,AG,drawer-1783440972818,AG3,,,dyn-box-1782413261940-668,AG3-1 Katarina,,,NP00000854,POTRA1-5 604,9,8,,,,2025-11-12,POTRA1-5 (pMS604) with C-term His Tag for phage display,,,$,,Default,,,,,
,POTRA1-5 604,,Main Lab,1,vials,,,-80 Freezer / A Shelf / AG / AG3 / AG3-1 Katarina,-80 Freezer / A Shelf / AG / AG3 / AG3-1 Katarina,Available,,,,,,,,,,,,,,,,,,,,,,,,,2615,-80 Freezer,5105,A Shelf,dyn-rack-1782413261935-529,AG,drawer-1783440972818,AG3,,,dyn-box-1782413261940-668,AG3-1 Katarina,,,NP00000855,POTRA1-5 604,9,9,,,,2025-11-12,POTRA1-5 (pMS604) with C-term His Tag for phage display,,,$,,Default,,,,,
,SurA,,Main Lab,1,vials,,,-80 Freezer / A Shelf / AG / AG3 / AG3-2 SurA/MSP1D1/MSP1D2/ULP,-80 Freezer / A Shelf / AG / AG3 / AG3-2 SurA/MSP1D1/MSP1D2/ULP,Available,,,,,,,,,,,,,,,,,,,,,,,,,2615,-80 Freezer,5105,A Shelf,dyn-rack-1782413261935-529,AG,drawer-1783440972818,AG3,,,dyn-box-1782413261941-696,AG3-2 SurA/MSP1D1/MSP1D2/ULP,,,NP00000856,SurA,1,1,295.9 µM,,,2025-11-12,"Not sure of the source. It was labeled as ""SurA with •""",,,$,,Default,,,,,
,SurA,,Main Lab,1,vials,,,-80 Freezer / A Shelf / AG / AG3 / AG3-2 SurA/MSP1D1/MSP1D2/ULP,-80 Freezer / A Shelf / AG / AG3 / AG3-2 SurA/MSP1D1/MSP1D2/ULP,Available,,,,,,,,,,,,,,,,,,,,,,,,,2615,-80 Freezer,5105,A Shelf,dyn-rack-1782413261935-529,AG,drawer-1783440972818,AG3,,,dyn-box-1782413261941-696,AG3-2 SurA/MSP1D1/MSP1D2/ULP,,,NP00000884,SurA,1,2,295.9 µM,,,2025-11-12,"Not sure of the source. It was labeled as ""SurA with •""",,,$,,Default,,,,,
,SurA,,Main Lab,1,vials,,,-80 Freezer / A Shelf / AG / AG3 / AG3-2 SurA/MSP1D1/MSP1D2/ULP,-80 Freezer / A Shelf / AG / AG3 / AG3-2 SurA/MSP1D1/MSP1D2/ULP,Available,,,,,,,,,,,,,,,,,,,,,,,,,2615,-80 Freezer,5105,A Shelf,dyn-rack-1782413261935-529,AG,drawer-1783440972818,AG3,,,dyn-box-1782413261941-696,AG3-2 SurA/MSP1D1/MSP1D2/ULP,,,NP00000885,SurA,1,3,295.9 µM,,,2025-11-12,"Not sure of the source. It was labeled as ""SurA with •""",,,$,,Default,,,,,
,SurA,,Main Lab,1,vials,,,-80 Freezer / A Shelf / AG / AG3 / AG3-2 SurA/MSP1D1/MSP1D2/ULP,-80 Freezer / A Shelf / AG / AG3 / AG3-2 SurA/MSP1D1/MSP1D2/ULP,Available,,,,,,,,,,,,,,,,,,,,,,,,,2615,-80 Freezer,5105,A Shelf,dyn-rack-1782413261935-529,AG,drawer-1783440972818,AG3,,,dyn-box-1782413261941-696,AG3-2 SurA/MSP1D1/MSP1D2/ULP,,,NP00000886,SurA,1,4,295.9 µM,,,2025-11-12,"Not sure of the source. It was labeled as ""SurA with •""",,,$,,Default,,,,,
,SurA,,Main Lab,1,vials,,,-80 Freezer / A Shelf / AG / AG3 / AG3-2 SurA/MSP1D1/MSP1D2/ULP,-80 Freezer / A Shelf / AG / AG3 / AG3-2 SurA/MSP1D1/MSP1D2/ULP,Available,,,,,,,,,,,,,,,,,,,,,,,,,2615,-80 Freezer,5105,A Shelf,dyn-rack-1782413261935-529,AG,drawer-1783440972818,AG3,,,dyn-box-1782413261941-696,AG3-2 SurA/MSP1D1/MSP1D2/ULP,,,NP00000887,SurA,1,5,295.9 µM,,,2025-11-12,"Not sure of the source. It was labeled as ""SurA with •""",,,$,,Default,,,,,
,SurA,,Main Lab,1,vials,,,-80 Freezer / A Shelf / AG / AG3 / AG3-2 SurA/MSP1D1/MSP1D2/ULP,-80 Freezer / A Shelf / AG / AG3 / AG3-2 SurA/MSP1D1/MSP1D2/ULP,Available,,,,,,,,,,,,,,,,,,,,,,,,,2615,-80 Freezer,5105,A Shelf,dyn-rack-1782413261935-529,AG,drawer-1783440972818,AG3,,,dyn-box-1782413261941-696,AG3-2 SurA/MSP1D1/MSP1D2/ULP,,,NP00000888,SurA,1,6,295.9 µM,,,2025-11-12,"Not sure of the source. It was labeled as ""SurA with •""",,,$,,Default,,,,,
,SurA,,Main Lab,1,vials,,,-80 Freezer / A Shelf / AG / AG3 / AG3-2 SurA/MSP1D1/MSP1D2/ULP,-80 Freezer / A Shelf / AG / AG3 / AG3-2 SurA/MSP1D1/MSP1D2/ULP,Available,,,,,,,,,,,,,,,,,,,,,,,,,2615,-80 Freezer,5105,A Shelf,dyn-rack-1782413261935-529,AG,drawer-1783440972818,AG3,,,dyn-box-1782413261941-696,AG3-2 SurA/MSP1D1/MSP1D2/ULP,,,NP00000889,SurA,1,7,295.9 µM,,,2025-11-12,"Not sure of the source. It was labeled as ""SurA with •""",,,$,,Default,,,,,
,SurA,,Main Lab,1,vials,,,-80 Freezer / A Shelf / AG / AG3 / AG3-2 SurA/MSP1D1/MSP1D2/ULP,-80 Freezer / A Shelf / AG / AG3 / AG3-2 SurA/MSP1D1/MSP1D2/ULP,Available,,,,,,,,,,,,,,,,,,,,,,,,,2615,-80 Freezer,5105,A Shelf,dyn-rack-1782413261935-529,AG,drawer-1783440972818,AG3,,,dyn-box-1782413261941-696,AG3-2 SurA/MSP1D1/MSP1D2/ULP,,,NP00000890,SurA,1,8,295.9 µM,,,2025-11-12,"Not sure of the source. It was labeled as ""SurA with •""",,,$,,Default,,,,,
,SurA,,Main Lab,1,vials,,,-80 Freezer / A Shelf / AG / AG3 / AG3-2 SurA/MSP1D1/MSP1D2/ULP,-80 Freezer / A Shelf / AG / AG3 / AG3-2 SurA/MSP1D1/MSP1D2/ULP,Available,,,,,,,,,,,,,,,,,,,,,,,,,2615,-80 Freezer,5105,A Shelf,dyn-rack-1782413261935-529,AG,drawer-1783440972818,AG3,,,dyn-box-1782413261941-696,AG3-2 SurA/MSP1D1/MSP1D2/ULP,,,NP00000891,SurA,1,9,295.9 µM,,,2025-11-12,"Not sure of the source. It was labeled as ""SurA with •""",,,$,,Default,,,,,
,SurA,,Main Lab,1,vials,,,-80 Freezer / A Shelf / AG / AG3 / AG3-2 SurA/MSP1D1/MSP1D2/ULP,-80 Freezer / A Shelf / AG / AG3 / AG3-2 SurA/MSP1D1/MSP1D2/ULP,Available,,,,,,,,,,,,,,,,,,,,,,,,,2615,-80 Freezer,5105,A Shelf,dyn-rack-1782413261935-529,AG,drawer-1783440972818,AG3,,,dyn-box-1782413261941-696,AG3-2 SurA/MSP1D1/MSP1D2/ULP,,,NP00000892,SurA,2,2,295.9 µM,,,2025-11-12,"Not sure of the source. It was labeled as ""SurA with •""",,,$,,Default,,,,,
,SurA,,Main Lab,1,vials,,,-80 Freezer / A Shelf / AG / AG3 / AG3-2 SurA/MSP1D1/MSP1D2/ULP,-80 Freezer / A Shelf / AG / AG3 / AG3-2 SurA/MSP1D1/MSP1D2/ULP,Available,,,,,,,,,,,,,,,,,,,,,,,,,2615,-80 Freezer,5105,A Shelf,dyn-rack-1782413261935-529,AG,drawer-1783440972818,AG3,,,dyn-box-1782413261941-696,AG3-2 SurA/MSP1D1/MSP1D2/ULP,,,NP00000893,SurA,2,3,295.9 µM,,,2025-11-12,"Not sure of the source. It was labeled as ""SurA with •""",,,$,,Default,,,,,
,SurA,,Main Lab,1,vials,,,-80 Freezer / A Shelf / AG / AG3 / AG3-2 SurA/MSP1D1/MSP1D2/ULP,-80 Freezer / A Shelf / AG / AG3 / AG3-2 SurA/MSP1D1/MSP1D2/ULP,Available,,,,,,,,,,,,,,,,,,,,,,,,,2615,-80 Freezer,5105,A Shelf,dyn-rack-1782413261935-529,AG,drawer-1783440972818,AG3,,,dyn-box-1782413261941-696,AG3-2 SurA/MSP1D1/MSP1D2/ULP,,,NP00000894,SurA,2,4,295.9 µM,,,2025-11-12,"Not sure of the source. It was labeled as ""SurA with •""",,,$,,Default,,,,,
,SurA,,Main Lab,1,vials,,,-80 Freezer / A Shelf / AG / AG3 / AG3-2 SurA/MSP1D1/MSP1D2/ULP,-80 Freezer / A Shelf / AG / AG3 / AG3-2 SurA/MSP1D1/MSP1D2/ULP,Available,,,,,,,,,,,,,,,,,,,,,,,,,2615,-80 Freezer,5105,A Shelf,dyn-rack-1782413261935-529,AG,drawer-1783440972818,AG3,,,dyn-box-1782413261941-696,AG3-2 SurA/MSP1D1/MSP1D2/ULP,,,NP00000895,SurA,2,5,295.9 µM,,,2025-11-12,"Not sure of the source. It was labeled as ""SurA with •""",,,$,,Default,,,,,
,SurA,,Main Lab,1,vials,,,-80 Freezer / A Shelf / AG / AG3 / AG3-2 SurA/MSP1D1/MSP1D2/ULP,-80 Freezer / A Shelf / AG / AG3 / AG3-2 SurA/MSP1D1/MSP1D2/ULP,Available,,,,,,,,,,,,,,,,,,,,,,,,,2615,-80 Freezer,5105,A Shelf,dyn-rack-1782413261935-529,AG,drawer-1783440972818,AG3,,,dyn-box-1782413261941-696,AG3-2 SurA/MSP1D1/MSP1D2/ULP,,,NP00000896,SurA,2,6,295.9 µM,,,2025-11-12,"Not sure of the source. It was labeled as ""SurA with •""",,,$,,Default,,,,,
,SurA,,Main Lab,1,vials,,,-80 Freezer / A Shelf / AG / AG3 / AG3-2 SurA/MSP1D1/MSP1D2/ULP,-80 Freezer / A Shelf / AG / AG3 / AG3-2 SurA/MSP1D1/MSP1D2/ULP,Available,,,,,,,,,,,,,,,,,,,,,,,,,2615,-80 Freezer,5105,A Shelf,dyn-rack-1782413261935-529,AG,drawer-1783440972818,AG3,,,dyn-box-1782413261941-696,AG3-2 SurA/MSP1D1/MSP1D2/ULP,,,NP00000897,SurA,2,7,295.9 µM,,,2025-11-12,"Not sure of the source. It was labeled as ""SurA with •""",,,$,,Default,,,,,
,SurA,,Main Lab,1,vials,,,-80 Freezer / A Shelf / AG / AG3 / AG3-2 SurA/MSP1D1/MSP1D2/ULP,-80 Freezer / A Shelf / AG / AG3 / AG3-2 SurA/MSP1D1/MSP1D2/ULP,Available,,,,,,,,,,,,,,,,,,,,,,,,,2615,-80 Freezer,5105,A Shelf,dyn-rack-1782413261935-529,AG,drawer-1783440972818,AG3,,,dyn-box-1782413261941-696,AG3-2 SurA/MSP1D1/MSP1D2/ULP,,,NP00000898,SurA,2,8,295.9 µM,,,2025-11-12,"Not sure of the source. It was labeled as ""SurA with •""",,,$,,Default,,,,,
,SurA,,Main Lab,1,vials,,,-80 Freezer / A Shelf / AG / AG3 / AG3-2 SurA/MSP1D1/MSP1D2/ULP,-80 Freezer / A Shelf / AG / AG3 / AG3-2 SurA/MSP1D1/MSP1D2/ULP,Available,,,,,,,,,,,,,,,,,,,,,,,,,2615,-80 Freezer,5105,A Shelf,dyn-rack-1782413261935-529,AG,drawer-1783440972818,AG3,,,dyn-box-1782413261941-696,AG3-2 SurA/MSP1D1/MSP1D2/ULP,,,NP00000899,SurA,2,9,295.9 µM,,,2025-11-12,"Not sure of the source. It was labeled as ""SurA with •""",,,$,,Default,,,,,
,SurA,,Main Lab,1,vials,,,-80 Freezer / A Shelf / AG / AG3 / AG3-2 SurA/MSP1D1/MSP1D2/ULP,-80 Freezer / A Shelf / AG / AG3 / AG3-2 SurA/MSP1D1/MSP1D2/ULP,Available,,,,,,,,,,,,,,,,,,,,,,,,,2615,-80 Freezer,5105,A Shelf,dyn-rack-1782413261935-529,AG,drawer-1783440972818,AG3,,,dyn-box-1782413261941-696,AG3-2 SurA/MSP1D1/MSP1D2/ULP,,,NP00000900,SurA,3,2,295.9 µM,,,2025-11-12,"Not sure of the source. It was labeled as ""SurA with •""",,,$,,Default,,,,,
,SurA,,Main Lab,1,vials,,,-80 Freezer / A Shelf / AG / AG3 / AG3-2 SurA/MSP1D1/MSP1D2/ULP,-80 Freezer / A Shelf / AG / AG3 / AG3-2 SurA/MSP1D1/MSP1D2/ULP,Available,,,,,,,,,,,,,,,,,,,,,,,,,2615,-80 Freezer,5105,A Shelf,dyn-rack-1782413261935-529,AG,drawer-1783440972818,AG3,,,dyn-box-1782413261941-696,AG3-2 SurA/MSP1D1/MSP1D2/ULP,,,NP00000901,SurA,3,3,295.9 µM,,,2025-11-12,"Not sure of the source. It was labeled as ""SurA with •""",,,$,,Default,,,,,
,SurA,,Main Lab,1,vials,,,-80 Freezer / A Shelf / AG / AG3 / AG3-2 SurA/MSP1D1/MSP1D2/ULP,-80 Freezer / A Shelf / AG / AG3 / AG3-2 SurA/MSP1D1/MSP1D2/ULP,Available,,,,,,,,,,,,,,,,,,,,,,,,,2615,-80 Freezer,5105,A Shelf,dyn-rack-1782413261935-529,AG,drawer-1783440972818,AG3,,,dyn-box-1782413261941-696,AG3-2 SurA/MSP1D1/MSP1D2/ULP,,,NP00000902,SurA,3,4,295.9 µM,,,2025-11-12,"Not sure of the source. It was labeled as ""SurA with •""",,,$,,Default,,,,,
,SurA,,Main Lab,1,vials,,,-80 Freezer / A Shelf / AG / AG3 / AG3-2 SurA/MSP1D1/MSP1D2/ULP,-80 Freezer / A Shelf / AG / AG3 / AG3-2 SurA/MSP1D1/MSP1D2/ULP,Available,,,,,,,,,,,,,,,,,,,,,,,,,2615,-80 Freezer,5105,A Shelf,dyn-rack-1782413261935-529,AG,drawer-1783440972818,AG3,,,dyn-box-1782413261941-696,AG3-2 SurA/MSP1D1/MSP1D2/ULP,,,NP00000903,SurA,3,5,295.9 µM,,,2025-11-12,"Not sure of the source. It was labeled as ""SurA with •""",,,$,,Default,,,,,
,SurA,,Main Lab,1,vials,,,-80 Freezer / A Shelf / AG / AG3 / AG3-2 SurA/MSP1D1/MSP1D2/ULP,-80 Freezer / A Shelf / AG / AG3 / AG3-2 SurA/MSP1D1/MSP1D2/ULP,Available,,,,,,,,,,,,,,,,,,,,,,,,,2615,-80 Freezer,5105,A Shelf,dyn-rack-1782413261935-529,AG,drawer-1783440972818,AG3,,,dyn-box-1782413261941-696,AG3-2 SurA/MSP1D1/MSP1D2/ULP,,,NP00000904,SurA,3,6,295.9 µM,,,2025-11-12,"Not sure of the source. It was labeled as ""SurA with •""",,,$,,Default,,,,,
,SurA,,Main Lab,1,vials,,,-80 Freezer / A Shelf / AG / AG3 / AG3-2 SurA/MSP1D1/MSP1D2/ULP,-80 Freezer / A Shelf / AG / AG3 / AG3-2 SurA/MSP1D1/MSP1D2/ULP,Available,,,,,,,,,,,,,,,,,,,,,,,,,2615,-80 Freezer,5105,A Shelf,dyn-rack-1782413261935-529,AG,drawer-1783440972818,AG3,,,dyn-box-1782413261941-696,AG3-2 SurA/MSP1D1/MSP1D2/ULP,,,NP00000905,SurA,3,7,295.9 µM,,,2025-11-12,"Not sure of the source. It was labeled as ""SurA with •""",,,$,,Default,,,,,
,SurA,,Main Lab,1,vials,,,-80 Freezer / A Shelf / AG / AG3 / AG3-2 SurA/MSP1D1/MSP1D2/ULP,-80 Freezer / A Shelf / AG / AG3 / AG3-2 SurA/MSP1D1/MSP1D2/ULP,Available,,,,,,,,,,,,,,,,,,,,,,,,,2615,-80 Freezer,5105,A Shelf,dyn-rack-1782413261935-529,AG,drawer-1783440972818,AG3,,,dyn-box-1782413261941-696,AG3-2 SurA/MSP1D1/MSP1D2/ULP,,,NP00000906,SurA,3,8,295.9 µM,,,2025-11-12,"Not sure of the source. It was labeled as ""SurA with •""",,,$,,Default,,,,,
,SurA,,Main Lab,1,vials,,,-80 Freezer / A Shelf / AG / AG3 / AG3-2 SurA/MSP1D1/MSP1D2/ULP,-80 Freezer / A Shelf / AG / AG3 / AG3-2 SurA/MSP1D1/MSP1D2/ULP,Available,,,,,,,,,,,,,,,,,,,,,,,,,2615,-80 Freezer,5105,A Shelf,dyn-rack-1782413261935-529,AG,drawer-1783440972818,AG3,,,dyn-box-1782413261941-696,AG3-2 SurA/MSP1D1/MSP1D2/ULP,,,NP00000907,SurA,3,9,295.9 µM,,,2025-11-12,"Not sure of the source. It was labeled as ""SurA with •""",,,$,,Default,,,,,
,SurA,,Main Lab,1,vials,,,-80 Freezer / A Shelf / AG / AG3 / AG3-2 SurA/MSP1D1/MSP1D2/ULP,-80 Freezer / A Shelf / AG / AG3 / AG3-2 SurA/MSP1D1/MSP1D2/ULP,Available,,,,,,,,,,,,,,,,,,,,,,,,,2615,-80 Freezer,5105,A Shelf,dyn-rack-1782413261935-529,AG,drawer-1783440972818,AG3,,,dyn-box-1782413261941-696,AG3-2 SurA/MSP1D1/MSP1D2/ULP,,,NP00000908,SurA,2,1,295.9 µM,,,2025-11-12,"Not sure of the source. It was labeled as ""SurA with •""",,,$,,Default,,,,,
,SurA,,Main Lab,1,vials,,,-80 Freezer / A Shelf / AG / AG3 / AG3-2 SurA/MSP1D1/MSP1D2/ULP,-80 Freezer / A Shelf / AG / AG3 / AG3-2 SurA/MSP1D1/MSP1D2/ULP,Available,,,,,,,,,,,,,,,,,,,,,,,,,2615,-80 Freezer,5105,A Shelf,dyn-rack-1782413261935-529,AG,drawer-1783440972818,AG3,,,dyn-box-1782413261941-696,AG3-2 SurA/MSP1D1/MSP1D2/ULP,,,NP00000909,SurA,3,1,295.9 µM,,,2025-11-12,"Not sure of the source. It was labeled as ""SurA with •""",,,$,,Default,,,,,
,SurA,,Main Lab,1,vials,,,-80 Freezer / A Shelf / AG / AG3 / AG3-2 SurA/MSP1D1/MSP1D2/ULP,-80 Freezer / A Shelf / AG / AG3 / AG3-2 SurA/MSP1D1/MSP1D2/ULP,Available,,,,,,,,,,,,,,,,,,,,,,,,,2615,-80 Freezer,5105,A Shelf,dyn-rack-1782413261935-529,AG,drawer-1783440972818,AG3,,,dyn-box-1782413261941-696,AG3-2 SurA/MSP1D1/MSP1D2/ULP,,,NP00000910,SurA,4,1,295.9 µM,,,2025-11-12,"Not sure of the source. It was labeled as ""SurA with •""",,,$,,Default,,,,,
,MSP1D1-N-Cys 1401,,Main Lab,1,vials,,,-80 Freezer / A Shelf / AG / AG3 / AG3-2 SurA/MSP1D1/MSP1D2/ULP,-80 Freezer / A Shelf / AG / AG3 / AG3-2 SurA/MSP1D1/MSP1D2/ULP,Available,,,,,,,,,,,,,,,,,,,,,,,,,2615,-80 Freezer,5105,A Shelf,dyn-rack-1782413261935-529,AG,drawer-1783440972818,AG3,,,dyn-box-1782413261941-696,AG3-2 SurA/MSP1D1/MSP1D2/ULP,,,NP00000911,MSP1D1-N-Cys 1401,6,1,,,,2025-11-12,"MSP1D1 with N-terminal Cysteine
Not sure of the source",,,$,,Default,,,,,
,MSP1D1-N-Cys 1401,,Main Lab,1,vials,,,-80 Freezer / A Shelf / AG / AG3 / AG3-2 SurA/MSP1D1/MSP1D2/ULP,-80 Freezer / A Shelf / AG / AG3 / AG3-2 SurA/MSP1D1/MSP1D2/ULP,Available,,,,,,,,,,,,,,,,,,,,,,,,,2615,-80 Freezer,5105,A Shelf,dyn-rack-1782413261935-529,AG,drawer-1783440972818,AG3,,,dyn-box-1782413261941-696,AG3-2 SurA/MSP1D1/MSP1D2/ULP,,,NP00000917,MSP1D1-N-Cys 1401,6,2,,,,2025-11-12,"MSP1D1 with N-terminal Cysteine
Not sure of the source",,,$,,Default,,,,,
,MSP1D1-N-Cys 1401,,Main Lab,1,vials,,,-80 Freezer / A Shelf / AG / AG3 / AG3-2 SurA/MSP1D1/MSP1D2/ULP,-80 Freezer / A Shelf / AG / AG3 / AG3-2 SurA/MSP1D1/MSP1D2/ULP,Available,,,,,,,,,,,,,,,,,,,,,,,,,2615,-80 Freezer,5105,A Shelf,dyn-rack-1782413261935-529,AG,drawer-1783440972818,AG3,,,dyn-box-1782413261941-696,AG3-2 SurA/MSP1D1/MSP1D2/ULP,,,NP00000918,MSP1D1-N-Cys 1401,6,3,,,,2025-11-12,"MSP1D1 with N-terminal Cysteine
Not sure of the source",,,$,,Default,,,,,
,MSP1D1-N-Cys 1401,,Main Lab,1,vials,,,-80 Freezer / A Shelf / AG / AG3 / AG3-2 SurA/MSP1D1/MSP1D2/ULP,-80 Freezer / A Shelf / AG / AG3 / AG3-2 SurA/MSP1D1/MSP1D2/ULP,Available,,,,,,,,,,,,,,,,,,,,,,,,,2615,-80 Freezer,5105,A Shelf,dyn-rack-1782413261935-529,AG,drawer-1783440972818,AG3,,,dyn-box-1782413261941-696,AG3-2 SurA/MSP1D1/MSP1D2/ULP,,,NP00000919,MSP1D1-N-Cys 1401,6,4,,,,2025-11-12,"MSP1D1 with N-terminal Cysteine
Not sure of the source",,,$,,Default,,,,,
,MSP1D1-N-Cys 1401,,Main Lab,1,vials,,,-80 Freezer / A Shelf / AG / AG3 / AG3-2 SurA/MSP1D1/MSP1D2/ULP,-80 Freezer / A Shelf / AG / AG3 / AG3-2 SurA/MSP1D1/MSP1D2/ULP,Available,,,,,,,,,,,,,,,,,,,,,,,,,2615,-80 Freezer,5105,A Shelf,dyn-rack-1782413261935-529,AG,drawer-1783440972818,AG3,,,dyn-box-1782413261941-696,AG3-2 SurA/MSP1D1/MSP1D2/ULP,,,NP00000920,MSP1D1-N-Cys 1401,6,5,,,,2025-11-12,"MSP1D1 with N-terminal Cysteine
Not sure of the source",,,$,,Default,,,,,
,MSP1D1-N-Cys 1401,,Main Lab,1,vials,,,-80 Freezer / A Shelf / AG / AG3 / AG3-2 SurA/MSP1D1/MSP1D2/ULP,-80 Freezer / A Shelf / AG / AG3 / AG3-2 SurA/MSP1D1/MSP1D2/ULP,Available,,,,,,,,,,,,,,,,,,,,,,,,,2615,-80 Freezer,5105,A Shelf,dyn-rack-1782413261935-529,AG,drawer-1783440972818,AG3,,,dyn-box-1782413261941-696,AG3-2 SurA/MSP1D1/MSP1D2/ULP,,,NP00000921,MSP1D1-N-Cys 1401,6,6,,,,2025-11-12,"MSP1D1 with N-terminal Cysteine
Not sure of the source",,,$,,Default,,,,,
,Ulp1,,Main Lab,1,vials,,,-80 Freezer / A Shelf / AG / AG3 / AG3-2 SurA/MSP1D1/MSP1D2/ULP,-80 Freezer / A Shelf / AG / AG3 / AG3-2 SurA/MSP1D1/MSP1D2/ULP,Available,,,,,,,,,,,,,,,,,,,,,,,,,2615,-80 Freezer,5105,A Shelf,dyn-rack-1782413261935-529,AG,drawer-1783440972818,AG3,,,dyn-box-1782413261941-696,AG3-2 SurA/MSP1D1/MSP1D2/ULP,,,NP00000922,Ulp1,9,1,,,,2025-11-12,not sure of the source,,,$,,Default,,,,,
,Ulp1,,Main Lab,1,vials,,,-80 Freezer / A Shelf / AG / AG3 / AG3-2 SurA/MSP1D1/MSP1D2/ULP,-80 Freezer / A Shelf / AG / AG3 / AG3-2 SurA/MSP1D1/MSP1D2/ULP,Available,,,,,,,,,,,,,,,,,,,,,,,,,2615,-80 Freezer,5105,A Shelf,dyn-rack-1782413261935-529,AG,drawer-1783440972818,AG3,,,dyn-box-1782413261941-696,AG3-2 SurA/MSP1D1/MSP1D2/ULP,,,NP00000926,Ulp1,9,2,,,,2025-11-12,not sure of the source,,,$,,Default,,,,,
,Ulp1,,Main Lab,1,vials,,,-80 Freezer / A Shelf / AG / AG3 / AG3-2 SurA/MSP1D1/MSP1D2/ULP,-80 Freezer / A Shelf / AG / AG3 / AG3-2 SurA/MSP1D1/MSP1D2/ULP,Available,,,,,,,,,,,,,,,,,,,,,,,,,2615,-80 Freezer,5105,A Shelf,dyn-rack-1782413261935-529,AG,drawer-1783440972818,AG3,,,dyn-box-1782413261941-696,AG3-2 SurA/MSP1D1/MSP1D2/ULP,,,NP00000927,Ulp1,9,3,,,,2025-11-12,not sure of the source,,,$,,Default,,,,,
,Ulp1,,Main Lab,1,vials,,,-80 Freezer / A Shelf / AG / AG3 / AG3-2 SurA/MSP1D1/MSP1D2/ULP,-80 Freezer / A Shelf / AG / AG3 / AG3-2 SurA/MSP1D1/MSP1D2/ULP,Available,,,,,,,,,,,,,,,,,,,,,,,,,2615,-80 Freezer,5105,A Shelf,dyn-rack-1782413261935-529,AG,drawer-1783440972818,AG3,,,dyn-box-1782413261941-696,AG3-2 SurA/MSP1D1/MSP1D2/ULP,,,NP00000928,Ulp1,9,4,,,,2025-11-12,not sure of the source,,,$,,Default,,,,,
,Msp2N2_N-cys,,Main Lab,1,vials,,,-80 Freezer / A Shelf / AG / AG3 / AG3-2 SurA/MSP1D1/MSP1D2/ULP,-80 Freezer / A Shelf / AG / AG3 / AG3-2 SurA/MSP1D1/MSP1D2/ULP,Available,,,,,,,,,,,,,,,,,,,,,,,,,2615,-80 Freezer,5105,A Shelf,dyn-rack-1782413261935-529,AG,drawer-1783440972818,AG3,,,dyn-box-1782413261941-696,AG3-2 SurA/MSP1D1/MSP1D2/ULP,,,NP00000929,Msp2N2_N-cys,8,5,,,,2025-11-12,Msp2N2 with N-terminal Cys,,,$,,Default,,,,,
,OMPs,,Main Lab,1,vials,,,-80 Freezer / A Shelf / AG / AG3 / AG3-4 Cristina,-80 Freezer / A Shelf / AG / AG3 / AG3-4 Cristina,Available,,,,,,,,,,,,,,,,,,,,,,,,,2615,-80 Freezer,5105,A Shelf,dyn-rack-1782413261935-529,AG,drawer-1783440972818,AG3,,,dyn-box-1782413261942-735,AG3-4 Cristina,,,NP00000930,OMPs,1,1,,,,2025-11-12,"The whole box has various OMPs including OmpC, OmpF, OmpA 2xHT OmpC etc",,,$,,Default,,,,,
,ArnD WT,,Main Lab,1,vials,,,-80 Freezer / A Shelf / AG / AG6 / AG6-2 MS Lee Proteins,-80 Freezer / A Shelf / AG / AG6 / AG6-2 MS Lee Proteins,Available,,,,,,,,,,,,,,,,,,,,,,,,,2615,-80 Freezer,5105,A Shelf,dyn-rack-1782413261935-529,AG,drawer-1783441043078,AG6,,,dyn-box-1782413261942-736,AG6-2 MS Lee Proteins,,,NP00000931,ArnD WT,1,1,12mg/ml,,,2025-11-12,,,,$,,Default,,,,,
,ArnD WT,,Main Lab,1,vials,,,-80 Freezer / A Shelf / AG / AG6 / AG6-2 MS Lee Proteins,-80 Freezer / A Shelf / AG / AG6 / AG6-2 MS Lee Proteins,Available,,,,,,,,,,,,,,,,,,,,,,,,,2615,-80 Freezer,5105,A Shelf,dyn-rack-1782413261935-529,AG,drawer-1783441043078,AG6,,,dyn-box-1782413261942-736,AG6-2 MS Lee Proteins,,,NP00000932,ArnD WT,1,2,12mg/ml,,,2025-11-12,,,,$,,Default,,,,,
,ArnD WT,,Main Lab,1,vials,,,-80 Freezer / A Shelf / AG / AG6 / AG6-2 MS Lee Proteins,-80 Freezer / A Shelf / AG / AG6 / AG6-2 MS Lee Proteins,Available,,,,,,,,,,,,,,,,,,,,,,,,,2615,-80 Freezer,5105,A Shelf,dyn-rack-1782413261935-529,AG,drawer-1783441043078,AG6,,,dyn-box-1782413261942-736,AG6-2 MS Lee Proteins,,,NP00000933,ArnD WT,1,3,12mg/ml,,,2025-11-12,,,,$,,Default,,,,,
,ArnD WT,,Main Lab,1,vials,,,-80 Freezer / A Shelf / AG / AG6 / AG6-2 MS Lee Proteins,-80 Freezer / A Shelf / AG / AG6 / AG6-2 MS Lee Proteins,Available,,,,,,,,,,,,,,,,,,,,,,,,,2615,-80 Freezer,5105,A Shelf,dyn-rack-1782413261935-529,AG,drawer-1783441043078,AG6,,,dyn-box-1782413261942-736,AG6-2 MS Lee Proteins,,,NP00000934,ArnD WT,1,4,12mg/ml,,,2025-11-12,,,,$,,Default,,,,,
,ArnD WT,,Main Lab,1,vials,,,-80 Freezer / A Shelf / AG / AG6 / AG6-2 MS Lee Proteins,-80 Freezer / A Shelf / AG / AG6 / AG6-2 MS Lee Proteins,Available,,,,,,,,,,,,,,,,,,,,,,,,,2615,-80 Freezer,5105,A Shelf,dyn-rack-1782413261935-529,AG,drawer-1783441043078,AG6,,,dyn-box-1782413261942-736,AG6-2 MS Lee Proteins,,,NP00000935,ArnD WT,1,5,12mg/ml,,,2025-11-12,,,,$,,Default,,,,,
,ArnD WT,,Main Lab,1,vials,,,-80 Freezer / A Shelf / AG / AG6 / AG6-2 MS Lee Proteins,-80 Freezer / A Shelf / AG / AG6 / AG6-2 MS Lee Proteins,Available,,,,,,,,,,,,,,,,,,,,,,,,,2615,-80 Freezer,5105,A Shelf,dyn-rack-1782413261935-529,AG,drawer-1783441043078,AG6,,,dyn-box-1782413261942-736,AG6-2 MS Lee Proteins,,,NP00000936,ArnD WT,1,6,12mg/ml,,,2025-11-12,,,,$,,Default,,,,,
,JSH-C,,Main Lab,1,vials,,,-80 Freezer / A Shelf / AG / AG6 / AG6-2 MS Lee Proteins,-80 Freezer / A Shelf / AG / AG6 / AG6-2 MS Lee Proteins,Available,,,,,,,,,,,,,,,,,,,,,,,,,2615,-80 Freezer,5105,A Shelf,dyn-rack-1782413261935-529,AG,drawer-1783441043078,AG6,,,dyn-box-1782413261942-736,AG6-2 MS Lee Proteins,,,NP00000937,JSH-C,2,1,,,,2025-11-12,I think this is PmrJ (ArnD) from Salmonella with C-term His Tag,,,$,,Default,,,,,
,JSH-C,,Main Lab,1,vials,,,-80 Freezer / A Shelf / AG / AG6 / AG6-2 MS Lee Proteins,-80 Freezer / A Shelf / AG / AG6 / AG6-2 MS Lee Proteins,Available,,,,,,,,,,,,,,,,,,,,,,,,,2615,-80 Freezer,5105,A Shelf,dyn-rack-1782413261935-529,AG,drawer-1783441043078,AG6,,,dyn-box-1782413261942-736,AG6-2 MS Lee Proteins,,,NP00000938,JSH-C,2,2,,,,2025-11-12,I think this is PmrJ (ArnD) from Salmonella with C-term His Tag,,,$,,Default,,,,,
,JSH-C,,Main Lab,1,vials,,,-80 Freezer / A Shelf / AG / AG6 / AG6-2 MS Lee Proteins,-80 Freezer / A Shelf / AG / AG6 / AG6-2 MS Lee Proteins,Available,,,,,,,,,,,,,,,,,,,,,,,,,2615,-80 Freezer,5105,A Shelf,dyn-rack-1782413261935-529,AG,drawer-1783441043078,AG6,,,dyn-box-1782413261942-736,AG6-2 MS Lee Proteins,,,NP00000939,JSH-C,2,3,,,,2025-11-12,I think this is PmrJ (ArnD) from Salmonella with C-term His Tag,,,$,,Default,,,,,
,JSH-C,,Main Lab,1,vials,,,-80 Freezer / A Shelf / AG / AG6 / AG6-2 MS Lee Proteins,-80 Freezer / A Shelf / AG / AG6 / AG6-2 MS Lee Proteins,Available,,,,,,,,,,,,,,,,,,,,,,,,,2615,-80 Freezer,5105,A Shelf,dyn-rack-1782413261935-529,AG,drawer-1783441043078,AG6,,,dyn-box-1782413261942-736,AG6-2 MS Lee Proteins,,,NP00000940,JSH-C,2,4,,,,2025-11-12,I think this is PmrJ (ArnD) from Salmonella with C-term His Tag,,,$,,Default,,,,,
,JSH-C Se,,Main Lab,1,vials,,,-80 Freezer / A Shelf / AG / AG6 / AG6-2 MS Lee Proteins,-80 Freezer / A Shelf / AG / AG6 / AG6-2 MS Lee Proteins,Available,,,,,,,,,,,,,,,,,,,,,,,,,2615,-80 Freezer,5105,A Shelf,dyn-rack-1782413261935-529,AG,drawer-1783441043078,AG6,,,dyn-box-1782413261942-736,AG6-2 MS Lee Proteins,,,NP00000941,JSH-C Se,3,1,,,,2025-11-12,I think this is PmrJ (ArnD) from Salmonella labeled with Seleno Met,,,$,,Default,,,,,
,JSH-C Se,,Main Lab,1,vials,,,-80 Freezer / A Shelf / AG / AG6 / AG6-2 MS Lee Proteins,-80 Freezer / A Shelf / AG / AG6 / AG6-2 MS Lee Proteins,Available,,,,,,,,,,,,,,,,,,,,,,,,,2615,-80 Freezer,5105,A Shelf,dyn-rack-1782413261935-529,AG,drawer-1783441043078,AG6,,,dyn-box-1782413261942-736,AG6-2 MS Lee Proteins,,,NP00000942,JSH-C Se,3,2,,,,2025-11-12,I think this is PmrJ (ArnD) from Salmonella labeled with Seleno Met,,,$,,Default,,,,,
,JSH-C Se,,Main Lab,1,vials,,,-80 Freezer / A Shelf / AG / AG6 / AG6-2 MS Lee Proteins,-80 Freezer / A Shelf / AG / AG6 / AG6-2 MS Lee Proteins,Available,,,,,,,,,,,,,,,,,,,,,,,,,2615,-80 Freezer,5105,A Shelf,dyn-rack-1782413261935-529,AG,drawer-1783441043078,AG6,,,dyn-box-1782413261942-736,AG6-2 MS Lee Proteins,,,NP00000943,JSH-C Se,3,3,,,,2025-11-12,I think this is PmrJ (ArnD) from Salmonella labeled with Seleno Met,,,$,,Default,,,,,
,JSH-C Se,,Main Lab,1,vials,,,-80 Freezer / A Shelf / AG / AG6 / AG6-2 MS Lee Proteins,-80 Freezer / A Shelf / AG / AG6 / AG6-2 MS Lee Proteins,Available,,,,,,,,,,,,,,,,,,,,,,,,,2615,-80 Freezer,5105,A Shelf,dyn-rack-1782413261935-529,AG,drawer-1783441043078,AG6,,,dyn-box-1782413261942-736,AG6-2 MS Lee Proteins,,,NP00000944,JSH-C Se,3,4,,,,2025-11-12,I think this is PmrJ (ArnD) from Salmonella labeled with Seleno Met,,,$,,Default,,,,,
,JSH-C Se,,Main Lab,1,vials,,,-80 Freezer / A Shelf / AG / AG6 / AG6-2 MS Lee Proteins,-80 Freezer / A Shelf / AG / AG6 / AG6-2 MS Lee Proteins,Available,,,,,,,,,,,,,,,,,,,,,,,,,2615,-80 Freezer,5105,A Shelf,dyn-rack-1782413261935-529,AG,drawer-1783441043078,AG6,,,dyn-box-1782413261942-736,AG6-2 MS Lee Proteins,,,NP00000945,JSH-C Se,3,5,,,,2025-11-12,I think this is PmrJ (ArnD) from Salmonella labeled with Seleno Met,,,$,,Default,,,,,
,JSH-C Se,,Main Lab,1,vials,,,-80 Freezer / A Shelf / AG / AG6 / AG6-2 MS Lee Proteins,-80 Freezer / A Shelf / AG / AG6 / AG6-2 MS Lee Proteins,Available,,,,,,,,,,,,,,,,,,,,,,,,,2615,-80 Freezer,5105,A Shelf,dyn-rack-1782413261935-529,AG,drawer-1783441043078,AG6,,,dyn-box-1782413261942-736,AG6-2 MS Lee Proteins,,,NP00000946,JSH-C Se,3,6,,,,2025-11-12,I think this is PmrJ (ArnD) from Salmonella labeled with Seleno Met,,,$,,Default,,,,,
,JSH EDTA,,Main Lab,1,vials,,,-80 Freezer / A Shelf / AG / AG6 / AG6-2 MS Lee Proteins,-80 Freezer / A Shelf / AG / AG6 / AG6-2 MS Lee Proteins,Available,,,,,,,,,,,,,,,,,,,,,,,,,2615,-80 Freezer,5105,A Shelf,dyn-rack-1782413261935-529,AG,drawer-1783441043078,AG6,,,dyn-box-1782413261942-736,AG6-2 MS Lee Proteins,,,NP00000947,JSH EDTA,4,1,,,,2025-11-12,,,,$,,Default,,,,,
,JSH EDTA,,Main Lab,1,vials,,,-80 Freezer / A Shelf / AG / AG6 / AG6-2 MS Lee Proteins,-80 Freezer / A Shelf / AG / AG6 / AG6-2 MS Lee Proteins,Available,,,,,,,,,,,,,,,,,,,,,,,,,2615,-80 Freezer,5105,A Shelf,dyn-rack-1782413261935-529,AG,drawer-1783441043078,AG6,,,dyn-box-1782413261942-736,AG6-2 MS Lee Proteins,,,NP00000948,JSH EDTA,4,2,,,,2025-11-12,,,,$,,Default,,,,,
,JSH EDTA,,Main Lab,1,vials,,,-80 Freezer / A Shelf / AG / AG6 / AG6-2 MS Lee Proteins,-80 Freezer / A Shelf / AG / AG6 / AG6-2 MS Lee Proteins,Available,,,,,,,,,,,,,,,,,,,,,,,,,2615,-80 Freezer,5105,A Shelf,dyn-rack-1782413261935-529,AG,drawer-1783441043078,AG6,,,dyn-box-1782413261942-736,AG6-2 MS Lee Proteins,,,NP00000949,JSH EDTA,4,3,,,,2025-11-12,,,,$,,Default,,,,,
,pMS 396,,Main Lab,1,vials,,,-80 Freezer / A Shelf / AG / AG6 / AG6-2 MS Lee Proteins,-80 Freezer / A Shelf / AG / AG6 / AG6-2 MS Lee Proteins,Available,,,,,,,,,,,,,,,,,,,,,,,,,2615,-80 Freezer,5105,A Shelf,dyn-rack-1782413261935-529,AG,drawer-1783441043078,AG6,,,dyn-box-1782413261942-736,AG6-2 MS Lee Proteins,,,NP00000950,pMS 396,4,8,,,,2025-11-12,,,,$,,Default,,,,,
,PMS 173,,Main Lab,1,vials,,,-80 Freezer / A Shelf / AG / AG6 / AG6-2 MS Lee Proteins,-80 Freezer / A Shelf / AG / AG6 / AG6-2 MS Lee Proteins,Available,,,,,,,,,,,,,,,,,,,,,,,,,2615,-80 Freezer,5105,A Shelf,dyn-rack-1782413261935-529,AG,drawer-1783441043078,AG6,,,dyn-box-1782413261942-736,AG6-2 MS Lee Proteins,,,NP00000951,PMS 173,7,1,,,,2025-11-12,There are additional proteins here,,,$,,Default,,,,,
,pMS 174,,Main Lab,1,vials,,,-80 Freezer / A Shelf / AG / AG6 / AG6-2 MS Lee Proteins,-80 Freezer / A Shelf / AG / AG6 / AG6-2 MS Lee Proteins,Available,,,,,,,,,,,,,,,,,,,,,,,,,2615,-80 Freezer,5105,A Shelf,dyn-rack-1782413261935-529,AG,drawer-1783441043078,AG6,,,dyn-box-1782413261942-736,AG6-2 MS Lee Proteins,,,NP00000952,pMS 174,8,1,,,,2025-11-12,There are other Proteins here as well,,,$,,Default,,,,,
,SopE2,,Main Lab,1,vials,,,-80 Freezer / A Shelf / AG / AG2 / AG2-1 Morgan AFM,-80 Freezer / A Shelf / AG / AG2 / AG2-1 Morgan AFM,Available,,,,,,,,,,,,,,,,,,,,,,,,,2615,-80 Freezer,5105,A Shelf,dyn-rack-1782413261935-529,AG,drawer-1783440980783,AG2,,,dyn-box-1782413261942-758,AG2-1 Morgan AFM,,,NP00000953,SopE2,1,1,,,,2019-07-24,I think this is just the plain protein,,,$,,Default,,,,,
,SopE2 FL,,Main Lab,1,vials,,,-80 Freezer / A Shelf / AG / AG2 / AG2-1 Morgan AFM,-80 Freezer / A Shelf / AG / AG2 / AG2-1 Morgan AFM,Available,,,,,,,,,,,,,,,,,,,,,,,,,2615,-80 Freezer,5105,A Shelf,dyn-rack-1782413261935-529,AG,drawer-1783440980783,AG2,,,dyn-box-1782413261942-758,AG2-1 Morgan AFM,,,NP00000954,SopE2 FL,2,1,,,,2020-12-12,I think this is just the plain protein,,,$,,Default,,,,,
,SptP 1597,,Main Lab,1,vials,,,-80 Freezer / A Shelf / AG / AG2 / AG2-1 Morgan AFM,-80 Freezer / A Shelf / AG / AG2 / AG2-1 Morgan AFM,Available,,,,,,,,,,,,,,,,,,,,,,,,,2615,-80 Freezer,5105,A Shelf,dyn-rack-1782413261935-529,AG,drawer-1783440980783,AG2,,,dyn-box-1782413261942-758,AG2-1 Morgan AFM,,,NP00000955,SptP 1597,3,1,,,,2018-08-27,I think this is just the plain protein,,,$,,Default,,,,,
,NleC in AFM 1480,,Main Lab,1,vials,,,-80 Freezer / A Shelf / AG / AG2 / AG2-1 Morgan AFM,-80 Freezer / A Shelf / AG / AG2 / AG2-1 Morgan AFM,Available,,,,,,,,,,,,,,,,,,,,,,,,,2615,-80 Freezer,5105,A Shelf,dyn-rack-1782413261935-529,AG,drawer-1783440980783,AG2,,,dyn-box-1782413261942-758,AG2-1 Morgan AFM,,,NP00000956,NleC in AFM 1480,4,1,,,,2025-11-12,I think this is the protein in the AFM construct,,,$,,Default,,,,,
,Glycerol stocks AFM,,Main Lab,1,vials,,,-80 Freezer / A Shelf / AG / AG2 / AG2-3 Marc-Andre Glycerol Stocks,-80 Freezer / A Shelf / AG / AG2 / AG2-3 Marc-Andre Glycerol Stocks,Available,,,,,,,,,,,,,,,,,,,,,,,,,2615,-80 Freezer,5105,A Shelf,dyn-rack-1782413261935-529,AG,drawer-1783440980783,AG2,,,dyn-box-1782413261943-762,AG2-3 Marc-Andre Glycerol Stocks,,,NP00000957,Glycerol stocks AFM,1,1,,,,2025-11-12,search here for Marc Andre plasmids if not in the -20 plasmids box,,,$,,Default,,,,,
,Ulp1,,Main Lab,1,vials,,,-80 Freezer / A Shelf / AG / AG2 / AG2-4 Marc Andre AFM proteins,-80 Freezer / A Shelf / AG / AG2 / AG2-4 Marc Andre AFM proteins,Available,,,,,,,,,,,,,,,,,,,,,,,,,2615,-80 Freezer,5105,A Shelf,dyn-rack-1782413261935-529,AG,drawer-1783440980783,AG2,,,dyn-box-1782413261943-763,AG2-4 Marc Andre AFM proteins,,,NP00000958,Ulp1,1,1,,,,2025-11-12,,,,$,,Default,,,,,
,Rubridoxin in AFM pMS 1276,,Main Lab,1,vials,,,-80 Freezer / A Shelf / AG / AG2 / AG2-4 Marc Andre AFM proteins,-80 Freezer / A Shelf / AG / AG2 / AG2-4 Marc Andre AFM proteins,Available,,,,,,,,,,,,,,,,,,,,,,,,,2615,-80 Freezer,5105,A Shelf,dyn-rack-1782413261935-529,AG,drawer-1783440980783,AG2,,,dyn-box-1782413261943-763,AG2-4 Marc Andre AFM proteins,,,NP00000959,Rubridoxin in AFM pMS 1276,2,1,,,,2025-11-12,,,,$,,Default,,,,,
,Alpha 3D in AFM pMS 1278,,Main Lab,1,vials,,,-80 Freezer / A Shelf / AG / AG2 / AG2-4 Marc Andre AFM proteins,-80 Freezer / A Shelf / AG / AG2 / AG2-4 Marc Andre AFM proteins,Available,,,,,,,,,,,,,,,,,,,,,,,,,2615,-80 Freezer,5105,A Shelf,dyn-rack-1782413261935-529,AG,drawer-1783440980783,AG2,,,dyn-box-1782413261943-763,AG2-4 Marc Andre AFM proteins,,,NP00000960,Alpha 3D in AFM pMS 1278,3,1,,,,2025-11-12,,,,$,,Default,,,,,
,FGE,,Main Lab,1,vials,,,-80 Freezer / A Shelf / AG / AG2 / AG2-4 Marc Andre AFM proteins,-80 Freezer / A Shelf / AG / AG2 / AG2-4 Marc Andre AFM proteins,Available,,,,,,,,,,,,,,,,,,,,,,,,,2615,-80 Freezer,5105,A Shelf,dyn-rack-1782413261935-529,AG,drawer-1783440980783,AG2,,,dyn-box-1782413261943-763,AG2-4 Marc Andre AFM proteins,,,NP00000961,FGE,4,1,,,,2025-11-12,,,,$,,Default,,,,,
,NleC Psi loop in AFM pMS 1291,,Main Lab,1,vials,,,-80 Freezer / A Shelf / AG / AG2 / AG2-4 Marc Andre AFM proteins,-80 Freezer / A Shelf / AG / AG2 / AG2-4 Marc Andre AFM proteins,Available,,,,,,,,,,,,,,,,,,,,,,,,,2615,-80 Freezer,5105,A Shelf,dyn-rack-1782413261935-529,AG,drawer-1783440980783,AG2,,,dyn-box-1782413261943-763,AG2-4 Marc Andre AFM proteins,,,NP00000962,NleC Psi loop in AFM pMS 1291,5,1,,,,2025-11-12,,,,$,,Default,,,,,
,pMS 1513,,Main Lab,1,vials,,,-80 Freezer / A Shelf / AG / AG3 / AG3-3 Marc Andre AFM Proteins,-80 Freezer / A Shelf / AG / AG3 / AG3-3 Marc Andre AFM Proteins,Available,,,,,,,,,,,,,,,,,,,,,,,,,2615,-80 Freezer,5105,A Shelf,dyn-rack-1782413261935-529,AG,drawer-1783440972818,AG3,,,dyn-box-1782413261943-768,AG3-3 Marc Andre AFM Proteins,,,NP00000963,pMS 1513,2,1,,,,2025-11-12,YopH in AFM cassette 1479,,,$,,Default,,,,,
,pMS1557,,Main Lab,1,vials,,,-80 Freezer / A Shelf / AG / AG3 / AG3-3 Marc Andre AFM Proteins,-80 Freezer / A Shelf / AG / AG3 / AG3-3 Marc Andre AFM Proteins,Available,,,,,,,,,,,,,,,,,,,,,,,,,2615,-80 Freezer,5105,A Shelf,dyn-rack-1782413261935-529,AG,drawer-1783440972818,AG3,,,dyn-box-1782413261943-768,AG3-3 Marc Andre AFM Proteins,,,NP00000964,pMS1557,,,,,,2025-11-12,YopH in AFM FgBeta-ddFln4-YBBR,,,$,,Default,,,,,
,pMS155,,Main Lab,1,vials,,,-80 Freezer / A Shelf / AG / AG3 / AG3-3 Marc Andre AFM Proteins,-80 Freezer / A Shelf / AG / AG3 / AG3-3 Marc Andre AFM Proteins,Available,,,,,,,,,,,,,,,,,,,,,,,,,2615,-80 Freezer,5105,A Shelf,dyn-rack-1782413261935-529,AG,drawer-1783440972818,AG3,,,dyn-box-1782413261943-768,AG3-3 Marc Andre AFM Proteins,,,NP00000965,pMS155,6,4,,,,2025-11-12,SpvB in FgBeta-ddFLN4-YBBR (pMS 1554),,,$,,Default,,,,,
,pMS1554,,Main Lab,1,vials,,,-80 Freezer / A Shelf / AG / AG3 / AG3-3 Marc Andre AFM Proteins,-80 Freezer / A Shelf / AG / AG3 / AG3-3 Marc Andre AFM Proteins,Available,,,,,,,,,,,,,,,,,,,,,,,,,2615,-80 Freezer,5105,A Shelf,dyn-rack-1782413261935-529,AG,drawer-1783440972818,AG3,,,dyn-box-1782413261943-768,AG3-3 Marc Andre AFM Proteins,,,NP00000966,pMS1554,7,2,,,,2025-11-12,FgBeta-ddFLN4-MCS-His-YBBR in pMS 984,,,$,,Default,,,,,
,pMS1558,,Main Lab,1,vials,,,-80 Freezer / A Shelf / AG / AG3 / AG3-3 Marc Andre AFM Proteins,-80 Freezer / A Shelf / AG / AG3 / AG3-3 Marc Andre AFM Proteins,Available,,,,,,,,,,,,,,,,,,,,,,,,,2615,-80 Freezer,5105,A Shelf,dyn-rack-1782413261935-529,AG,drawer-1783440972818,AG3,,,dyn-box-1782413261943-768,AG3-3 Marc Andre AFM Proteins,,,NP00000967,pMS1558,9,4,,,,2025-11-12,PTP1B in FgBeta-ddFLN4-YBBR,,,$,,Default,,,,,
,pMS 1513,,Main Lab,1,vials,,,-80 Freezer / A Shelf / AG / AG3 / AG3-3 Marc Andre AFM Proteins,-80 Freezer / A Shelf / AG / AG3 / AG3-3 Marc Andre AFM Proteins,Available,,,,,,,,,,,,,,,,,,,,,,,,,2615,-80 Freezer,5105,A Shelf,dyn-rack-1782413261935-529,AG,drawer-1783440972818,AG3,,,dyn-box-1782413261943-768,AG3-3 Marc Andre AFM Proteins,,,NP00000968,pMS 1513,1,5,,,,2025-11-12,YopH in pMS 1479,,,$,,Default,,,,,
,pMS 1513,,Main Lab,1,vials,,,-80 Freezer / A Shelf / AG / AG3 / AG3-3 Marc Andre AFM Proteins,-80 Freezer / A Shelf / AG / AG3 / AG3-3 Marc Andre AFM Proteins,Available,,,,,,,,,,,,,,,,,,,,,,,,,2615,-80 Freezer,5105,A Shelf,dyn-rack-1782413261935-529,AG,drawer-1783440972818,AG3,,,dyn-box-1782413261943-768,AG3-3 Marc Andre AFM Proteins,,,NP00000969,pMS 1513,1,6,,,,2025-11-12,YopH in pMS 1479,,,$,,Default,,,,,
,pMS 1513,,Main Lab,1,vials,,,-80 Freezer / A Shelf / AG / AG3 / AG3-3 Marc Andre AFM Proteins,-80 Freezer / A Shelf / AG / AG3 / AG3-3 Marc Andre AFM Proteins,Available,,,,,,,,,,,,,,,,,,,,,,,,,2615,-80 Freezer,5105,A Shelf,dyn-rack-1782413261935-529,AG,drawer-1783440972818,AG3,,,dyn-box-1782413261943-768,AG3-3 Marc Andre AFM Proteins,,,NP00000970,pMS 1513,1,7,,,,2025-11-12,YopH in pMS 1479,,,$,,Default,,,,,
,pMS 1513,,Main Lab,1,vials,,,-80 Freezer / A Shelf / AG / AG3 / AG3-3 Marc Andre AFM Proteins,-80 Freezer / A Shelf / AG / AG3 / AG3-3 Marc Andre AFM Proteins,Available,,,,,,,,,,,,,,,,,,,,,,,,,2615,-80 Freezer,5105,A Shelf,dyn-rack-1782413261935-529,AG,drawer-1783440972818,AG3,,,dyn-box-1782413261943-768,AG3-3 Marc Andre AFM Proteins,,,NP00000971,pMS 1513,1,8,,,,2025-11-12,YopH in pMS 1479,,,$,,Default,,,,,
,pMS 1513,,Main Lab,1,vials,,,-80 Freezer / A Shelf / AG / AG3 / AG3-3 Marc Andre AFM Proteins,-80 Freezer / A Shelf / AG / AG3 / AG3-3 Marc Andre AFM Proteins,Available,,,,,,,,,,,,,,,,,,,,,,,,,2615,-80 Freezer,5105,A Shelf,dyn-rack-1782413261935-529,AG,drawer-1783440972818,AG3,,,dyn-box-1782413261943-768,AG3-3 Marc Andre AFM Proteins,,,NP00000972,pMS 1513,2,2,,,,2025-11-12,YopH in pMS 1479,,,$,,Default,,,,,
,pMS 1513,,Main Lab,1,vials,,,-80 Freezer / A Shelf / AG / AG3 / AG3-3 Marc Andre AFM Proteins,-80 Freezer / A Shelf / AG / AG3 / AG3-3 Marc Andre AFM Proteins,Available,,,,,,,,,,,,,,,,,,,,,,,,,2615,-80 Freezer,5105,A Shelf,dyn-rack-1782413261935-529,AG,drawer-1783440972818,AG3,,,dyn-box-1782413261943-768,AG3-3 Marc Andre AFM Proteins,,,NP00000973,pMS 1513,2,3,,,,2025-11-12,YopH in pMS 1479,,,$,,Default,,,,,
,pMS 1513,,Main Lab,1,vials,,,-80 Freezer / A Shelf / AG / AG3 / AG3-3 Marc Andre AFM Proteins,-80 Freezer / A Shelf / AG / AG3 / AG3-3 Marc Andre AFM Proteins,Available,,,,,,,,,,,,,,,,,,,,,,,,,2615,-80 Freezer,5105,A Shelf,dyn-rack-1782413261935-529,AG,drawer-1783440972818,AG3,,,dyn-box-1782413261943-768,AG3-3 Marc Andre AFM Proteins,,,NP00000974,pMS 1513,2,4,,,,2025-11-12,YopH in pMS 1479,,,$,,Default,,,,,
,pMS 1513,,Main Lab,1,vials,,,-80 Freezer / A Shelf / AG / AG3 / AG3-3 Marc Andre AFM Proteins,-80 Freezer / A Shelf / AG / AG3 / AG3-3 Marc Andre AFM Proteins,Available,,,,,,,,,,,,,,,,,,,,,,,,,2615,-80 Freezer,5105,A Shelf,dyn-rack-1782413261935-529,AG,drawer-1783440972818,AG3,,,dyn-box-1782413261943-768,AG3-3 Marc Andre AFM Proteins,,,NP00000975,pMS 1513,2,5,,,,2025-11-12,YopH in pMS 1479,,,$,,Default,,,,,
,pMS 1513,,Main Lab,1,vials,,,-80 Freezer / A Shelf / AG / AG3 / AG3-3 Marc Andre AFM Proteins,-80 Freezer / A Shelf / AG / AG3 / AG3-3 Marc Andre AFM Proteins,Available,,,,,,,,,,,,,,,,,,,,,,,,,2615,-80 Freezer,5105,A Shelf,dyn-rack-1782413261935-529,AG,drawer-1783440972818,AG3,,,dyn-box-1782413261943-768,AG3-3 Marc Andre AFM Proteins,,,NP00000976,pMS 1513,2,6,,,,2025-11-12,YopH in pMS 1479,,,$,,Default,,,,,
,pMS 1513,,Main Lab,1,vials,,,-80 Freezer / A Shelf / AG / AG3 / AG3-3 Marc Andre AFM Proteins,-80 Freezer / A Shelf / AG / AG3 / AG3-3 Marc Andre AFM Proteins,Available,,,,,,,,,,,,,,,,,,,,,,,,,2615,-80 Freezer,5105,A Shelf,dyn-rack-1782413261935-529,AG,drawer-1783440972818,AG3,,,dyn-box-1782413261943-768,AG3-3 Marc Andre AFM Proteins,,,NP00000977,pMS 1513,2,7,,,,2025-11-12,YopH in pMS 1479,,,$,,Default,,,,,
,pMS 1513,,Main Lab,1,vials,,,-80 Freezer / A Shelf / AG / AG3 / AG3-3 Marc Andre AFM Proteins,-80 Freezer / A Shelf / AG / AG3 / AG3-3 Marc Andre AFM Proteins,Available,,,,,,,,,,,,,,,,,,,,,,,,,2615,-80 Freezer,5105,A Shelf,dyn-rack-1782413261935-529,AG,drawer-1783440972818,AG3,,,dyn-box-1782413261943-768,AG3-3 Marc Andre AFM Proteins,,,NP00000978,pMS 1513,2,8,,,,2025-11-12,YopH in pMS 1479,,,$,,Default,,,,,
,pMS 1513,,Main Lab,1,vials,,,-80 Freezer / A Shelf / AG / AG3 / AG3-3 Marc Andre AFM Proteins,-80 Freezer / A Shelf / AG / AG3 / AG3-3 Marc Andre AFM Proteins,Available,,,,,,,,,,,,,,,,,,,,,,,,,2615,-80 Freezer,5105,A Shelf,dyn-rack-1782413261935-529,AG,drawer-1783440972818,AG3,,,dyn-box-1782413261943-768,AG3-3 Marc Andre AFM Proteins,,,NP00000979,pMS 1513,2,9,,,,2025-11-12,YopH in pMS 1479,,,$,,Default,,,,,
,pMS 1513,,Main Lab,1,vials,,,-80 Freezer / A Shelf / AG / AG3 / AG3-3 Marc Andre AFM Proteins,-80 Freezer / A Shelf / AG / AG3 / AG3-3 Marc Andre AFM Proteins,Available,,,,,,,,,,,,,,,,,,,,,,,,,2615,-80 Freezer,5105,A Shelf,dyn-rack-1782413261935-529,AG,drawer-1783440972818,AG3,,,dyn-box-1782413261943-768,AG3-3 Marc Andre AFM Proteins,,,NP00000980,pMS 1513,1,9,,,,2025-11-12,YopH in pMS 1479,,,$,,Default,,,,,
,pMS 1557,,Main Lab,1,vials,,,-80 Freezer / A Shelf / AG / AG3 / AG3-3 Marc Andre AFM Proteins,-80 Freezer / A Shelf / AG / AG3 / AG3-3 Marc Andre AFM Proteins,Available,,,,,,,,,,,,,,,,,,,,,,,,,2615,-80 Freezer,5105,A Shelf,dyn-rack-1782413261935-529,AG,drawer-1783440972818,AG3,,,dyn-box-1782413261943-768,AG3-3 Marc Andre AFM Proteins,,,NP00000981,pMS 1557,4,4,,,,2025-11-12,YopH in FgBeta-ddFLN4-YBBR,,,$,,Default,,,,,
,pMS 1557,,Main Lab,1,vials,,,-80 Freezer / A Shelf / AG / AG3 / AG3-3 Marc Andre AFM Proteins,-80 Freezer / A Shelf / AG / AG3 / AG3-3 Marc Andre AFM Proteins,Available,,,,,,,,,,,,,,,,,,,,,,,,,2615,-80 Freezer,5105,A Shelf,dyn-rack-1782413261935-529,AG,drawer-1783440972818,AG3,,,dyn-box-1782413261943-768,AG3-3 Marc Andre AFM Proteins,,,NP00000982,pMS 1557,4,5,,,,2025-11-12,YopH in FgBeta-ddFLN4-YBBR,,,$,,Default,,,,,
,pMS 1557,,Main Lab,1,vials,,,-80 Freezer / A Shelf / AG / AG3 / AG3-3 Marc Andre AFM Proteins,-80 Freezer / A Shelf / AG / AG3 / AG3-3 Marc Andre AFM Proteins,Available,,,,,,,,,,,,,,,,,,,,,,,,,2615,-80 Freezer,5105,A Shelf,dyn-rack-1782413261935-529,AG,drawer-1783440972818,AG3,,,dyn-box-1782413261943-768,AG3-3 Marc Andre AFM Proteins,,,NP00000983,pMS 1557,4,6,,,,2025-11-12,YopH in FgBeta-ddFLN4-YBBR,,,$,,Default,,,,,
,pMS 1557,,Main Lab,1,vials,,,-80 Freezer / A Shelf / AG / AG3 / AG3-3 Marc Andre AFM Proteins,-80 Freezer / A Shelf / AG / AG3 / AG3-3 Marc Andre AFM Proteins,Available,,,,,,,,,,,,,,,,,,,,,,,,,2615,-80 Freezer,5105,A Shelf,dyn-rack-1782413261935-529,AG,drawer-1783440972818,AG3,,,dyn-box-1782413261943-768,AG3-3 Marc Andre AFM Proteins,,,NP00000984,pMS 1557,4,7,,,,2025-11-12,YopH in FgBeta-ddFLN4-YBBR,,,$,,Default,,,,,
,pMS 1557,,Main Lab,1,vials,,,-80 Freezer / A Shelf / AG / AG3 / AG3-3 Marc Andre AFM Proteins,-80 Freezer / A Shelf / AG / AG3 / AG3-3 Marc Andre AFM Proteins,Available,,,,,,,,,,,,,,,,,,,,,,,,,2615,-80 Freezer,5105,A Shelf,dyn-rack-1782413261935-529,AG,drawer-1783440972818,AG3,,,dyn-box-1782413261943-768,AG3-3 Marc Andre AFM Proteins,,,NP00000985,pMS 1557,4,8,,,,2025-11-12,YopH in FgBeta-ddFLN4-YBBR,,,$,,Default,,,,,
,pMS 1557,,Main Lab,1,vials,,,-80 Freezer / A Shelf / AG / AG3 / AG3-3 Marc Andre AFM Proteins,-80 Freezer / A Shelf / AG / AG3 / AG3-3 Marc Andre AFM Proteins,Available,,,,,,,,,,,,,,,,,,,,,,,,,2615,-80 Freezer,5105,A Shelf,dyn-rack-1782413261935-529,AG,drawer-1783440972818,AG3,,,dyn-box-1782413261943-768,AG3-3 Marc Andre AFM Proteins,,,NP00000986,pMS 1557,4,9,,,,2025-11-12,YopH in FgBeta-ddFLN4-YBBR,,,$,,Default,,,,,
,pMS155,,Main Lab,1,vials,,,-80 Freezer / A Shelf / AG / AG3 / AG3-3 Marc Andre AFM Proteins,-80 Freezer / A Shelf / AG / AG3 / AG3-3 Marc Andre AFM Proteins,Available,,,,,,,,,,,,,,,,,,,,,,,,,2615,-80 Freezer,5105,A Shelf,dyn-rack-1782413261935-529,AG,drawer-1783440972818,AG3,,,dyn-box-1782413261943-768,AG3-3 Marc Andre AFM Proteins,,,NP00000987,pMS155,6,5,,,,2025-11-12,SpvB in FgBeta-ddFLN4-YBBR (pMS 1554),,,$,,Default,,,,,
,pMS155,,Main Lab,1,vials,,,-80 Freezer / A Shelf / AG / AG3 / AG3-3 Marc Andre AFM Proteins,-80 Freezer / A Shelf / AG / AG3 / AG3-3 Marc Andre AFM Proteins,Available,,,,,,,,,,,,,,,,,,,,,,,,,2615,-80 Freezer,5105,A Shelf,dyn-rack-1782413261935-529,AG,drawer-1783440972818,AG3,,,dyn-box-1782413261943-768,AG3-3 Marc Andre AFM Proteins,,,NP00000988,pMS155,6,6,,,,2025-11-12,SpvB in FgBeta-ddFLN4-YBBR (pMS 1554),,,$,,Default,,,,,
,pMS155,,Main Lab,1,vials,,,-80 Freezer / A Shelf / AG / AG3 / AG3-3 Marc Andre AFM Proteins,-80 Freezer / A Shelf / AG / AG3 / AG3-3 Marc Andre AFM Proteins,Available,,,,,,,,,,,,,,,,,,,,,,,,,2615,-80 Freezer,5105,A Shelf,dyn-rack-1782413261935-529,AG,drawer-1783440972818,AG3,,,dyn-box-1782413261943-768,AG3-3 Marc Andre AFM Proteins,,,NP00000989,pMS155,6,7,,,,2025-11-12,SpvB in FgBeta-ddFLN4-YBBR (pMS 1554),,,$,,Default,,,,,
,pMS155,,Main Lab,1,vials,,,-80 Freezer / A Shelf / AG / AG3 / AG3-3 Marc Andre AFM Proteins,-80 Freezer / A Shelf / AG / AG3 / AG3-3 Marc Andre AFM Proteins,Available,,,,,,,,,,,,,,,,,,,,,,,,,2615,-80 Freezer,5105,A Shelf,dyn-rack-1782413261935-529,AG,drawer-1783440972818,AG3,,,dyn-box-1782413261943-768,AG3-3 Marc Andre AFM Proteins,,,NP00000990,pMS155,6,8,,,,2025-11-12,SpvB in FgBeta-ddFLN4-YBBR (pMS 1554),,,$,,Default,,,,,
,pMS155,,Main Lab,1,vials,,,-80 Freezer / A Shelf / AG / AG3 / AG3-3 Marc Andre AFM Proteins,-80 Freezer / A Shelf / AG / AG3 / AG3-3 Marc Andre AFM Proteins,Available,,,,,,,,,,,,,,,,,,,,,,,,,2615,-80 Freezer,5105,A Shelf,dyn-rack-1782413261935-529,AG,drawer-1783440972818,AG3,,,dyn-box-1782413261943-768,AG3-3 Marc Andre AFM Proteins,,,NP00000991,pMS155,6,9,,,,2025-11-12,SpvB in FgBeta-ddFLN4-YBBR (pMS 1554),,,$,,Default,,,,,
,pMS1554,,Main Lab,1,vials,,,-80 Freezer / A Shelf / AG / AG3 / AG3-3 Marc Andre AFM Proteins,-80 Freezer / A Shelf / AG / AG3 / AG3-3 Marc Andre AFM Proteins,Available,,,,,,,,,,,,,,,,,,,,,,,,,2615,-80 Freezer,5105,A Shelf,dyn-rack-1782413261935-529,AG,drawer-1783440972818,AG3,,,dyn-box-1782413261943-768,AG3-3 Marc Andre AFM Proteins,,,NP00000992,pMS1554,7,3,,,,2025-11-12,FgBeta-ddFLN4-MCS-His-YBBR in pMS 984,,,$,,Default,,,,,
,pMS1554,,Main Lab,1,vials,,,-80 Freezer / A Shelf / AG / AG3 / AG3-3 Marc Andre AFM Proteins,-80 Freezer / A Shelf / AG / AG3 / AG3-3 Marc Andre AFM Proteins,Available,,,,,,,,,,,,,,,,,,,,,,,,,2615,-80 Freezer,5105,A Shelf,dyn-rack-1782413261935-529,AG,drawer-1783440972818,AG3,,,dyn-box-1782413261943-768,AG3-3 Marc Andre AFM Proteins,,,NP00000993,pMS1554,7,4,,,,2025-11-12,FgBeta-ddFLN4-MCS-His-YBBR in pMS 984,,,$,,Default,,,,,
,pMS1554,,Main Lab,1,vials,,,-80 Freezer / A Shelf / AG / AG3 / AG3-3 Marc Andre AFM Proteins,-80 Freezer / A Shelf / AG / AG3 / AG3-3 Marc Andre AFM Proteins,Available,,,,,,,,,,,,,,,,,,,,,,,,,2615,-80 Freezer,5105,A Shelf,dyn-rack-1782413261935-529,AG,drawer-1783440972818,AG3,,,dyn-box-1782413261943-768,AG3-3 Marc Andre AFM Proteins,,,NP00000994,pMS1554,7,5,,,,2025-11-12,FgBeta-ddFLN4-MCS-His-YBBR in pMS 984,,,$,,Default,,,,,
,pMS1554,,Main Lab,1,vials,,,-80 Freezer / A Shelf / AG / AG3 / AG3-3 Marc Andre AFM Proteins,-80 Freezer / A Shelf / AG / AG3 / AG3-3 Marc Andre AFM Proteins,Available,,,,,,,,,,,,,,,,,,,,,,,,,2615,-80 Freezer,5105,A Shelf,dyn-rack-1782413261935-529,AG,drawer-1783440972818,AG3,,,dyn-box-1782413261943-768,AG3-3 Marc Andre AFM Proteins,,,NP00000995,pMS1554,7,6,,,,2025-11-12,FgBeta-ddFLN4-MCS-His-YBBR in pMS 984,,,$,,Default,,,,,
,pMS1554,,Main Lab,1,vials,,,-80 Freezer / A Shelf / AG / AG3 / AG3-3 Marc Andre AFM Proteins,-80 Freezer / A Shelf / AG / AG3 / AG3-3 Marc Andre AFM Proteins,Available,,,,,,,,,,,,,,,,,,,,,,,,,2615,-80 Freezer,5105,A Shelf,dyn-rack-1782413261935-529,AG,drawer-1783440972818,AG3,,,dyn-box-1782413261943-768,AG3-3 Marc Andre AFM Proteins,,,NP00000996,pMS1554,7,7,,,,2025-11-12,FgBeta-ddFLN4-MCS-His-YBBR in pMS 984,,,$,,Default,,,,,
,pMS1554,,Main Lab,1,vials,,,-80 Freezer / A Shelf / AG / AG3 / AG3-3 Marc Andre AFM Proteins,-80 Freezer / A Shelf / AG / AG3 / AG3-3 Marc Andre AFM Proteins,Available,,,,,,,,,,,,,,,,,,,,,,,,,2615,-80 Freezer,5105,A Shelf,dyn-rack-1782413261935-529,AG,drawer-1783440972818,AG3,,,dyn-box-1782413261943-768,AG3-3 Marc Andre AFM Proteins,,,NP00000997,pMS1554,7,8,,,,2025-11-12,FgBeta-ddFLN4-MCS-His-YBBR in pMS 984,,,$,,Default,,,,,
,pMS1554,,Main Lab,1,vials,,,-80 Freezer / A Shelf / AG / AG3 / AG3-3 Marc Andre AFM Proteins,-80 Freezer / A Shelf / AG / AG3 / AG3-3 Marc Andre AFM Proteins,Available,,,,,,,,,,,,,,,,,,,,,,,,,2615,-80 Freezer,5105,A Shelf,dyn-rack-1782413261935-529,AG,drawer-1783440972818,AG3,,,dyn-box-1782413261943-768,AG3-3 Marc Andre AFM Proteins,,,NP00000998,pMS1554,7,9,,,,2025-11-12,FgBeta-ddFLN4-MCS-His-YBBR in pMS 984,,,$,,Default,,,,,
,pMS1558,,Main Lab,1,vials,,,-80 Freezer / A Shelf / AG / AG3 / AG3-3 Marc Andre AFM Proteins,-80 Freezer / A Shelf / AG / AG3 / AG3-3 Marc Andre AFM Proteins,Available,,,,,,,,,,,,,,,,,,,,,,,,,2615,-80 Freezer,5105,A Shelf,dyn-rack-1782413261935-529,AG,drawer-1783440972818,AG3,,,dyn-box-1782413261943-768,AG3-3 Marc Andre AFM Proteins,,,NP00000999,pMS1558,9,5,,,,2025-11-12,PTP1B in FgBeta-ddFLN4-YBBR,,,$,,Default,,,,,
,pMS1558,,Main Lab,1,vials,,,-80 Freezer / A Shelf / AG / AG3 / AG3-3 Marc Andre AFM Proteins,-80 Freezer / A Shelf / AG / AG3 / AG3-3 Marc Andre AFM Proteins,Available,,,,,,,,,,,,,,,,,,,,,,,,,2615,-80 Freezer,5105,A Shelf,dyn-rack-1782413261935-529,AG,drawer-1783440972818,AG3,,,dyn-box-1782413261943-768,AG3-3 Marc Andre AFM Proteins,,,NP00001000,pMS1558,9,6,,,,2025-11-12,PTP1B in FgBeta-ddFLN4-YBBR,,,$,,Default,,,,,
,pMS1558,,Main Lab,1,vials,,,-80 Freezer / A Shelf / AG / AG3 / AG3-3 Marc Andre AFM Proteins,-80 Freezer / A Shelf / AG / AG3 / AG3-3 Marc Andre AFM Proteins,Available,,,,,,,,,,,,,,,,,,,,,,,,,2615,-80 Freezer,5105,A Shelf,dyn-rack-1782413261935-529,AG,drawer-1783440972818,AG3,,,dyn-box-1782413261943-768,AG3-3 Marc Andre AFM Proteins,,,NP00001001,pMS1558,9,7,,,,2025-11-12,PTP1B in FgBeta-ddFLN4-YBBR,,,$,,Default,,,,,
,pMS1558,,Main Lab,1,vials,,,-80 Freezer / A Shelf / AG / AG3 / AG3-3 Marc Andre AFM Proteins,-80 Freezer / A Shelf / AG / AG3 / AG3-3 Marc Andre AFM Proteins,Available,,,,,,,,,,,,,,,,,,,,,,,,,2615,-80 Freezer,5105,A Shelf,dyn-rack-1782413261935-529,AG,drawer-1783440972818,AG3,,,dyn-box-1782413261943-768,AG3-3 Marc Andre AFM Proteins,,,NP00001002,pMS1558,9,8,,,,2025-11-12,PTP1B in FgBeta-ddFLN4-YBBR,,,$,,Default,,,,,
,pMS1558,,Main Lab,1,vials,,,-80 Freezer / A Shelf / AG / AG3 / AG3-3 Marc Andre AFM Proteins,-80 Freezer / A Shelf / AG / AG3 / AG3-3 Marc Andre AFM Proteins,Available,,,,,,,,,,,,,,,,,,,,,,,,,2615,-80 Freezer,5105,A Shelf,dyn-rack-1782413261935-529,AG,drawer-1783440972818,AG3,,,dyn-box-1782413261943-768,AG3-3 Marc Andre AFM Proteins,,,NP00001003,pMS1558,9,9,,,,2025-11-12,PTP1B in FgBeta-ddFLN4-YBBR,,,$,,Default,,,,,
,pMS1265,,Main Lab,1,vials,,,-80 Freezer / A Shelf / AG / AG4 / AG4-4 Proteins,-80 Freezer / A Shelf / AG / AG4 / AG4-4 Proteins,Available,,,,,,,,,,,,,,,,,,,,,,,,,2615,-80 Freezer,5105,A Shelf,dyn-rack-1782413261935-529,AG,drawer-1783441005600,AG4,,,dyn-box-1782413261944-809,AG4-4 Proteins,,,NP00001004,pMS1265,1,2,,,,2025-11-12,BamA G429C/T809C/C690S/C700S in pMS 174,,,$,,Default,,,,,
,pMS1265,,Main Lab,1,vials,,,-80 Freezer / A Shelf / AG / AG4 / AG4-4 Proteins,-80 Freezer / A Shelf / AG / AG4 / AG4-4 Proteins,Available,,,,,,,,,,,,,,,,,,,,,,,,,2615,-80 Freezer,5105,A Shelf,dyn-rack-1782413261935-529,AG,drawer-1783441005600,AG4,,,dyn-box-1782413261944-809,AG4-4 Proteins,,,NP00001005,pMS1265,1,3,,,,2025-11-12,BamA G429C/T809C/C690S/C700S in pMS 174,,,$,,Default,,,,,
,pMS1265,,Main Lab,1,vials,,,-80 Freezer / A Shelf / AG / AG4 / AG4-4 Proteins,-80 Freezer / A Shelf / AG / AG4 / AG4-4 Proteins,Available,,,,,,,,,,,,,,,,,,,,,,,,,2615,-80 Freezer,5105,A Shelf,dyn-rack-1782413261935-529,AG,drawer-1783441005600,AG4,,,dyn-box-1782413261944-809,AG4-4 Proteins,,,NP00001006,pMS1265,1,4,,,,2025-11-12,BamA G429C/T809C/C690S/C700S in pMS 174,,,$,,Default,,,,,
,ArnB pMS 1021,,Main Lab,1,vials,,,-80 Freezer / A Shelf / AG / AG4 / AG4-4 Proteins,-80 Freezer / A Shelf / AG / AG4 / AG4-4 Proteins,Available,,,,,,,,,,,,,,,,,,,,,,,,,2615,-80 Freezer,5105,A Shelf,dyn-rack-1782413261935-529,AG,drawer-1783441005600,AG4,,,dyn-box-1782413261944-809,AG4-4 Proteins,,,NP00001007,ArnB pMS 1021,3,2,,,,2025-11-12,ArnB Mutant K188A,,,$,,Default,,,,,
,ArnB pMS 1021,,Main Lab,1,vials,,,-80 Freezer / A Shelf / AG / AG4 / AG4-4 Proteins,-80 Freezer / A Shelf / AG / AG4 / AG4-4 Proteins,Available,,,,,,,,,,,,,,,,,,,,,,,,,2615,-80 Freezer,5105,A Shelf,dyn-rack-1782413261935-529,AG,drawer-1783441005600,AG4,,,dyn-box-1782413261944-809,AG4-4 Proteins,,,NP00001008,ArnB pMS 1021,3,3,,,,2025-11-12,ArnB Mutant K188A,,,$,,Default,,,,,
,ArnB pMS 1021,,Main Lab,1,vials,,,-80 Freezer / A Shelf / AG / AG4 / AG4-4 Proteins,-80 Freezer / A Shelf / AG / AG4 / AG4-4 Proteins,Available,,,,,,,,,,,,,,,,,,,,,,,,,2615,-80 Freezer,5105,A Shelf,dyn-rack-1782413261935-529,AG,drawer-1783441005600,AG4,,,dyn-box-1782413261944-809,AG4-4 Proteins,,,NP00001009,ArnB pMS 1021,3,4,,,,2025-11-12,ArnB Mutant K188A,,,$,,Default,,,,,
,pMS 1266,,Main Lab,1,vials,,,-80 Freezer / A Shelf / AG / AG4 / AG4-4 Proteins,-80 Freezer / A Shelf / AG / AG4 / AG4-4 Proteins,Available,,,,,,,,,,,,,,,,,,,,,,,,,2615,-80 Freezer,5105,A Shelf,dyn-rack-1782413261935-529,AG,drawer-1783441005600,AG4,,,dyn-box-1782413261944-809,AG4-4 Proteins,,,NP00001010,pMS 1266,4,1,,,,2025-11-12,BamA G429C/G807C/C690S/C700S in pMS 174,,,$,,Default,,,,,
,pMS 1266,,Main Lab,1,vials,,,-80 Freezer / A Shelf / AG / AG4 / AG4-4 Proteins,-80 Freezer / A Shelf / AG / AG4 / AG4-4 Proteins,Available,,,,,,,,,,,,,,,,,,,,,,,,,2615,-80 Freezer,5105,A Shelf,dyn-rack-1782413261935-529,AG,drawer-1783441005600,AG4,,,dyn-box-1782413261944-809,AG4-4 Proteins,,,NP00001011,pMS 1266,4,2,,,,2025-11-12,BamA G429C/G807C/C690S/C700S in pMS 174,,,$,,Default,,,,,
,pMS 1266,,Main Lab,1,vials,,,-80 Freezer / A Shelf / AG / AG4 / AG4-4 Proteins,-80 Freezer / A Shelf / AG / AG4 / AG4-4 Proteins,Available,,,,,,,,,,,,,,,,,,,,,,,,,2615,-80 Freezer,5105,A Shelf,dyn-rack-1782413261935-529,AG,drawer-1783441005600,AG4,,,dyn-box-1782413261944-809,AG4-4 Proteins,,,NP00001012,pMS 1266,4,3,,,,2025-11-12,BamA G429C/G807C/C690S/C700S in pMS 174,,,$,,Default,,,,,
,pMS 1266,,Main Lab,1,vials,,,-80 Freezer / A Shelf / AG / AG4 / AG4-4 Proteins,-80 Freezer / A Shelf / AG / AG4 / AG4-4 Proteins,Available,,,,,,,,,,,,,,,,,,,,,,,,,2615,-80 Freezer,5105,A Shelf,dyn-rack-1782413261935-529,AG,drawer-1783441005600,AG4,,,dyn-box-1782413261944-809,AG4-4 Proteins,,,NP00001013,pMS 1266,4,4,,,,2025-11-12,BamA G429C/G807C/C690S/C700S in pMS 174,,,$,,Default,,,,,
,pMS 1266,,Main Lab,1,vials,,,-80 Freezer / A Shelf / AG / AG4 / AG4-4 Proteins,-80 Freezer / A Shelf / AG / AG4 / AG4-4 Proteins,Available,,,,,,,,,,,,,,,,,,,,,,,,,2615,-80 Freezer,5105,A Shelf,dyn-rack-1782413261935-529,AG,drawer-1783441005600,AG4,,,dyn-box-1782413261944-809,AG4-4 Proteins,,,NP00001014,pMS 1266,4,6,,,,2025-11-12,BamA G429C/G807C/C690S/C700S in pMS 174,,,$,,Default,,,,,
,pMS 1266,,Main Lab,1,vials,,,-80 Freezer / A Shelf / AG / AG4 / AG4-4 Proteins,-80 Freezer / A Shelf / AG / AG4 / AG4-4 Proteins,Available,,,,,,,,,,,,,,,,,,,,,,,,,2615,-80 Freezer,5105,A Shelf,dyn-rack-1782413261935-529,AG,drawer-1783441005600,AG4,,,dyn-box-1782413261944-809,AG4-4 Proteins,,,NP00001015,pMS 1266,4,7,,,,2025-11-12,BamA G429C/G807C/C690S/C700S in pMS 174,,,$,,Default,,,,,
,pMS 1266,,Main Lab,1,vials,,,-80 Freezer / A Shelf / AG / AG4 / AG4-4 Proteins,-80 Freezer / A Shelf / AG / AG4 / AG4-4 Proteins,Available,,,,,,,,,,,,,,,,,,,,,,,,,2615,-80 Freezer,5105,A Shelf,dyn-rack-1782413261935-529,AG,drawer-1783441005600,AG4,,,dyn-box-1782413261944-809,AG4-4 Proteins,,,NP00001016,pMS 1266,4,8,,,,2025-11-12,BamA G429C/G807C/C690S/C700S in pMS 174,,,$,,Default,,,,,
,pMS 1266,,Main Lab,1,vials,,,-80 Freezer / A Shelf / AG / AG4 / AG4-4 Proteins,-80 Freezer / A Shelf / AG / AG4 / AG4-4 Proteins,Available,,,,,,,,,,,,,,,,,,,,,,,,,2615,-80 Freezer,5105,A Shelf,dyn-rack-1782413261935-529,AG,drawer-1783441005600,AG4,,,dyn-box-1782413261944-809,AG4-4 Proteins,,,NP00001017,pMS 1266,4,9,,,,2025-11-12,BamA G429C/G807C/C690S/C700S in pMS 174,,,$,,Default,,,,,
,pMS 1266,,Main Lab,1,vials,,,-80 Freezer / A Shelf / AG / AG4 / AG4-4 Proteins,-80 Freezer / A Shelf / AG / AG4 / AG4-4 Proteins,Available,,,,,,,,,,,,,,,,,,,,,,,,,2615,-80 Freezer,5105,A Shelf,dyn-rack-1782413261935-529,AG,drawer-1783441005600,AG4,,,dyn-box-1782413261944-809,AG4-4 Proteins,,,NP00001018,pMS 1266,5,1,,,,2025-11-12,BamA G429C/G807C/C690S/C700S in pMS 174,,,$,,Default,,,,,
,pMS 1266,,Main Lab,1,vials,,,-80 Freezer / A Shelf / AG / AG4 / AG4-4 Proteins,-80 Freezer / A Shelf / AG / AG4 / AG4-4 Proteins,Available,,,,,,,,,,,,,,,,,,,,,,,,,2615,-80 Freezer,5105,A Shelf,dyn-rack-1782413261935-529,AG,drawer-1783441005600,AG4,,,dyn-box-1782413261944-809,AG4-4 Proteins,,,NP00001019,pMS 1266,5,2,,,,2025-11-12,BamA G429C/G807C/C690S/C700S in pMS 174,,,$,,Default,,,,,
,pMS 1266,,Main Lab,1,vials,,,-80 Freezer / A Shelf / AG / AG4 / AG4-4 Proteins,-80 Freezer / A Shelf / AG / AG4 / AG4-4 Proteins,Available,,,,,,,,,,,,,,,,,,,,,,,,,2615,-80 Freezer,5105,A Shelf,dyn-rack-1782413261935-529,AG,drawer-1783441005600,AG4,,,dyn-box-1782413261944-809,AG4-4 Proteins,,,NP00001020,pMS 1266,5,3,,,,2025-11-12,BamA G429C/G807C/C690S/C700S in pMS 174,,,$,,Default,,,,,
,pMS 1266,,Main Lab,1,vials,,,-80 Freezer / A Shelf / AG / AG4 / AG4-4 Proteins,-80 Freezer / A Shelf / AG / AG4 / AG4-4 Proteins,Available,,,,,,,,,,,,,,,,,,,,,,,,,2615,-80 Freezer,5105,A Shelf,dyn-rack-1782413261935-529,AG,drawer-1783441005600,AG4,,,dyn-box-1782413261944-809,AG4-4 Proteins,,,NP00001021,pMS 1266,5,4,,,,2025-11-12,BamA G429C/G807C/C690S/C700S in pMS 174,,,$,,Default,,,,,
,pMS 114,,Main Lab,1,vials,,,-80 Freezer / A Shelf / AG / AG4 / AG4-4 Proteins,-80 Freezer / A Shelf / AG / AG4 / AG4-4 Proteins,Available,,,,,,,,,,,,,,,,,,,,,,,,,2615,-80 Freezer,5105,A Shelf,dyn-rack-1782413261935-529,AG,drawer-1783441005600,AG4,,,dyn-box-1782413261944-809,AG4-4 Proteins,,,NP00001022,pMS 114,7,1,,,,2025-11-12,CamKII gamma B????,,,$,,Default,,,,,
,pMS 114,,Main Lab,1,vials,,,-80 Freezer / A Shelf / AG / AG4 / AG4-4 Proteins,-80 Freezer / A Shelf / AG / AG4 / AG4-4 Proteins,Available,,,,,,,,,,,,,,,,,,,,,,,,,2615,-80 Freezer,5105,A Shelf,dyn-rack-1782413261935-529,AG,drawer-1783441005600,AG4,,,dyn-box-1782413261944-809,AG4-4 Proteins,,,NP00001023,pMS 114,7,2,,,,2025-11-12,CamKII gamma B????,,,$,,Default,,,,,
,pMS 114,,Main Lab,1,vials,,,-80 Freezer / A Shelf / AG / AG4 / AG4-4 Proteins,-80 Freezer / A Shelf / AG / AG4 / AG4-4 Proteins,Available,,,,,,,,,,,,,,,,,,,,,,,,,2615,-80 Freezer,5105,A Shelf,dyn-rack-1782413261935-529,AG,drawer-1783441005600,AG4,,,dyn-box-1782413261944-809,AG4-4 Proteins,,,NP00001024,pMS 114,7,3,,,,2025-11-12,CamKII gamma B????,,,$,,Default,,,,,
,pMS 114,,Main Lab,1,vials,,,-80 Freezer / A Shelf / AG / AG4 / AG4-4 Proteins,-80 Freezer / A Shelf / AG / AG4 / AG4-4 Proteins,Available,,,,,,,,,,,,,,,,,,,,,,,,,2615,-80 Freezer,5105,A Shelf,dyn-rack-1782413261935-529,AG,drawer-1783441005600,AG4,,,dyn-box-1782413261944-809,AG4-4 Proteins,,,NP00001025,pMS 114,7,4,,,,2025-11-12,CamKII gamma B????,,,$,,Default,,,,,
,pMS 114,,Main Lab,1,vials,,,-80 Freezer / A Shelf / AG / AG4 / AG4-4 Proteins,-80 Freezer / A Shelf / AG / AG4 / AG4-4 Proteins,Available,,,,,,,,,,,,,,,,,,,,,,,,,2615,-80 Freezer,5105,A Shelf,dyn-rack-1782413261935-529,AG,drawer-1783441005600,AG4,,,dyn-box-1782413261944-809,AG4-4 Proteins,,,NP00001026,pMS 114,7,5,,,,2025-11-12,CamKII gamma B????,,,$,,Default,,,,,
,pMS 114,,Main Lab,1,vials,,,-80 Freezer / A Shelf / AG / AG4 / AG4-4 Proteins,-80 Freezer / A Shelf / AG / AG4 / AG4-4 Proteins,Available,,,,,,,,,,,,,,,,,,,,,,,,,2615,-80 Freezer,5105,A Shelf,dyn-rack-1782413261935-529,AG,drawer-1783441005600,AG4,,,dyn-box-1782413261944-809,AG4-4 Proteins,,,NP00001027,pMS 114,7,6,,,,2025-11-12,CamKII gamma B????,,,$,,Default,,,,,
,pMS 114,,Main Lab,1,vials,,,-80 Freezer / A Shelf / AG / AG4 / AG4-4 Proteins,-80 Freezer / A Shelf / AG / AG4 / AG4-4 Proteins,Available,,,,,,,,,,,,,,,,,,,,,,,,,2615,-80 Freezer,5105,A Shelf,dyn-rack-1782413261935-529,AG,drawer-1783441005600,AG4,,,dyn-box-1782413261944-809,AG4-4 Proteins,,,NP00001028,pMS 114,7,7,,,,2025-11-12,CamKII gamma B????,,,$,,Default,,,,,
,pMS 114,,Main Lab,1,vials,,,-80 Freezer / A Shelf / AG / AG4 / AG4-4 Proteins,-80 Freezer / A Shelf / AG / AG4 / AG4-4 Proteins,Available,,,,,,,,,,,,,,,,,,,,,,,,,2615,-80 Freezer,5105,A Shelf,dyn-rack-1782413261935-529,AG,drawer-1783441005600,AG4,,,dyn-box-1782413261944-809,AG4-4 Proteins,,,NP00001029,pMS 114,7,8,,,,2025-11-12,CamKII gamma B????,,,$,,Default,,,,,
,pMS 114,,Main Lab,1,vials,,,-80 Freezer / A Shelf / AG / AG4 / AG4-4 Proteins,-80 Freezer / A Shelf / AG / AG4 / AG4-4 Proteins,Available,,,,,,,,,,,,,,,,,,,,,,,,,2615,-80 Freezer,5105,A Shelf,dyn-rack-1782413261935-529,AG,drawer-1783441005600,AG4,,,dyn-box-1782413261944-809,AG4-4 Proteins,,,NP00001030,pMS 114,7,9,,,,2025-11-12,CamKII gamma B????,,,$,,Default,,,,,
,pMS 114,,Main Lab,1,vials,,,-80 Freezer / A Shelf / AG / AG4 / AG4-4 Proteins,-80 Freezer / A Shelf / AG / AG4 / AG4-4 Proteins,Available,,,,,,,,,,,,,,,,,,,,,,,,,2615,-80 Freezer,5105,A Shelf,dyn-rack-1782413261935-529,AG,drawer-1783441005600,AG4,,,dyn-box-1782413261944-809,AG4-4 Proteins,,,NP00001031,pMS 114,8,2,,,,2025-11-12,CamKII gamma B????,,,$,,Default,,,,,
,pMS 114,,Main Lab,1,vials,,,-80 Freezer / A Shelf / AG / AG4 / AG4-4 Proteins,-80 Freezer / A Shelf / AG / AG4 / AG4-4 Proteins,Available,,,,,,,,,,,,,,,,,,,,,,,,,2615,-80 Freezer,5105,A Shelf,dyn-rack-1782413261935-529,AG,drawer-1783441005600,AG4,,,dyn-box-1782413261944-809,AG4-4 Proteins,,,NP00001032,pMS 114,8,3,,,,2025-11-12,CamKII gamma B????,,,$,,Default,,,,,
,pMS 114,,Main Lab,1,vials,,,-80 Freezer / A Shelf / AG / AG4 / AG4-4 Proteins,-80 Freezer / A Shelf / AG / AG4 / AG4-4 Proteins,Available,,,,,,,,,,,,,,,,,,,,,,,,,2615,-80 Freezer,5105,A Shelf,dyn-rack-1782413261935-529,AG,drawer-1783441005600,AG4,,,dyn-box-1782413261944-809,AG4-4 Proteins,,,NP00001033,pMS 114,8,4,,,,2025-11-12,CamKII gamma B????,,,$,,Default,,,,,
,pMS 114,,Main Lab,1,vials,,,-80 Freezer / A Shelf / AG / AG4 / AG4-4 Proteins,-80 Freezer / A Shelf / AG / AG4 / AG4-4 Proteins,Available,,,,,,,,,,,,,,,,,,,,,,,,,2615,-80 Freezer,5105,A Shelf,dyn-rack-1782413261935-529,AG,drawer-1783441005600,AG4,,,dyn-box-1782413261944-809,AG4-4 Proteins,,,NP00001034,pMS 114,8,5,,,,2025-11-12,CamKII gamma B????,,,$,,Default,,,,,
,Glycerol Stocks,,Main Lab,1,vials,,,-80 Freezer / A Shelf / AG / AG5 / AG5-4 Alex Hopkins Glycerol Stocks,-80 Freezer / A Shelf / AG / AG5 / AG5-4 Alex Hopkins Glycerol Stocks,Available,,,,,,,,,,,,,,,,,,,,,,,,,2615,-80 Freezer,5105,A Shelf,dyn-rack-1782413261935-529,AG,drawer-1783441030816,AG5,,,dyn-box-1782413261945-840,AG5-4 Alex Hopkins Glycerol Stocks,,,NP00001035,Glycerol Stocks,1,1,,,,2025-11-12,There are many tubes in this box. They seem to be primarily glycerol stocks,,,$,,Default,,,,,
,ArnB,,Main Lab,1,vials,,,-80 Freezer / A Shelf / AG / AG6 / AG6-1 MS Lee Proteins,-80 Freezer / A Shelf / AG / AG6 / AG6-1 MS Lee Proteins,Available,,,,,,,,,,,,,,,,,,,,,,,,,2615,-80 Freezer,5105,A Shelf,dyn-rack-1782413261935-529,AG,drawer-1783441043078,AG6,,,dyn-box-1782413261945-841,AG6-1 MS Lee Proteins,,,NP00001036,ArnB,1,1,,,,2025-11-12,,,,$,,Default,,,,,
,ArnB,,Main Lab,1,vials,,,-80 Freezer / A Shelf / AG / AG6 / AG6-1 MS Lee Proteins,-80 Freezer / A Shelf / AG / AG6 / AG6-1 MS Lee Proteins,Available,,,,,,,,,,,,,,,,,,,,,,,,,2615,-80 Freezer,5105,A Shelf,dyn-rack-1782413261935-529,AG,drawer-1783441043078,AG6,,,dyn-box-1782413261945-841,AG6-1 MS Lee Proteins,,,NP00001037,ArnB,1,2,,,,2025-11-12,,,,$,,Default,,,,,
,ArnB,,Main Lab,1,vials,,,-80 Freezer / A Shelf / AG / AG6 / AG6-1 MS Lee Proteins,-80 Freezer / A Shelf / AG / AG6 / AG6-1 MS Lee Proteins,Available,,,,,,,,,,,,,,,,,,,,,,,,,2615,-80 Freezer,5105,A Shelf,dyn-rack-1782413261935-529,AG,drawer-1783441043078,AG6,,,dyn-box-1782413261945-841,AG6-1 MS Lee Proteins,,,NP00001038,ArnB,1,3,,,,2025-11-12,,,,$,,Default,,,,,
,ArnB,,Main Lab,1,vials,,,-80 Freezer / A Shelf / AG / AG6 / AG6-1 MS Lee Proteins,-80 Freezer / A Shelf / AG / AG6 / AG6-1 MS Lee Proteins,Available,,,,,,,,,,,,,,,,,,,,,,,,,2615,-80 Freezer,5105,A Shelf,dyn-rack-1782413261935-529,AG,drawer-1783441043078,AG6,,,dyn-box-1782413261945-841,AG6-1 MS Lee Proteins,,,NP00001039,ArnB,1,4,,,,2025-11-12,,,,$,,Default,,,,,
,ArnB K188M,,Main Lab,1,vials,,,-80 Freezer / A Shelf / AG / AG6 / AG6-1 MS Lee Proteins,-80 Freezer / A Shelf / AG / AG6 / AG6-1 MS Lee Proteins,Available,,,,,,,,,,,,,,,,,,,,,,,,,2615,-80 Freezer,5105,A Shelf,dyn-rack-1782413261935-529,AG,drawer-1783441043078,AG6,,,dyn-box-1782413261945-841,AG6-1 MS Lee Proteins,,,NP00001040,ArnB K188M,1,7,,,,2025-11-12,,,,$,,Default,,,,,
,ArnB K188M,,Main Lab,1,vials,,,-80 Freezer / A Shelf / AG / AG6 / AG6-1 MS Lee Proteins,-80 Freezer / A Shelf / AG / AG6 / AG6-1 MS Lee Proteins,Available,,,,,,,,,,,,,,,,,,,,,,,,,2615,-80 Freezer,5105,A Shelf,dyn-rack-1782413261935-529,AG,drawer-1783441043078,AG6,,,dyn-box-1782413261945-841,AG6-1 MS Lee Proteins,,,NP00001041,ArnB K188M,1,8,,,,2025-11-12,,,,$,,Default,,,,,
,ArnB K188M,,Main Lab,1,vials,,,-80 Freezer / A Shelf / AG / AG6 / AG6-1 MS Lee Proteins,-80 Freezer / A Shelf / AG / AG6 / AG6-1 MS Lee Proteins,Available,,,,,,,,,,,,,,,,,,,,,,,,,2615,-80 Freezer,5105,A Shelf,dyn-rack-1782413261935-529,AG,drawer-1783441043078,AG6,,,dyn-box-1782413261945-841,AG6-1 MS Lee Proteins,,,NP00001042,ArnB K188M,1,9,,,,2025-11-12,,,,$,,Default,,,,,
,PmrI (ArnA) T432A Y463A,,Main Lab,1,vials,,,-80 Freezer / A Shelf / AG / AG6 / AG6-1 MS Lee Proteins,-80 Freezer / A Shelf / AG / AG6 / AG6-1 MS Lee Proteins,Available,,,,,,,,,,,,,,,,,,,,,,,,,2615,-80 Freezer,5105,A Shelf,dyn-rack-1782413261935-529,AG,drawer-1783441043078,AG6,,,dyn-box-1782413261945-841,AG6-1 MS Lee Proteins,,,NP00001043,PmrI (ArnA) T432A Y463A,3,7,,,,2025-11-12,,,,$,,Default,,,,,
,PmrI (ArnA) T432A,,Main Lab,1,vials,,,-80 Freezer / A Shelf / AG / AG6 / AG6-1 MS Lee Proteins,-80 Freezer / A Shelf / AG / AG6 / AG6-1 MS Lee Proteins,Available,,,,,,,,,,,,,,,,,,,,,,,,,2615,-80 Freezer,5105,A Shelf,dyn-rack-1782413261935-529,AG,drawer-1783441043078,AG6,,,dyn-box-1782413261945-841,AG6-1 MS Lee Proteins,,,NP00001044,PmrI (ArnA) T432A,4,1,,,,2025-11-12,,,,$,,Default,,,,,
,PmrI (ArnA) T432A,,Main Lab,1,vials,,,-80 Freezer / A Shelf / AG / AG6 / AG6-1 MS Lee Proteins,-80 Freezer / A Shelf / AG / AG6 / AG6-1 MS Lee Proteins,Available,,,,,,,,,,,,,,,,,,,,,,,,,2615,-80 Freezer,5105,A Shelf,dyn-rack-1782413261935-529,AG,drawer-1783441043078,AG6,,,dyn-box-1782413261945-841,AG6-1 MS Lee Proteins,,,NP00001045,PmrI (ArnA) T432A,4,2,,,,2025-11-12,,,,$,,Default,,,,,
,PmrI (ArnA) T432A,,Main Lab,1,vials,,,-80 Freezer / A Shelf / AG / AG6 / AG6-1 MS Lee Proteins,-80 Freezer / A Shelf / AG / AG6 / AG6-1 MS Lee Proteins,Available,,,,,,,,,,,,,,,,,,,,,,,,,2615,-80 Freezer,5105,A Shelf,dyn-rack-1782413261935-529,AG,drawer-1783441043078,AG6,,,dyn-box-1782413261945-841,AG6-1 MS Lee Proteins,,,NP00001046,PmrI (ArnA) T432A,4,3,,,,2025-11-12,,,,$,,Default,,,,,
,PmrI (ArnA) T432A,,Main Lab,1,vials,,,-80 Freezer / A Shelf / AG / AG6 / AG6-1 MS Lee Proteins,-80 Freezer / A Shelf / AG / AG6 / AG6-1 MS Lee Proteins,Available,,,,,,,,,,,,,,,,,,,,,,,,,2615,-80 Freezer,5105,A Shelf,dyn-rack-1782413261935-529,AG,drawer-1783441043078,AG6,,,dyn-box-1782413261945-841,AG6-1 MS Lee Proteins,,,NP00001047,PmrI (ArnA) T432A,4,4,,,,2025-11-12,,,,$,,Default,,,,,
,PmrI (ArnA) T432A,,Main Lab,1,vials,,,-80 Freezer / A Shelf / AG / AG6 / AG6-1 MS Lee Proteins,-80 Freezer / A Shelf / AG / AG6 / AG6-1 MS Lee Proteins,Available,,,,,,,,,,,,,,,,,,,,,,,,,2615,-80 Freezer,5105,A Shelf,dyn-rack-1782413261935-529,AG,drawer-1783441043078,AG6,,,dyn-box-1782413261945-841,AG6-1 MS Lee Proteins,,,NP00001048,PmrI (ArnA) T432A,4,5,,,,2025-11-12,,,,$,,Default,,,,,
,PmrI-P,,Main Lab,1,vials,,,-80 Freezer / A Shelf / AG / AG6 / AG6-1 MS Lee Proteins,-80 Freezer / A Shelf / AG / AG6 / AG6-1 MS Lee Proteins,Available,,,,,,,,,,,,,,,,,,,,,,,,,2615,-80 Freezer,5105,A Shelf,dyn-rack-1782413261935-529,AG,drawer-1783441043078,AG6,,,dyn-box-1782413261945-841,AG6-1 MS Lee Proteins,,,NP00001049,PmrI-P,5,1,,,,2025-11-12,not sure what this is,,,$,,Default,,,,,
,PmrI-P,,Main Lab,1,vials,,,-80 Freezer / A Shelf / AG / AG6 / AG6-1 MS Lee Proteins,-80 Freezer / A Shelf / AG / AG6 / AG6-1 MS Lee Proteins,Available,,,,,,,,,,,,,,,,,,,,,,,,,2615,-80 Freezer,5105,A Shelf,dyn-rack-1782413261935-529,AG,drawer-1783441043078,AG6,,,dyn-box-1782413261945-841,AG6-1 MS Lee Proteins,,,NP00001050,PmrI-P,5,2,,,,2025-11-12,not sure what this is,,,$,,Default,,,,,
,PmrI-P,,Main Lab,1,vials,,,-80 Freezer / A Shelf / AG / AG6 / AG6-1 MS Lee Proteins,-80 Freezer / A Shelf / AG / AG6 / AG6-1 MS Lee Proteins,Available,,,,,,,,,,,,,,,,,,,,,,,,,2615,-80 Freezer,5105,A Shelf,dyn-rack-1782413261935-529,AG,drawer-1783441043078,AG6,,,dyn-box-1782413261945-841,AG6-1 MS Lee Proteins,,,NP00001051,PmrI-P,5,3,,,,2025-11-12,not sure what this is,,,$,,Default,,,,,
,PmrI-P,,Main Lab,1,vials,,,-80 Freezer / A Shelf / AG / AG6 / AG6-1 MS Lee Proteins,-80 Freezer / A Shelf / AG / AG6 / AG6-1 MS Lee Proteins,Available,,,,,,,,,,,,,,,,,,,,,,,,,2615,-80 Freezer,5105,A Shelf,dyn-rack-1782413261935-529,AG,drawer-1783441043078,AG6,,,dyn-box-1782413261945-841,AG6-1 MS Lee Proteins,,,NP00001052,PmrI-P,5,4,,,,2025-11-12,not sure what this is,,,$,,Default,,,,,
,ArnA_DH pMS 159,,Main Lab,1,vials,,,-80 Freezer / A Shelf / AG / AG6 / AG6-1 MS Lee Proteins,-80 Freezer / A Shelf / AG / AG6 / AG6-1 MS Lee Proteins,Available,,,,,,,,,,,,,,,,,,,,,,,,,2615,-80 Freezer,5105,A Shelf,dyn-rack-1782413261935-529,AG,drawer-1783441043078,AG6,,,dyn-box-1782413261945-841,AG6-1 MS Lee Proteins,,,NP00001053,ArnA_DH pMS 159,7,1,,,,2025-11-12,,,,$,,Default,,,,,
,ArnA_DH pMS 159,,Main Lab,1,vials,,,-80 Freezer / A Shelf / AG / AG6 / AG6-1 MS Lee Proteins,-80 Freezer / A Shelf / AG / AG6 / AG6-1 MS Lee Proteins,Available,,,,,,,,,,,,,,,,,,,,,,,,,2615,-80 Freezer,5105,A Shelf,dyn-rack-1782413261935-529,AG,drawer-1783441043078,AG6,,,dyn-box-1782413261945-841,AG6-1 MS Lee Proteins,,,NP00001054,ArnA_DH pMS 159,7,2,,,,2025-11-12,,,,$,,Default,,,,,
,ArnA_DH R619K,,Main Lab,1,vials,,,-80 Freezer / A Shelf / AG / AG6 / AG6-1 MS Lee Proteins,-80 Freezer / A Shelf / AG / AG6 / AG6-1 MS Lee Proteins,Available,,,,,,,,,,,,,,,,,,,,,,,,,2615,-80 Freezer,5105,A Shelf,dyn-rack-1782413261935-529,AG,drawer-1783441043078,AG6,,,dyn-box-1782413261945-841,AG6-1 MS Lee Proteins,,,NP00001055,ArnA_DH R619K,7,4,,,,2025-11-12,,,,$,,Default,,,,,
,PmrH,,Main Lab,1,vials,,,-80 Freezer / A Shelf / AG / AG6 / AG6-1 MS Lee Proteins,-80 Freezer / A Shelf / AG / AG6 / AG6-1 MS Lee Proteins,Available,,,,,,,,,,,,,,,,,,,,,,,,,2615,-80 Freezer,5105,A Shelf,dyn-rack-1782413261935-529,AG,drawer-1783441043078,AG6,,,dyn-box-1782413261945-841,AG6-1 MS Lee Proteins,,,NP00001056,PmrH,8,1,,,,2025-11-12,,,,$,,Default,,,,,
,PmrH,,Main Lab,1,vials,,,-80 Freezer / A Shelf / AG / AG6 / AG6-1 MS Lee Proteins,-80 Freezer / A Shelf / AG / AG6 / AG6-1 MS Lee Proteins,Available,,,,,,,,,,,,,,,,,,,,,,,,,2615,-80 Freezer,5105,A Shelf,dyn-rack-1782413261935-529,AG,drawer-1783441043078,AG6,,,dyn-box-1782413261945-841,AG6-1 MS Lee Proteins,,,NP00001057,PmrH,8,2,,,,2025-11-12,,,,$,,Default,,,,,
,ArnD truncation,,Main Lab,1,vials,,,-80 Freezer / A Shelf / AB / AB6 / AB6-1 ArnD Mutants,-80 Freezer / A Shelf / AB / AB6 / AB6-1 ArnD Mutants,Available,,,,,,,,,,,,,,,,,,,,,,,,,2615,-80 Freezer,5105,A Shelf,dyn-rack-1782413261932-440,AB,drawer-1786392471805-6,AB6,,,dyn-box-1782413261946-863,AB6-1 ArnD Mutants,,,NP00001058,ArnD truncation,1,1,,,,2026-02-13,,,,$,,Default,,,,,
,BamA Δ 1-3 (impure),,Main Lab,1,vials,,,-80 Freezer / A Shelf / AC / AC1 / AC6-1 Damian Box 1,-80 Freezer / A Shelf / AC / AC1 / AC6-1 Damian Box 1,Available,,,,,,,,,,,,,,,,,,,,,,,,,2615,-80 Freezer,5105,A Shelf,dyn-rack-1782413261946-864,AC,drawer-1786392716337-1,AC1,,,dyn-box-1782413261946-864,AC6-1 Damian Box 1,,,NP00001059,BamA Δ 1-3 (impure),1,1,,,,2026-03-12,,,,$,,Default,,,,,
,WT Bam,,Main Lab,1,vials,,,-80 Freezer / A Shelf / AC / AC1 / AC6-1 Damian Box 1,-80 Freezer / A Shelf / AC / AC1 / AC6-1 Damian Box 1,Available,,,,,,,,,,,,,,,,,,,,,,,,,2615,-80 Freezer,5105,A Shelf,dyn-rack-1782413261946-864,AC,drawer-1786392716337-1,AC1,,,dyn-box-1782413261946-864,AC6-1 Damian Box 1,,,NP00001060,WT Bam,3,1,34.9 µM,~500 µL,,2026-03-12,,,,$,,Default,,,,,
,nmEptA,,Main Lab,1,vials,,,-80 Freezer / A Shelf / AC / AC1 / AC6-2 Damian Box 2,-80 Freezer / A Shelf / AC / AC1 / AC6-2 Damian Box 2,Available,,,,,,,,,,,,,,,,,,,,,,,,,2615,-80 Freezer,5105,A Shelf,dyn-rack-1782413261946-864,AC,drawer-1786392716337-1,AC1,,,dyn-box-1782413261946-866,AC6-2 Damian Box 2,,,NP00001090,nmEptA,,,36.2 µM,30 µL,,2026-05-19,nmEptA WITHOUT MonoQ purification step,,,$,,Default,,,,,
,nmEptA,,Main Lab,1,vials,,,-80 Freezer / A Shelf / AC / AC1 / AC6-2 Damian Box 2,-80 Freezer / A Shelf / AC / AC1 / AC6-2 Damian Box 2,Available,,,,,,,,,,,,,,,,,,,,,,,,,2615,-80 Freezer,5105,A Shelf,dyn-rack-1782413261946-864,AC,drawer-1786392716337-1,AC1,,,dyn-box-1782413261946-866,AC6-2 Damian Box 2,,,NP00001091,nmEptA,,,36.2 µM,30 µL,,2026-05-19,nmEptA WITHOUT MonoQ purification step,,,$,,Default,,,,,
,nmEptA,,Main Lab,1,vials,,,-80 Freezer / A Shelf / AC / AC1 / AC6-2 Damian Box 2,-80 Freezer / A Shelf / AC / AC1 / AC6-2 Damian Box 2,Available,,,,,,,,,,,,,,,,,,,,,,,,,2615,-80 Freezer,5105,A Shelf,dyn-rack-1782413261946-864,AC,drawer-1786392716337-1,AC1,,,dyn-box-1782413261946-866,AC6-2 Damian Box 2,,,NP00001092,nmEptA,,,36.2 µM,30 µL,,2026-05-19,nmEptA WITHOUT MonoQ purification step,,,$,,Default,,,,,
,nmEptA,,Main Lab,1,vials,,,-80 Freezer / A Shelf / AC / AC1 / AC6-2 Damian Box 2,-80 Freezer / A Shelf / AC / AC1 / AC6-2 Damian Box 2,Available,,,,,,,,,,,,,,,,,,,,,,,,,2615,-80 Freezer,5105,A Shelf,dyn-rack-1782413261946-864,AC,drawer-1786392716337-1,AC1,,,dyn-box-1782413261946-866,AC6-2 Damian Box 2,,,NP00001093,nmEptA,,,36.2 µM,30 µL,,2026-05-19,nmEptA WITHOUT MonoQ purification step,,,$,,Default,,,,,
,nmEptA,,Main Lab,1,vials,,,-80 Freezer / A Shelf / AC / AC1 / AC6-2 Damian Box 2,-80 Freezer / A Shelf / AC / AC1 / AC6-2 Damian Box 2,Available,,,,,,,,,,,,,,,,,,,,,,,,,2615,-80 Freezer,5105,A Shelf,dyn-rack-1782413261946-864,AC,drawer-1786392716337-1,AC1,,,dyn-box-1782413261946-866,AC6-2 Damian Box 2,,,NP00001094,nmEptA,,,36.2 µM,30 µL,,2026-05-19,nmEptA WITHOUT MonoQ purification step,,,$,,Default,,,,,
,nmEptA,,Main Lab,1,vials,,,-80 Freezer / A Shelf / AC / AC1 / AC6-2 Damian Box 2,-80 Freezer / A Shelf / AC / AC1 / AC6-2 Damian Box 2,Available,,,,,,,,,,,,,,,,,,,,,,,,,2615,-80 Freezer,5105,A Shelf,dyn-rack-1782413261946-864,AC,drawer-1786392716337-1,AC1,,,dyn-box-1782413261946-866,AC6-2 Damian Box 2,,,NP00001095,nmEptA,,,36.2 µM,30 µL,,2026-05-19,nmEptA WITHOUT MonoQ purification step,,,$,,Default,,,,,
,nmEptA,,Main Lab,1,vials,,,-80 Freezer / A Shelf / AC / AC1 / AC6-2 Damian Box 2,-80 Freezer / A Shelf / AC / AC1 / AC6-2 Damian Box 2,Available,,,,,,,,,,,,,,,,,,,,,,,,,2615,-80 Freezer,5105,A Shelf,dyn-rack-1782413261946-864,AC,drawer-1786392716337-1,AC1,,,dyn-box-1782413261946-866,AC6-2 Damian Box 2,,,NP00001096,nmEptA,,,36.2 µM,30 µL,,2026-05-19,nmEptA WITHOUT MonoQ purification step,,,$,,Default,,,,,
,nmEptA,,Main Lab,1,vials,,,-80 Freezer / A Shelf / AC / AC1 / AC6-2 Damian Box 2,-80 Freezer / A Shelf / AC / AC1 / AC6-2 Damian Box 2,Available,,,,,,,,,,,,,,,,,,,,,,,,,2615,-80 Freezer,5105,A Shelf,dyn-rack-1782413261946-864,AC,drawer-1786392716337-1,AC1,,,dyn-box-1782413261946-866,AC6-2 Damian Box 2,,,NP00001097,nmEptA,,,36.2 µM,30 µL,,2026-05-19,"nmEptA WITHOUT MonoQ purification step
Red dot on lid",,,$,,Default,,,,,
,nmEptA,,Main Lab,1,vials,,,-80 Freezer / A Shelf / AC / AC1 / AC6-2 Damian Box 2,-80 Freezer / A Shelf / AC / AC1 / AC6-2 Damian Box 2,Available,,,,,,,,,,,,,,,,,,,,,,,,,2615,-80 Freezer,5105,A Shelf,dyn-rack-1782413261946-864,AC,drawer-1786392716337-1,AC1,,,dyn-box-1782413261946-866,AC6-2 Damian Box 2,,,NP00001098,nmEptA,,,36.2 µM,30 µL,,2026-05-19,"nmEptA WITHOUT MonoQ purification step
Red dot on lid",,,$,,Default,,,,,
,nmEptA,,Main Lab,1,vials,,,-80 Freezer / A Shelf / AC / AC1 / AC6-2 Damian Box 2,-80 Freezer / A Shelf / AC / AC1 / AC6-2 Damian Box 2,Available,,,,,,,,,,,,,,,,,,,,,,,,,2615,-80 Freezer,5105,A Shelf,dyn-rack-1782413261946-864,AC,drawer-1786392716337-1,AC1,,,dyn-box-1782413261946-866,AC6-2 Damian Box 2,,,NP00001099,nmEptA,,,36.2 µM,30 µL,,2026-05-19,"nmEptA WITHOUT MonoQ purification step
Red dot on lid",,,$,,Default,,,,,
,nmEptA,,Main Lab,1,vials,,,-80 Freezer / A Shelf / AC / AC1 / AC6-2 Damian Box 2,-80 Freezer / A Shelf / AC / AC1 / AC6-2 Damian Box 2,Available,,,,,,,,,,,,,,,,,,,,,,,,,2615,-80 Freezer,5105,A Shelf,dyn-rack-1782413261946-864,AC,drawer-1786392716337-1,AC1,,,dyn-box-1782413261946-866,AC6-2 Damian Box 2,,,NP00001100,nmEptA,,,36.2 µM,30 µL,,2026-05-19,"nmEptA WITHOUT MonoQ purification step
Red dot on lid",,,$,,Default,,,,,
,nmEptA,,Main Lab,1,vials,,,-80 Freezer / A Shelf / AC / AC1 / AC6-2 Damian Box 2,-80 Freezer / A Shelf / AC / AC1 / AC6-2 Damian Box 2,Available,,,,,,,,,,,,,,,,,,,,,,,,,2615,-80 Freezer,5105,A Shelf,dyn-rack-1782413261946-864,AC,drawer-1786392716337-1,AC1,,,dyn-box-1782413261946-866,AC6-2 Damian Box 2,,,NP00001101,nmEptA,,,36.2 µM,30 µL,,2026-05-19,"nmEptA WITHOUT MonoQ purification step
Red dot on lid",,,$,,Default,,,,,
,nmEptA,,Main Lab,1,vials,,,-80 Freezer / A Shelf / AC / AC1 / AC6-2 Damian Box 2,-80 Freezer / A Shelf / AC / AC1 / AC6-2 Damian Box 2,Available,,,,,,,,,,,,,,,,,,,,,,,,,2615,-80 Freezer,5105,A Shelf,dyn-rack-1782413261946-864,AC,drawer-1786392716337-1,AC1,,,dyn-box-1782413261946-866,AC6-2 Damian Box 2,,,NP00001102,nmEptA,,,36.2 µM,30 µL,,2026-05-19,"nmEptA WITHOUT MonoQ purification step
Red dot on lid",,,$,,Default,,,,,
,nmEptA,,Main Lab,1,vials,,,-80 Freezer / A Shelf / AC / AC1 / AC6-2 Damian Box 2,-80 Freezer / A Shelf / AC / AC1 / AC6-2 Damian Box 2,Available,,,,,,,,,,,,,,,,,,,,,,,,,2615,-80 Freezer,5105,A Shelf,dyn-rack-1782413261946-864,AC,drawer-1786392716337-1,AC1,,,dyn-box-1782413261946-866,AC6-2 Damian Box 2,,,NP00001103,nmEptA,,,36.2 µM,30 µL,,2026-05-19,"nmEptA WITHOUT MonoQ purification step
Red dot on lid",,,$,,Default,,,,,
,nmEptA,,Main Lab,1,vials,,,-80 Freezer / A Shelf / AC / AC1 / AC6-2 Damian Box 2,-80 Freezer / A Shelf / AC / AC1 / AC6-2 Damian Box 2,Available,,,,,,,,,,,,,,,,,,,,,,,,,2615,-80 Freezer,5105,A Shelf,dyn-rack-1782413261946-864,AC,drawer-1786392716337-1,AC1,,,dyn-box-1782413261946-866,AC6-2 Damian Box 2,,,NP00001104,nmEptA,,,36.2 µM,30 µL,,2026-05-19,"nmEptA WITHOUT MonoQ purification step
Red dot on lid",,,$,,Default,,,,,
,nmEptA,,Main Lab,1,vials,,,-80 Freezer / A Shelf / AC / AC1 / AC6-2 Damian Box 2,-80 Freezer / A Shelf / AC / AC1 / AC6-2 Damian Box 2,Available,,,,,,,,,,,,,,,,,,,,,,,,,2615,-80 Freezer,5105,A Shelf,dyn-rack-1782413261946-864,AC,drawer-1786392716337-1,AC1,,,dyn-box-1782413261946-866,AC6-2 Damian Box 2,,,NP00001105,nmEptA,,,36.2 µM,30 µL,,2026-05-19,"nmEptA WITHOUT MonoQ purification step
Red dot on lid",,,$,,Default,,,,,
,nmEptA,,Main Lab,1,vials,,,-80 Freezer / A Shelf / AC / AC1 / AC6-2 Damian Box 2,-80 Freezer / A Shelf / AC / AC1 / AC6-2 Damian Box 2,Available,,,,,,,,,,,,,,,,,,,,,,,,,2615,-80 Freezer,5105,A Shelf,dyn-rack-1782413261946-864,AC,drawer-1786392716337-1,AC1,,,dyn-box-1782413261946-866,AC6-2 Damian Box 2,,,NP00001106,nmEptA,,,36.2 µM,30 µL,,2026-05-19,"nmEptA WITHOUT MonoQ purification step
Red dot on lid",,,$,,Default,,,,,
,nmEptA,,Main Lab,1,vials,,,-80 Freezer / A Shelf / AC / AC1 / AC6-2 Damian Box 2,-80 Freezer / A Shelf / AC / AC1 / AC6-2 Damian Box 2,Available,,,,,,,,,,,,,,,,,,,,,,,,,2615,-80 Freezer,5105,A Shelf,dyn-rack-1782413261946-864,AC,drawer-1786392716337-1,AC1,,,dyn-box-1782413261946-866,AC6-2 Damian Box 2,,,NP00001107,nmEptA,,,36.2 µM,30 µL,,2026-05-19,"nmEptA WITHOUT MonoQ purification step
Red dot on lid",,,$,,Default,,,,,
,nmEptA,,Main Lab,1,vials,,,-80 Freezer / A Shelf / AC / AC1 / AC6-2 Damian Box 2,-80 Freezer / A Shelf / AC / AC1 / AC6-2 Damian Box 2,Available,,,,,,,,,,,,,,,,,,,,,,,,,2615,-80 Freezer,5105,A Shelf,dyn-rack-1782413261946-864,AC,drawer-1786392716337-1,AC1,,,dyn-box-1782413261946-866,AC6-2 Damian Box 2,,,NP00001108,nmEptA,,,36.2 µM,30 µL,,2026-05-19,"nmEptA WITHOUT MonoQ purification step
Red dot on lid",,,$,,Default,,,,,
,nmEptA,,Main Lab,1,vials,,,-80 Freezer / A Shelf / AC / AC1 / AC6-2 Damian Box 2,-80 Freezer / A Shelf / AC / AC1 / AC6-2 Damian Box 2,Available,,,,,,,,,,,,,,,,,,,,,,,,,2615,-80 Freezer,5105,A Shelf,dyn-rack-1782413261946-864,AC,drawer-1786392716337-1,AC1,,,dyn-box-1782413261946-866,AC6-2 Damian Box 2,,,NP00001109,nmEptA,,,36.2 µM,30 µL,,2026-05-19,"nmEptA WITHOUT MonoQ purification step
Red dot on lid",,,$,,Default,,,,,
,nmEptA,,Main Lab,1,vials,,,-80 Freezer / A Shelf / AC / AC1 / AC6-2 Damian Box 2,-80 Freezer / A Shelf / AC / AC1 / AC6-2 Damian Box 2,Available,,,,,,,,,,,,,,,,,,,,,,,,,2615,-80 Freezer,5105,A Shelf,dyn-rack-1782413261946-864,AC,drawer-1786392716337-1,AC1,,,dyn-box-1782413261946-866,AC6-2 Damian Box 2,,,NP00001110,nmEptA,,,36.2 µM,30 µL,,2026-05-19,"nmEptA WITHOUT MonoQ purification step
Red dot on lid",,,$,,Default,,,,,
,nmEptA,,Main Lab,1,vials,,,-80 Freezer / A Shelf / AC / AC1 / AC6-2 Damian Box 2,-80 Freezer / A Shelf / AC / AC1 / AC6-2 Damian Box 2,Available,,,,,,,,,,,,,,,,,,,,,,,,,2615,-80 Freezer,5105,A Shelf,dyn-rack-1782413261946-864,AC,drawer-1786392716337-1,AC1,,,dyn-box-1782413261946-866,AC6-2 Damian Box 2,,,NP00001111,nmEptA,,,36.2 µM,30 µL,,2026-05-19,"nmEptA WITHOUT MonoQ purification step
Red dot on lid",,,$,,Default,,,,,
,nmEptA,,Main Lab,1,vials,,,-80 Freezer / A Shelf / AC / AC1 / AC6-2 Damian Box 2,-80 Freezer / A Shelf / AC / AC1 / AC6-2 Damian Box 2,Available,,,,,,,,,,,,,,,,,,,,,,,,,2615,-80 Freezer,5105,A Shelf,dyn-rack-1782413261946-864,AC,drawer-1786392716337-1,AC1,,,dyn-box-1782413261946-866,AC6-2 Damian Box 2,,,NP00001112,nmEptA,,,36.2 µM,30 µL,,2026-05-19,"nmEptA WITHOUT MonoQ purification step
Red dot on lid",,,$,,Default,,,,,
,nmEptA,,Main Lab,1,vials,,,-80 Freezer / A Shelf / AC / AC1 / AC6-2 Damian Box 2,-80 Freezer / A Shelf / AC / AC1 / AC6-2 Damian Box 2,Available,,,,,,,,,,,,,,,,,,,,,,,,,2615,-80 Freezer,5105,A Shelf,dyn-rack-1782413261946-864,AC,drawer-1786392716337-1,AC1,,,dyn-box-1782413261946-866,AC6-2 Damian Box 2,,,NP00001113,nmEptA,,,36.2 µM,30 µL,,2026-05-19,"nmEptA WITHOUT MonoQ purification step
Red dot on lid",,,$,,Default,,,,,
,nmEptA,,Main Lab,1,vials,,,-80 Freezer / A Shelf / AC / AC1 / AC6-2 Damian Box 2,-80 Freezer / A Shelf / AC / AC1 / AC6-2 Damian Box 2,Available,,,,,,,,,,,,,,,,,,,,,,,,,2615,-80 Freezer,5105,A Shelf,dyn-rack-1782413261946-864,AC,drawer-1786392716337-1,AC1,,,dyn-box-1782413261946-866,AC6-2 Damian Box 2,,,NP00001114,nmEptA,,,36.2 µM,30 µL,,2026-05-19,"nmEptA WITHOUT MonoQ purification step
Red dot on lid",,,$,,Default,,,,,
,nmEptA,,Main Lab,1,vials,,,-80 Freezer / A Shelf / AC / AC1 / AC6-2 Damian Box 2,-80 Freezer / A Shelf / AC / AC1 / AC6-2 Damian Box 2,Available,,,,,,,,,,,,,,,,,,,,,,,,,2615,-80 Freezer,5105,A Shelf,dyn-rack-1782413261946-864,AC,drawer-1786392716337-1,AC1,,,dyn-box-1782413261946-866,AC6-2 Damian Box 2,,,NP00001115,nmEptA,,,36.2 µM,30 µL,,2026-05-19,"nmEptA WITHOUT MonoQ purification step
Red dot on lid",,,$,,Default,,,,,
,nmEptA,,Main Lab,1,vials,,,-80 Freezer / A Shelf / AC / AC1 / AC6-2 Damian Box 2,-80 Freezer / A Shelf / AC / AC1 / AC6-2 Damian Box 2,Available,,,,,,,,,,,,,,,,,,,,,,,,,2615,-80 Freezer,5105,A Shelf,dyn-rack-1782413261946-864,AC,drawer-1786392716337-1,AC1,,,dyn-box-1782413261946-866,AC6-2 Damian Box 2,,,NP00001116,nmEptA,,,36.2 µM,30 µL,,2026-05-19,"nmEptA WITHOUT MonoQ purification step
Red dot on lid",,,$,,Default,,,,,
,nmEptA,,Main Lab,1,vials,,,-80 Freezer / A Shelf / AC / AC1 / AC6-2 Damian Box 2,-80 Freezer / A Shelf / AC / AC1 / AC6-2 Damian Box 2,Available,,,,,,,,,,,,,,,,,,,,,,,,,2615,-80 Freezer,5105,A Shelf,dyn-rack-1782413261946-864,AC,drawer-1786392716337-1,AC1,,,dyn-box-1782413261946-866,AC6-2 Damian Box 2,,,NP00001117,nmEptA,,,36.2 µM,30 µL,,2026-05-19,"nmEptA WITHOUT MonoQ purification step
Red dot on lid",,,$,,Default,,,,,
,nmEptA,,Main Lab,1,vials,,,-80 Freezer / A Shelf / AC / AC1 / AC6-2 Damian Box 2,-80 Freezer / A Shelf / AC / AC1 / AC6-2 Damian Box 2,Available,,,,,,,,,,,,,,,,,,,,,,,,,2615,-80 Freezer,5105,A Shelf,dyn-rack-1782413261946-864,AC,drawer-1786392716337-1,AC1,,,dyn-box-1782413261946-866,AC6-2 Damian Box 2,,,NP00001118,nmEptA,,,36.2 µM,30 µL,,2026-05-19,"nmEptA WITHOUT MonoQ purification step
Red dot on lid",,,$,,Default,,,,,
,nmEptA,,Main Lab,1,vials,,,-80 Freezer / A Shelf / AC / AC1 / AC6-2 Damian Box 2,-80 Freezer / A Shelf / AC / AC1 / AC6-2 Damian Box 2,Available,,,,,,,,,,,,,,,,,,,,,,,,,2615,-80 Freezer,5105,A Shelf,dyn-rack-1782413261946-864,AC,drawer-1786392716337-1,AC1,,,dyn-box-1782413261946-866,AC6-2 Damian Box 2,,,NP00001119,nmEptA,,,36.2 µM,30 µL,,2026-05-19,"nmEptA WITHOUT MonoQ purification step
Red dot on lid",,,$,,Default,,,,,
,nmEptA,,Main Lab,1,vials,,,-80 Freezer / A Shelf / AC / AC1 / AC6-2 Damian Box 2,-80 Freezer / A Shelf / AC / AC1 / AC6-2 Damian Box 2,Available,,,,,,,,,,,,,,,,,,,,,,,,,2615,-80 Freezer,5105,A Shelf,dyn-rack-1782413261946-864,AC,drawer-1786392716337-1,AC1,,,dyn-box-1782413261946-866,AC6-2 Damian Box 2,,,NP00001120,nmEptA,,,36.2 µM,30 µL,,2026-05-19,"nmEptA WITHOUT MonoQ purification step
Red dot on lid",,,$,,Default,,,,,
,nmEptA,,Main Lab,1,vials,,,-80 Freezer / A Shelf / AC / AC1 / AC6-2 Damian Box 2,-80 Freezer / A Shelf / AC / AC1 / AC6-2 Damian Box 2,Available,,,,,,,,,,,,,,,,,,,,,,,,,2615,-80 Freezer,5105,A Shelf,dyn-rack-1782413261946-864,AC,drawer-1786392716337-1,AC1,,,dyn-box-1782413261946-866,AC6-2 Damian Box 2,,,NP00001121,nmEptA,,,36.2 µM,30 µL,,2026-05-19,"nmEptA WITHOUT MonoQ purification step
Red dot on lid",,,$,,Default,,,,,
,nmEptA,,Main Lab,1,vials,,,-80 Freezer / A Shelf / AC / AC1 / AC6-2 Damian Box 2,-80 Freezer / A Shelf / AC / AC1 / AC6-2 Damian Box 2,Available,,,,,,,,,,,,,,,,,,,,,,,,,2615,-80 Freezer,5105,A Shelf,dyn-rack-1782413261946-864,AC,drawer-1786392716337-1,AC1,,,dyn-box-1782413261946-866,AC6-2 Damian Box 2,,,NP00001122,nmEptA,,,36.2 µM,30 µL,,2026-05-19,"nmEptA WITHOUT MonoQ purification step
Red dot on lid",,,$,,Default,,,,,
,nmEptA,,Main Lab,1,vials,,,-80 Freezer / A Shelf / AC / AC1 / AC6-2 Damian Box 2,-80 Freezer / A Shelf / AC / AC1 / AC6-2 Damian Box 2,Available,,,,,,,,,,,,,,,,,,,,,,,,,2615,-80 Freezer,5105,A Shelf,dyn-rack-1782413261946-864,AC,drawer-1786392716337-1,AC1,,,dyn-box-1782413261946-866,AC6-2 Damian Box 2,,,NP00001123,nmEptA,,,36.2 µM,30 µL,,2026-05-19,"nmEptA WITHOUT MonoQ purification step
Red dot on lid",,,$,,Default,,,,,
,nmEptA,,Main Lab,1,vials,,,-80 Freezer / A Shelf / AC / AC1 / AC6-2 Damian Box 2,-80 Freezer / A Shelf / AC / AC1 / AC6-2 Damian Box 2,Available,,,,,,,,,,,,,,,,,,,,,,,,,2615,-80 Freezer,5105,A Shelf,dyn-rack-1782413261946-864,AC,drawer-1786392716337-1,AC1,,,dyn-box-1782413261946-866,AC6-2 Damian Box 2,,,NP00001124,nmEptA,,,36.2 µM,30 µL,,2026-05-19,"nmEptA WITHOUT MonoQ purification step
Red dot on lid",,,$,,Default,,,,,
,nmEptA,,Main Lab,1,vials,,,-80 Freezer / A Shelf / AC / AC1 / AC6-2 Damian Box 2,-80 Freezer / A Shelf / AC / AC1 / AC6-2 Damian Box 2,Available,,,,,,,,,,,,,,,,,,,,,,,,,2615,-80 Freezer,5105,A Shelf,dyn-rack-1782413261946-864,AC,drawer-1786392716337-1,AC1,,,dyn-box-1782413261946-866,AC6-2 Damian Box 2,,,NP00001125,nmEptA,,,36.2 µM,30 µL,,2026-05-19,"nmEptA WITHOUT MonoQ purification step
Red dot on lid",,,$,,Default,,,,,
,nmEptA,,Main Lab,1,vials,,,-80 Freezer / A Shelf / AC / AC1 / AC6-2 Damian Box 2,-80 Freezer / A Shelf / AC / AC1 / AC6-2 Damian Box 2,Available,,,,,,,,,,,,,,,,,,,,,,,,,2615,-80 Freezer,5105,A Shelf,dyn-rack-1782413261946-864,AC,drawer-1786392716337-1,AC1,,,dyn-box-1782413261946-866,AC6-2 Damian Box 2,,,NP00001126,nmEptA,,,23.4 µM,30 µL,,2026-05-18,"nmEptA WITH MonoQ purification step
Green dot on lid",,,$,,Default,,,,,
,nmEptA,,Main Lab,1,vials,,,-80 Freezer / A Shelf / AC / AC1 / AC6-2 Damian Box 2,-80 Freezer / A Shelf / AC / AC1 / AC6-2 Damian Box 2,Available,,,,,,,,,,,,,,,,,,,,,,,,,2615,-80 Freezer,5105,A Shelf,dyn-rack-1782413261946-864,AC,drawer-1786392716337-1,AC1,,,dyn-box-1782413261946-866,AC6-2 Damian Box 2,,,NP00001127,nmEptA,,,23.4 µM,30 µL,,2026-05-18,"nmEptA WITH MonoQ purification step
Green dot on lid",,,$,,Default,,,,,
,nmEptA,,Main Lab,1,vials,,,-80 Freezer / A Shelf / AC / AC1 / AC6-2 Damian Box 2,-80 Freezer / A Shelf / AC / AC1 / AC6-2 Damian Box 2,Available,,,,,,,,,,,,,,,,,,,,,,,,,2615,-80 Freezer,5105,A Shelf,dyn-rack-1782413261946-864,AC,drawer-1786392716337-1,AC1,,,dyn-box-1782413261946-866,AC6-2 Damian Box 2,,,NP00001130,nmEptA,7,1,23.4 µM,30 µL,,2026-05-18,"nmEptA WITH MonoQ purification step
Green dot on lid",,,$,,Default,,,,,
,nmEptA,,Main Lab,1,vials,,,-80 Freezer / A Shelf / AC / AC1 / AC6-2 Damian Box 2,-80 Freezer / A Shelf / AC / AC1 / AC6-2 Damian Box 2,Available,,,,,,,,,,,,,,,,,,,,,,,,,2615,-80 Freezer,5105,A Shelf,dyn-rack-1782413261946-864,AC,drawer-1786392716337-1,AC1,,,dyn-box-1782413261946-866,AC6-2 Damian Box 2,,,NP00001131,nmEptA,7,2,23.4 µM,30 µL,,2026-05-18,"nmEptA WITH MonoQ purification step
Green dot on lid",,,$,,Default,,,,,
,nmEptA,,Main Lab,1,vials,,,-80 Freezer / A Shelf / AC / AC1 / AC6-2 Damian Box 2,-80 Freezer / A Shelf / AC / AC1 / AC6-2 Damian Box 2,Available,,,,,,,,,,,,,,,,,,,,,,,,,2615,-80 Freezer,5105,A Shelf,dyn-rack-1782413261946-864,AC,drawer-1786392716337-1,AC1,,,dyn-box-1782413261946-866,AC6-2 Damian Box 2,,,NP00001132,nmEptA,,,23.4 µM,30 µL,,2026-05-18,"nmEptA WITH MonoQ purification step
Green dot on lid",,,$,,Default,,,,,
,nmEptA,,Main Lab,1,vials,,,-80 Freezer / A Shelf / AC / AC1 / AC6-2 Damian Box 2,-80 Freezer / A Shelf / AC / AC1 / AC6-2 Damian Box 2,Available,,,,,,,,,,,,,,,,,,,,,,,,,2615,-80 Freezer,5105,A Shelf,dyn-rack-1782413261946-864,AC,drawer-1786392716337-1,AC1,,,dyn-box-1782413261946-866,AC6-2 Damian Box 2,,,NP00001133,nmEptA,,,23.4 µM,30 µL,,2026-05-18,"nmEptA WITH MonoQ purification step
Green dot on lid",,,$,,Default,,,,,
,nmEptA,,Main Lab,1,vials,,,-80 Freezer / A Shelf / AC / AC1 / AC6-2 Damian Box 2,-80 Freezer / A Shelf / AC / AC1 / AC6-2 Damian Box 2,Available,,,,,,,,,,,,,,,,,,,,,,,,,2615,-80 Freezer,5105,A Shelf,dyn-rack-1782413261946-864,AC,drawer-1786392716337-1,AC1,,,dyn-box-1782413261946-866,AC6-2 Damian Box 2,,,NP00001134,nmEptA,,,23.4 µM,30 µL,,2026-05-18,"nmEptA WITH MonoQ purification step
Green dot on lid",,,$,,Default,,,,,
,nmEptA,,Main Lab,1,vials,,,-80 Freezer / A Shelf / AC / AC1 / AC6-2 Damian Box 2,-80 Freezer / A Shelf / AC / AC1 / AC6-2 Damian Box 2,Available,,,,,,,,,,,,,,,,,,,,,,,,,2615,-80 Freezer,5105,A Shelf,dyn-rack-1782413261946-864,AC,drawer-1786392716337-1,AC1,,,dyn-box-1782413261946-866,AC6-2 Damian Box 2,,,NP00001135,nmEptA,,,23.4 µM,30 µL,,2026-05-18,"nmEptA WITH MonoQ purification step
Green dot on lid",,,$,,Default,,,,,
,nmEptA,,Main Lab,1,vials,,,-80 Freezer / A Shelf / AC / AC1 / AC6-2 Damian Box 2,-80 Freezer / A Shelf / AC / AC1 / AC6-2 Damian Box 2,Available,,,,,,,,,,,,,,,,,,,,,,,,,2615,-80 Freezer,5105,A Shelf,dyn-rack-1782413261946-864,AC,drawer-1786392716337-1,AC1,,,dyn-box-1782413261946-866,AC6-2 Damian Box 2,,,NP00001136,nmEptA,,,23.4 µM,30 µL,,2026-05-18,"nmEptA WITH MonoQ purification step
Green dot on lid",,,$,,Default,,,,,
,nmEptA,,Main Lab,1,vials,,,-80 Freezer / A Shelf / AC / AC1 / AC6-2 Damian Box 2,-80 Freezer / A Shelf / AC / AC1 / AC6-2 Damian Box 2,Available,,,,,,,,,,,,,,,,,,,,,,,,,2615,-80 Freezer,5105,A Shelf,dyn-rack-1782413261946-864,AC,drawer-1786392716337-1,AC1,,,dyn-box-1782413261946-866,AC6-2 Damian Box 2,,,NP00001137,nmEptA,,,23.4 µM,30 µL,,2026-05-18,"nmEptA WITH MonoQ purification step
Green dot on lid",,,$,,Default,,,,,
,nmEptA,,Main Lab,1,vials,,,-80 Freezer / A Shelf / AC / AC1 / AC6-2 Damian Box 2,-80 Freezer / A Shelf / AC / AC1 / AC6-2 Damian Box 2,Available,,,,,,,,,,,,,,,,,,,,,,,,,2615,-80 Freezer,5105,A Shelf,dyn-rack-1782413261946-864,AC,drawer-1786392716337-1,AC1,,,dyn-box-1782413261946-866,AC6-2 Damian Box 2,,,NP00001138,nmEptA,8,1,23.4 µM,30 µL,,2026-05-18,"nmEptA WITH MonoQ purification step
Green dot on lid",,,$,,Default,,,,,
,nmEptA,,Main Lab,1,vials,,,-80 Freezer / A Shelf / AC / AC1 / AC6-2 Damian Box 2,-80 Freezer / A Shelf / AC / AC1 / AC6-2 Damian Box 2,Available,,,,,,,,,,,,,,,,,,,,,,,,,2615,-80 Freezer,5105,A Shelf,dyn-rack-1782413261946-864,AC,drawer-1786392716337-1,AC1,,,dyn-box-1782413261946-866,AC6-2 Damian Box 2,,,NP00001139,nmEptA,8,2,23.4 µM,30 µL,,2026-05-18,"nmEptA WITH MonoQ purification step
Green dot on lid",,,$,,Default,,,,,
,nmEptA,,Main Lab,1,vials,,,-80 Freezer / A Shelf / AC / AC1 / AC6-2 Damian Box 2,-80 Freezer / A Shelf / AC / AC1 / AC6-2 Damian Box 2,Available,,,,,,,,,,,,,,,,,,,,,,,,,2615,-80 Freezer,5105,A Shelf,dyn-rack-1782413261946-864,AC,drawer-1786392716337-1,AC1,,,dyn-box-1782413261946-866,AC6-2 Damian Box 2,,,NP00001140,nmEptA,8,3,23.4 µM,30 µL,,2026-05-18,"nmEptA WITH MonoQ purification step
Green dot on lid",,,$,,Default,,,,,
,nmEptA,,Main Lab,1,vials,,,-80 Freezer / A Shelf / AC / AC1 / AC6-2 Damian Box 2,-80 Freezer / A Shelf / AC / AC1 / AC6-2 Damian Box 2,Available,,,,,,,,,,,,,,,,,,,,,,,,,2615,-80 Freezer,5105,A Shelf,dyn-rack-1782413261946-864,AC,drawer-1786392716337-1,AC1,,,dyn-box-1782413261946-866,AC6-2 Damian Box 2,,,NP00001141,nmEptA,8,4,23.4 µM,30 µL,,2026-05-18,"nmEptA WITH MonoQ purification step
Green dot on lid",,,$,,Default,,,,,
,nmEptA,,Main Lab,1,vials,,,-80 Freezer / A Shelf / AC / AC1 / AC6-2 Damian Box 2,-80 Freezer / A Shelf / AC / AC1 / AC6-2 Damian Box 2,Available,,,,,,,,,,,,,,,,,,,,,,,,,2615,-80 Freezer,5105,A Shelf,dyn-rack-1782413261946-864,AC,drawer-1786392716337-1,AC1,,,dyn-box-1782413261946-866,AC6-2 Damian Box 2,,,NP00001142,nmEptA,,,23.4 µM,30 µL,,2026-05-18,"nmEptA WITH MonoQ purification step
Green dot on lid",,,$,,Default,,,,,
,nmEptA,,Main Lab,1,vials,,,-80 Freezer / A Shelf / AC / AC1 / AC6-2 Damian Box 2,-80 Freezer / A Shelf / AC / AC1 / AC6-2 Damian Box 2,Available,,,,,,,,,,,,,,,,,,,,,,,,,2615,-80 Freezer,5105,A Shelf,dyn-rack-1782413261946-864,AC,drawer-1786392716337-1,AC1,,,dyn-box-1782413261946-866,AC6-2 Damian Box 2,,,NP00001143,nmEptA,,,23.4 µM,30 µL,,2026-05-18,"nmEptA WITH MonoQ purification step
Green dot on lid",,,$,,Default,,,,,
,nmEptA,,Main Lab,1,vials,,,-80 Freezer / A Shelf / AC / AC1 / AC6-2 Damian Box 2,-80 Freezer / A Shelf / AC / AC1 / AC6-2 Damian Box 2,Available,,,,,,,,,,,,,,,,,,,,,,,,,2615,-80 Freezer,5105,A Shelf,dyn-rack-1782413261946-864,AC,drawer-1786392716337-1,AC1,,,dyn-box-1782413261946-866,AC6-2 Damian Box 2,,,NP00001144,nmEptA,,,23.4 µM,30 µL,,2026-05-18,"nmEptA WITH MonoQ purification step
Green dot on lid",,,$,,Default,,,,,
,nmEptA,,Main Lab,1,vials,,,-80 Freezer / A Shelf / AC / AC1 / AC6-2 Damian Box 2,-80 Freezer / A Shelf / AC / AC1 / AC6-2 Damian Box 2,Available,,,,,,,,,,,,,,,,,,,,,,,,,2615,-80 Freezer,5105,A Shelf,dyn-rack-1782413261946-864,AC,drawer-1786392716337-1,AC1,,,dyn-box-1782413261946-866,AC6-2 Damian Box 2,,,NP00001145,nmEptA,,,23.4 µM,30 µL,,2026-05-18,"nmEptA WITH MonoQ purification step
Green dot on lid",,,$,,Default,,,,,
,nmEptA,,Main Lab,1,vials,,,-80 Freezer / A Shelf / AC / AC1 / AC6-2 Damian Box 2,-80 Freezer / A Shelf / AC / AC1 / AC6-2 Damian Box 2,Available,,,,,,,,,,,,,,,,,,,,,,,,,2615,-80 Freezer,5105,A Shelf,dyn-rack-1782413261946-864,AC,drawer-1786392716337-1,AC1,,,dyn-box-1782413261946-866,AC6-2 Damian Box 2,,,NP00001146,nmEptA,,,23.4 µM,30 µL,,2026-05-18,"nmEptA WITH MonoQ purification step
Green dot on lid",,,$,,Default,,,,,
,nmEptA,,Main Lab,1,vials,,,-80 Freezer / A Shelf / AC / AC1 / AC6-2 Damian Box 2,-80 Freezer / A Shelf / AC / AC1 / AC6-2 Damian Box 2,Available,,,,,,,,,,,,,,,,,,,,,,,,,2615,-80 Freezer,5105,A Shelf,dyn-rack-1782413261946-864,AC,drawer-1786392716337-1,AC1,,,dyn-box-1782413261946-866,AC6-2 Damian Box 2,,,NP00001147,nmEptA,9,1,23.4 µM,30 µL,,2026-05-18,"nmEptA WITH MonoQ purification step
Green dot on lid",,,$,,Default,,,,,
,nmEptA,,Main Lab,1,vials,,,-80 Freezer / A Shelf / AC / AC1 / AC6-2 Damian Box 2,-80 Freezer / A Shelf / AC / AC1 / AC6-2 Damian Box 2,Available,,,,,,,,,,,,,,,,,,,,,,,,,2615,-80 Freezer,5105,A Shelf,dyn-rack-1782413261946-864,AC,drawer-1786392716337-1,AC1,,,dyn-box-1782413261946-866,AC6-2 Damian Box 2,,,NP00001148,nmEptA,9,2,23.4 µM,30 µL,,2026-05-18,"nmEptA WITH MonoQ purification step
Green dot on lid",,,$,,Default,,,,,
,nmEptA,,Main Lab,1,vials,,,-80 Freezer / A Shelf / AC / AC1 / AC6-2 Damian Box 2,-80 Freezer / A Shelf / AC / AC1 / AC6-2 Damian Box 2,Available,,,,,,,,,,,,,,,,,,,,,,,,,2615,-80 Freezer,5105,A Shelf,dyn-rack-1782413261946-864,AC,drawer-1786392716337-1,AC1,,,dyn-box-1782413261946-866,AC6-2 Damian Box 2,,,NP00001149,nmEptA,9,3,23.4 µM,30 µL,,2026-05-18,"nmEptA WITH MonoQ purification step
Green dot on lid",,,$,,Default,,,,,
,nmEptA,,Main Lab,1,vials,,,-80 Freezer / A Shelf / AC / AC1 / AC6-2 Damian Box 2,-80 Freezer / A Shelf / AC / AC1 / AC6-2 Damian Box 2,Available,,,,,,,,,,,,,,,,,,,,,,,,,2615,-80 Freezer,5105,A Shelf,dyn-rack-1782413261946-864,AC,drawer-1786392716337-1,AC1,,,dyn-box-1782413261946-866,AC6-2 Damian Box 2,,,NP00001150,nmEptA,9,4,23.4 µM,30 µL,,2026-05-18,"nmEptA WITH MonoQ purification step
Green dot on lid",,,$,,Default,,,,,
,nmEptA,,Main Lab,1,vials,,,-80 Freezer / A Shelf / AC / AC1 / AC6-2 Damian Box 2,-80 Freezer / A Shelf / AC / AC1 / AC6-2 Damian Box 2,Available,,,,,,,,,,,,,,,,,,,,,,,,,2615,-80 Freezer,5105,A Shelf,dyn-rack-1782413261946-864,AC,drawer-1786392716337-1,AC1,,,dyn-box-1782413261946-866,AC6-2 Damian Box 2,,,NP00001151,nmEptA,,,23.4 µM,30 µL,,2026-05-18,"nmEptA WITH MonoQ purification step
Green dot on lid",,,$,,Default,,,,,
,nmEptA,,Main Lab,1,vials,,,-80 Freezer / A Shelf / AC / AC1 / AC6-2 Damian Box 2,-80 Freezer / A Shelf / AC / AC1 / AC6-2 Damian Box 2,Available,,,,,,,,,,,,,,,,,,,,,,,,,2615,-80 Freezer,5105,A Shelf,dyn-rack-1782413261946-864,AC,drawer-1786392716337-1,AC1,,,dyn-box-1782413261946-866,AC6-2 Damian Box 2,,,NP00001152,nmEptA,,,23.4 µM,30 µL,,2026-05-18,"nmEptA WITH MonoQ purification step
Green dot on lid",,,$,,Default,,,,,
,nmEptA,,Main Lab,1,vials,,,-80 Freezer / A Shelf / AC / AC1 / AC6-2 Damian Box 2,-80 Freezer / A Shelf / AC / AC1 / AC6-2 Damian Box 2,Available,,,,,,,,,,,,,,,,,,,,,,,,,2615,-80 Freezer,5105,A Shelf,dyn-rack-1782413261946-864,AC,drawer-1786392716337-1,AC1,,,dyn-box-1782413261946-866,AC6-2 Damian Box 2,,,NP00001153,nmEptA,,,23.4 µM,30 µL,,2026-05-18,"nmEptA WITH MonoQ purification step
Green dot on lid",,,$,,Default,,,,,
,nmEptA,,Main Lab,1,vials,,,-80 Freezer / A Shelf / AC / AC1 / AC6-2 Damian Box 2,-80 Freezer / A Shelf / AC / AC1 / AC6-2 Damian Box 2,Available,,,,,,,,,,,,,,,,,,,,,,,,,2615,-80 Freezer,5105,A Shelf,dyn-rack-1782413261946-864,AC,drawer-1786392716337-1,AC1,,,dyn-box-1782413261946-866,AC6-2 Damian Box 2,,,NP00001154,nmEptA,,,23.4 µM,30 µL,,2026-05-18,"nmEptA WITH MonoQ purification step
Green dot on lid",,,$,,Default,,,,,
,nmEptA,,Main Lab,1,vials,,,-80 Freezer / A Shelf / AC / AC1 / AC6-2 Damian Box 2,-80 Freezer / A Shelf / AC / AC1 / AC6-2 Damian Box 2,Available,,,,,,,,,,,,,,,,,,,,,,,,,2615,-80 Freezer,5105,A Shelf,dyn-rack-1782413261946-864,AC,drawer-1786392716337-1,AC1,,,dyn-box-1782413261946-866,AC6-2 Damian Box 2,,,NP00001155,nmEptA,,,23.4 µM,30 µL,,2026-05-18,"nmEptA WITH MonoQ purification step
Green dot on lid",,,$,,Default,,,,,
,ADB-11-067: UDP-BA,,Main Lab,1,vials,,,-80 Freezer / A Shelf / AB / AB2 / AB2-2: ArnA Inhibitors (ask Austin first!),-80 Freezer / A Shelf / AB / AB2 / AB2-2: ArnA Inhibitors (ask Austin first!),Available,,,,,,,,,,,,,,,,,,,,,,,,,2615,-80 Freezer,5105,A Shelf,dyn-rack-1782413261932-440,AB,drawer-1786392471805-2,AB2,,,dyn-box-1782413261939-635,AB2-2: ArnA Inhibitors (ask Austin first!),,,NP00001156,ADB-11-067: UDP-BA,1,2,23.7 mM,,,2026-05-20,UDP-benzoic acid,,,$,,Default,,,,,
,ADB-11-053: tUGA,,Main Lab,1,vials,,,-80 Freezer / A Shelf / AB / AB2 / AB2-2: ArnA Inhibitors (ask Austin first!),-80 Freezer / A Shelf / AB / AB2 / AB2-2: ArnA Inhibitors (ask Austin first!),Available,,,,,,,,,,,,,,,,,,,,,,,,,2615,-80 Freezer,5105,A Shelf,dyn-rack-1782413261932-440,AB,drawer-1786392471805-2,AB2,,,dyn-box-1782413261939-635,AB2-2: ArnA Inhibitors (ask Austin first!),,,NP00001157,ADB-11-053: tUGA,1,3,17.7 mM,,,2026-05-20,UDP-galacturonic acid with a O-triazole moiety at the 4 position,,,$,,Default,,,,,
,ADB-09-139: fUGA,,Main Lab,1,vials,,,-80 Freezer / A Shelf / AB / AB2 / AB2-2: ArnA Inhibitors (ask Austin first!),-80 Freezer / A Shelf / AB / AB2 / AB2-2: ArnA Inhibitors (ask Austin first!),Available,,,,,,,,,,,,,,,,,,,,,,,,,2615,-80 Freezer,5105,A Shelf,dyn-rack-1782413261932-440,AB,drawer-1786392471805-2,AB2,,,dyn-box-1782413261939-635,AB2-2: ArnA Inhibitors (ask Austin first!),,,NP00001158,ADB-09-139: fUGA,1,4,,,,2026-05-20,UDP-4-fluoro-GlcA. Concentration is unknown.,,,$,,Default,,,,,
,ADB-11-0138: dUGA,,Main Lab,1,vials,,,-80 Freezer / A Shelf / AB / AB2 / AB2-2: ArnA Inhibitors (ask Austin first!),-80 Freezer / A Shelf / AB / AB2 / AB2-2: ArnA Inhibitors (ask Austin first!),Available,,,,,,,,,,,,,,,,,,,,,,,,,2615,-80 Freezer,5105,A Shelf,dyn-rack-1782413261932-440,AB,drawer-1786392471805-2,AB2,,,dyn-box-1782413261939-635,AB2-2: ArnA Inhibitors (ask Austin first!),,,NP00001159,ADB-11-0138: dUGA,1,5,,,,2026-05-20,UDP-4-deoxy-GlcA. Concentration is unknown.,,,$,,Default,,,,,
,ADB-11-048: tUGA,,Main Lab,1,vials,,,-80 Freezer / A Shelf / AB / AB2 / AB2-2: ArnA Inhibitors (ask Austin first!),-80 Freezer / A Shelf / AB / AB2 / AB2-2: ArnA Inhibitors (ask Austin first!),Available,,,,,,,,,,,,,,,,,,,,,,,,,2615,-80 Freezer,5105,A Shelf,dyn-rack-1782413261932-440,AB,drawer-1786392471805-2,AB2,,,dyn-box-1782413261939-635,AB2-2: ArnA Inhibitors (ask Austin first!),,,NP00001160,ADB-11-048: tUGA,1,6,17.9 mM,,,2026-05-20,UDP-galacturonic acid with a O-triazole moiety at the 4 position,,,$,,Default,,,,,
,UDP Stock Solution,,Main Lab,1,vials,,,-80 Freezer / A Shelf / AB / AB2 / AB2-2: ArnA Inhibitors (ask Austin first!),-80 Freezer / A Shelf / AB / AB2 / AB2-2: ArnA Inhibitors (ask Austin first!),Available,,,,,,,,,,,,,,,,,,,,,,,,,2615,-80 Freezer,5105,A Shelf,dyn-rack-1782413261932-440,AB,drawer-1786392471805-2,AB2,,,dyn-box-1782413261939-635,AB2-2: ArnA Inhibitors (ask Austin first!),,,NP00001161,UDP Stock Solution,1,7,184 mM,,,2026-05-20,,,,$,,Default,,,,,
,UDP-Glucose Stock Solution,,Main Lab,1,vials,,,-80 Freezer / A Shelf / AB / AB2 / AB2-2: ArnA Inhibitors (ask Austin first!),-80 Freezer / A Shelf / AB / AB2 / AB2-2: ArnA Inhibitors (ask Austin first!),Available,,,,,,,,,,,,,,,,,,,,,,,,,2615,-80 Freezer,5105,A Shelf,dyn-rack-1782413261932-440,AB,drawer-1786392471805-2,AB2,,,dyn-box-1782413261939-635,AB2-2: ArnA Inhibitors (ask Austin first!),,,NP00001162,UDP-Glucose Stock Solution,1,8,45 mM,,,2026-05-20,,,,$,,Default,,,,,
,ADB-09-139: fUGA,,Main Lab,1,vials,,,-80 Freezer / A Shelf / AB / AB2 / AB2-2: ArnA Inhibitors (ask Austin first!),-80 Freezer / A Shelf / AB / AB2 / AB2-2: ArnA Inhibitors (ask Austin first!),Available,,,,,,,,,,,,,,,,,,,,,,,,,2615,-80 Freezer,5105,A Shelf,dyn-rack-1782413261932-440,AB,drawer-1786392471805-2,AB2,,,dyn-box-1782413261939-635,AB2-2: ArnA Inhibitors (ask Austin first!),,,NP00001163,ADB-09-139: fUGA,2,1,,,,2026-05-20,Concentration unknown. UDP-4-fluoro-Glucuronic acid,,,$,,Default,,,,,
,NADH Stock Solution,,Main Lab,1,vials,,,-80 Freezer / A Shelf / AB / AB2 / AB2-2: ArnA Inhibitors (ask Austin first!),-80 Freezer / A Shelf / AB / AB2 / AB2-2: ArnA Inhibitors (ask Austin first!),Available,,,,,,,,,,,,,,,,,,,,,,,,,2615,-80 Freezer,5105,A Shelf,dyn-rack-1782413261932-440,AB,drawer-1786392471805-2,AB2,,,dyn-box-1782413261939-635,AB2-2: ArnA Inhibitors (ask Austin first!),,,NP00001164,NADH Stock Solution,2,2,32 mM,,,2026-05-20,Probably don't use. Make fresh,,,$,,Default,,,,,
,ADB-11-074: fUGA,,Main Lab,1,vials,,,-80 Freezer / A Shelf / AB / AB2 / AB2-2: ArnA Inhibitors (ask Austin first!),-80 Freezer / A Shelf / AB / AB2 / AB2-2: ArnA Inhibitors (ask Austin first!),Available,,,,,,,,,,,,,,,,,,,,,,,,,2615,-80 Freezer,5105,A Shelf,dyn-rack-1782413261932-440,AB,drawer-1786392471805-2,AB2,,,dyn-box-1782413261939-635,AB2-2: ArnA Inhibitors (ask Austin first!),,,NP00001165,ADB-11-074: fUGA,2,3,14.3 mM,,,2026-05-20,Same as 09-139: UDP-4-fluoro-GlcA (glucuronic acid),,,$,,Default,,,,,
,ADB-11-050: dUGA,,Main Lab,1,vials,,,-80 Freezer / A Shelf / AB / AB2 / AB2-2: ArnA Inhibitors (ask Austin first!),-80 Freezer / A Shelf / AB / AB2 / AB2-2: ArnA Inhibitors (ask Austin first!),Available,,,,,,,,,,,,,,,,,,,,,,,,,2615,-80 Freezer,5105,A Shelf,dyn-rack-1782413261932-440,AB,drawer-1786392471805-2,AB2,,,dyn-box-1782413261939-635,AB2-2: ArnA Inhibitors (ask Austin first!),,,NP00001166,ADB-11-050: dUGA,2,4,30.6 mM,,,2026-05-20,Same as 09-138: UDP-4-deoxy-GlcA,,,$,,Default,,,,,
,ADB-11-050: dUGA,,Main Lab,1,vials,,,-80 Freezer / A Shelf / AB / AB2 / AB2-2: ArnA Inhibitors (ask Austin first!),-80 Freezer / A Shelf / AB / AB2 / AB2-2: ArnA Inhibitors (ask Austin first!),Available,,,,,,,,,,,,,,,,,,,,,,,,,2615,-80 Freezer,5105,A Shelf,dyn-rack-1782413261932-440,AB,drawer-1786392471805-2,AB2,,,dyn-box-1782413261939-635,AB2-2: ArnA Inhibitors (ask Austin first!),,,NP00001167,ADB-11-050: dUGA,2,5,,,,2026-05-20,Concentration unknown,,,$,,Default,,,,,
,AMP Stock Solution,,Main Lab,1,vials,,,-80 Freezer / A Shelf / AB / AB2 / AB2-2: ArnA Inhibitors (ask Austin first!),-80 Freezer / A Shelf / AB / AB2 / AB2-2: ArnA Inhibitors (ask Austin first!),Available,,,,,,,,,,,,,,,,,,,,,,,,,2615,-80 Freezer,5105,A Shelf,dyn-rack-1782413261932-440,AB,drawer-1786392471805-2,AB2,,,dyn-box-1782413261939-635,AB2-2: ArnA Inhibitors (ask Austin first!),,,NP00001168,AMP Stock Solution,2,6,144 mM,,,2026-05-20,,,,$,,Default,,,,,
,UGA (UDP-GlcA) Stock Solution,,Main Lab,1,vials,,,-80 Freezer / A Shelf / AB / AB2 / AB2-2: ArnA Inhibitors (ask Austin first!),-80 Freezer / A Shelf / AB / AB2 / AB2-2: ArnA Inhibitors (ask Austin first!),Available,,,,,,,,,,,,,,,,,,,,,,,,,2615,-80 Freezer,5105,A Shelf,dyn-rack-1782413261932-440,AB,drawer-1786392471805-2,AB2,,,dyn-box-1782413261939-635,AB2-2: ArnA Inhibitors (ask Austin first!),,,NP00001169,UGA (UDP-GlcA) Stock Solution,2,7,25 mM,,,2026-05-20,UDP-Glucuronic acid stock,,,$,,Default,,,,,
,UMP Stock Solution,,Main Lab,1,vials,,,-80 Freezer / A Shelf / AB / AB2 / AB2-2: ArnA Inhibitors (ask Austin first!),-80 Freezer / A Shelf / AB / AB2 / AB2-2: ArnA Inhibitors (ask Austin first!),Available,,,,,,,,,,,,,,,,,,,,,,,,,2615,-80 Freezer,5105,A Shelf,dyn-rack-1782413261932-440,AB,drawer-1786392471805-2,AB2,,,dyn-box-1782413261939-635,AB2-2: ArnA Inhibitors (ask Austin first!),,,NP00001170,UMP Stock Solution,2,8,46 mM,,,2026-05-20,uridine monophosphate,,,$,,Default,,,,,
,UDP Stock Solution,,Main Lab,1,vials,,,-80 Freezer / A Shelf / AB / AB2 / AB2-2: ArnA Inhibitors (ask Austin first!),-80 Freezer / A Shelf / AB / AB2 / AB2-2: ArnA Inhibitors (ask Austin first!),Available,,,,,,,,,,,,,,,,,,,,,,,,,2615,-80 Freezer,5105,A Shelf,dyn-rack-1782413261932-440,AB,drawer-1786392471805-2,AB2,,,dyn-box-1782413261939-635,AB2-2: ArnA Inhibitors (ask Austin first!),,,NP00001171,UDP Stock Solution,2,9,50 mM,,,2026-05-20,,,,$,,Default,,,,,
,tUGA Cryo Protectant,,Main Lab,1,vials,,,-80 Freezer / A Shelf / AB / AB2 / AB2-2: ArnA Inhibitors (ask Austin first!),-80 Freezer / A Shelf / AB / AB2 / AB2-2: ArnA Inhibitors (ask Austin first!),Available,,,,,,,,,,,,,,,,,,,,,,,,,2615,-80 Freezer,5105,A Shelf,dyn-rack-1782413261932-440,AB,drawer-1786392471805-2,AB2,,,dyn-box-1782413261939-635,AB2-2: ArnA Inhibitors (ask Austin first!),,,NP00001172,tUGA Cryo Protectant,3,9,,,,2026-05-20,20% Ethylene Glycol,,,$,,Default,,,,,
,tUGA Cryo Protectant + AMP,,Main Lab,1,vials,,,-80 Freezer / A Shelf / AB / AB2 / AB2-2: ArnA Inhibitors (ask Austin first!),-80 Freezer / A Shelf / AB / AB2 / AB2-2: ArnA Inhibitors (ask Austin first!),Available,,,,,,,,,,,,,,,,,,,,,,,,,2615,-80 Freezer,5105,A Shelf,dyn-rack-1782413261932-440,AB,drawer-1786392471805-2,AB2,,,dyn-box-1782413261939-635,AB2-2: ArnA Inhibitors (ask Austin first!),,,NP00001173,tUGA Cryo Protectant + AMP,4,9,,,,2026-05-20,30% Ethylene Glycol + AMP/tUGA . Prepped 02.09.26. See ADB-10-038 for more notes. Dates on notebook will coincide with 02.09.26,,,$,,Default,,,,,
,UGA Stock Solution,,Main Lab,1,vials,,,-80 Freezer / A Shelf / AB / AB2 / AB2-2: ArnA Inhibitors (ask Austin first!),-80 Freezer / A Shelf / AB / AB2 / AB2-2: ArnA Inhibitors (ask Austin first!),Available,,,,,,,,,,,,,,,,,,,,,,,,,2615,-80 Freezer,5105,A Shelf,dyn-rack-1782413261932-440,AB,drawer-1786392471805-2,AB2,,,dyn-box-1782413261939-635,AB2-2: ArnA Inhibitors (ask Austin first!),,,NP00001174,UGA Stock Solution,3,7,8.8 mM,,,2026-05-20,,,,$,,Default,,,,,
,UGA Stock Solution: 25.5 mM,,Main Lab,1,vials,,,-80 Freezer / A Shelf / AB / AB2 / AB2-2: ArnA Inhibitors (ask Austin first!),-80 Freezer / A Shelf / AB / AB2 / AB2-2: ArnA Inhibitors (ask Austin first!),Available,,,,,,,,,,,,,,,,,,,,,,,,,2615,-80 Freezer,5105,A Shelf,dyn-rack-1782413261932-440,AB,drawer-1786392471805-2,AB2,,,dyn-box-1782413261939-635,AB2-2: ArnA Inhibitors (ask Austin first!),,,NP00001175,UGA Stock Solution: 25.5 mM,3,4,25.5 mM,,,2026-05-20,,,,$,,Default,,,,,
,UGA Stock: 2.6 mM,,Main Lab,1,vials,,,-80 Freezer / A Shelf / AB / AB2 / AB2-2: ArnA Inhibitors (ask Austin first!),-80 Freezer / A Shelf / AB / AB2 / AB2-2: ArnA Inhibitors (ask Austin first!),Available,,,,,,,,,,,,,,,,,,,,,,,,,2615,-80 Freezer,5105,A Shelf,dyn-rack-1782413261932-440,AB,drawer-1786392471805-2,AB2,,,dyn-box-1782413261939-635,AB2-2: ArnA Inhibitors (ask Austin first!),,,NP00001176,UGA Stock: 2.6 mM,3,3,2.6 mM,,,2026-05-20,,,,$,,Default,,,,,
,UGA Stock: 733 uM,,Main Lab,1,vials,,,-80 Freezer / A Shelf / AB / AB2 / AB2-2: ArnA Inhibitors (ask Austin first!),-80 Freezer / A Shelf / AB / AB2 / AB2-2: ArnA Inhibitors (ask Austin first!),Available,,,,,,,,,,,,,,,,,,,,,,,,,2615,-80 Freezer,5105,A Shelf,dyn-rack-1782413261932-440,AB,drawer-1786392471805-2,AB2,,,dyn-box-1782413261939-635,AB2-2: ArnA Inhibitors (ask Austin first!),,,NP00001177,UGA Stock: 733 uM,3,2,733 uM,,,2026-05-20,,,,$,,Default,,,,,
,UGA Stock: 100 mM,,Main Lab,1,vials,,,-80 Freezer / A Shelf / AB / AB2 / AB2-2: ArnA Inhibitors (ask Austin first!),-80 Freezer / A Shelf / AB / AB2 / AB2-2: ArnA Inhibitors (ask Austin first!),Available,,,,,,,,,,,,,,,,,,,,,,,,,2615,-80 Freezer,5105,A Shelf,dyn-rack-1782413261932-440,AB,drawer-1786392471805-2,AB2,,,dyn-box-1782413261939-635,AB2-2: ArnA Inhibitors (ask Austin first!),,,NP00001178,UGA Stock: 100 mM,3,1,100 mM,,,2026-05-20,,,,$,,Default,,,,,
,UGA Stock: 934 uM,,Main Lab,1,vials,,,-80 Freezer / A Shelf / AB / AB2 / AB2-2: ArnA Inhibitors (ask Austin first!),-80 Freezer / A Shelf / AB / AB2 / AB2-2: ArnA Inhibitors (ask Austin first!),Available,,,,,,,,,,,,,,,,,,,,,,,,,2615,-80 Freezer,5105,A Shelf,dyn-rack-1782413261932-440,AB,drawer-1786392471805-2,AB2,,,dyn-box-1782413261939-635,AB2-2: ArnA Inhibitors (ask Austin first!),,,NP00001179,UGA Stock: 934 uM,4,1,934 uM,,,2026-05-20,,,,$,,Default,,,,,
,UGA Stock: 1.69 mM,,Main Lab,1,vials,,,-80 Freezer / A Shelf / AB / AB2 / AB2-2: ArnA Inhibitors (ask Austin first!),-80 Freezer / A Shelf / AB / AB2 / AB2-2: ArnA Inhibitors (ask Austin first!),Available,,,,,,,,,,,,,,,,,,,,,,,,,2615,-80 Freezer,5105,A Shelf,dyn-rack-1782413261932-440,AB,drawer-1786392471805-2,AB2,,,dyn-box-1782413261939-635,AB2-2: ArnA Inhibitors (ask Austin first!),,,NP00001180,UGA Stock: 1.69 mM,4,2,1.69 mM,,,2026-05-20,,,,$,,Default,,,,,
,UGA Stock: 2 mM,,Main Lab,1,vials,,,-80 Freezer / A Shelf / AB / AB2 / AB2-2: ArnA Inhibitors (ask Austin first!),-80 Freezer / A Shelf / AB / AB2 / AB2-2: ArnA Inhibitors (ask Austin first!),Available,,,,,,,,,,,,,,,,,,,,,,,,,2615,-80 Freezer,5105,A Shelf,dyn-rack-1782413261932-440,AB,drawer-1786392471805-2,AB2,,,dyn-box-1782413261939-635,AB2-2: ArnA Inhibitors (ask Austin first!),,,NP00001181,UGA Stock: 2 mM,4,3,2 mM,,,2026-05-20,,,,$,,Default,,,,,
,UGA Stock: 800 uM,,Main Lab,1,vials,,,-80 Freezer / A Shelf / AB / AB2 / AB2-2: ArnA Inhibitors (ask Austin first!),-80 Freezer / A Shelf / AB / AB2 / AB2-2: ArnA Inhibitors (ask Austin first!),Available,,,,,,,,,,,,,,,,,,,,,,,,,2615,-80 Freezer,5105,A Shelf,dyn-rack-1782413261932-440,AB,drawer-1786392471805-2,AB2,,,dyn-box-1782413261939-635,AB2-2: ArnA Inhibitors (ask Austin first!),,,NP00001182,UGA Stock: 800 uM,4,4,800 uM,,,2026-05-20,,,,$,,Default,,,,,
,UGA Stock: 1.69 mM,,Main Lab,1,vials,,,-80 Freezer / A Shelf / AB / AB2 / AB2-2: ArnA Inhibitors (ask Austin first!),-80 Freezer / A Shelf / AB / AB2 / AB2-2: ArnA Inhibitors (ask Austin first!),Available,,,,,,,,,,,,,,,,,,,,,,,,,2615,-80 Freezer,5105,A Shelf,dyn-rack-1782413261932-440,AB,drawer-1786392471805-2,AB2,,,dyn-box-1782413261939-635,AB2-2: ArnA Inhibitors (ask Austin first!),,,NP00001183,UGA Stock: 1.69 mM,4,5,1.69 mM,,,2026-05-20,,,,$,,Default,,,,,
,UGA Stock: 2 mM,,Main Lab,1,vials,,,-80 Freezer / A Shelf / AB / AB2 / AB2-2: ArnA Inhibitors (ask Austin first!),-80 Freezer / A Shelf / AB / AB2 / AB2-2: ArnA Inhibitors (ask Austin first!),Available,,,,,,,,,,,,,,,,,,,,,,,,,2615,-80 Freezer,5105,A Shelf,dyn-rack-1782413261932-440,AB,drawer-1786392471805-2,AB2,,,dyn-box-1782413261939-635,AB2-2: ArnA Inhibitors (ask Austin first!),,,NP00001184,UGA Stock: 2 mM,4,6,2 mM,,,2026-05-20,,,,$,,Default,,,,,
,UGA Stock: 1.7 mM,,Main Lab,1,vials,,,-80 Freezer / A Shelf / AB / AB2 / AB2-2: ArnA Inhibitors (ask Austin first!),-80 Freezer / A Shelf / AB / AB2 / AB2-2: ArnA Inhibitors (ask Austin first!),Available,,,,,,,,,,,,,,,,,,,,,,,,,2615,-80 Freezer,5105,A Shelf,dyn-rack-1782413261932-440,AB,drawer-1786392471805-2,AB2,,,dyn-box-1782413261939-635,AB2-2: ArnA Inhibitors (ask Austin first!),,,NP00001185,UGA Stock: 1.7 mM,5,1,1.7 mM,,,2026-05-20,,,,$,,Default,,,,,
,UGA Stock: 25 mM,,Main Lab,1,vials,,,-80 Freezer / A Shelf / AB / AB2 / AB2-2: ArnA Inhibitors (ask Austin first!),-80 Freezer / A Shelf / AB / AB2 / AB2-2: ArnA Inhibitors (ask Austin first!),Available,,,,,,,,,,,,,,,,,,,,,,,,,2615,-80 Freezer,5105,A Shelf,dyn-rack-1782413261932-440,AB,drawer-1786392471805-2,AB2,,,dyn-box-1782413261939-635,AB2-2: ArnA Inhibitors (ask Austin first!),,,NP00001186,UGA Stock: 25 mM,5,2,25 mM,,,2026-05-20,,,,$,,Default,,,,,
,UGA Stock: 25 mM,,Main Lab,1,vials,,,-80 Freezer / A Shelf / AB / AB2 / AB2-2: ArnA Inhibitors (ask Austin first!),-80 Freezer / A Shelf / AB / AB2 / AB2-2: ArnA Inhibitors (ask Austin first!),Available,,,,,,,,,,,,,,,,,,,,,,,,,2615,-80 Freezer,5105,A Shelf,dyn-rack-1782413261932-440,AB,drawer-1786392471805-2,AB2,,,dyn-box-1782413261939-635,AB2-2: ArnA Inhibitors (ask Austin first!),,,NP00001187,UGA Stock: 25 mM,5,3,25 mM,,,2026-05-20,,,,$,,Default,,,,,
,UGA Stock: 1.69 mM,,Main Lab,1,vials,,,-80 Freezer / A Shelf / AB / AB2 / AB2-2: ArnA Inhibitors (ask Austin first!),-80 Freezer / A Shelf / AB / AB2 / AB2-2: ArnA Inhibitors (ask Austin first!),Available,,,,,,,,,,,,,,,,,,,,,,,,,2615,-80 Freezer,5105,A Shelf,dyn-rack-1782413261932-440,AB,drawer-1786392471805-2,AB2,,,dyn-box-1782413261939-635,AB2-2: ArnA Inhibitors (ask Austin first!),,,NP00001188,UGA Stock: 1.69 mM,5,4,1.69 mM,,,2026-05-20,,,,$,,Default,,,,,
,pMS-1653 Protein Prep,,Main Lab,1,vials,,,-80 Freezer / A Shelf / AD / AD1 / AD1-1,-80 Freezer / A Shelf / AD / AD1 / AD1-1,Available,,,,,,,,,,,,,,,,,,,,,,,,,2615,-80 Freezer,5105,A Shelf,dyn-rack-1782413261948-963,AD,drawer-1783441923799,AD1,,,dyn-box-1782413261948-963,AD1-1,,,NP00001189,pMS-1653 Protein Prep,1,1,1.52 mg/mL / 19.7 uM,,,2026-05-20,"Full Length inactive Protealysin in AFM vector pMS 1480. Buffer: 25 mM Tris pH 8,  330 mM NaCL",,,$,,Default,,,,,
,Ulp1 protease protein prep,,Main Lab,1,vials,,,-80 Freezer / A Shelf / AD / AD1 / AD1-2,-80 Freezer / A Shelf / AD / AD1 / AD1-2,Available,,,,,,,,,,,,,,,,,,,,,,,,,2615,-80 Freezer,5105,A Shelf,dyn-rack-1782413261948-963,AD,drawer-1783441923799,AD1,,,dyn-box-1782413261948-964,AD1-2,,,NP00001190,Ulp1 protease protein prep,1,1,1 mg/ml,,,2026-05-20,"Ulp1 protease for SUMO tag cleavage in buffer 50 mM Tris pH 8, 150 mM NaCl, 0.7 mM DTT",,,$,,Default,,,,,
,Diego's Prep of pMS-1622,,Main Lab,1,vials,,,-80 Freezer / A Shelf / AD / AD1 / AD1-3,-80 Freezer / A Shelf / AD / AD1 / AD1-3,Available,,,,,,,,,,,,,,,,,,,,,,,,,2615,-80 Freezer,5105,A Shelf,dyn-rack-1782413261948-963,AD,drawer-1783441923799,AD1,,,dyn-box-1782413261948-965,AD1-3,,,NP00001191,Diego's Prep of pMS-1622,1,1,,,,2026-05-20,Full length NleC in CD vector pMS-984. Buffer unknown.,,,$,,Default,,,,,
,pMS-1400 Protein Prep,,Main Lab,1,vials,,,-80 Freezer / A Shelf / AD / AD1 / AD1-4,-80 Freezer / A Shelf / AD / AD1 / AD1-4,Available,,,,,,,,,,,,,,,,,,,,,,,,,2615,-80 Freezer,5105,A Shelf,dyn-rack-1782413261948-963,AD,drawer-1783441923799,AD1,,,dyn-box-1782413261948-966,AD1-4,,,NP00001192,pMS-1400 Protein Prep,1,1,121 uM / 2.55 mg/mL,,,2026-05-20,"MSP1D1 membrane scaffold protein for nanodisc assembly. Buffer: 10 mM Tris pH 7.4, 100 mM NaCl, 1 mM EDTA",,,$,,Default,,,,,
,SL1344 Salmonella glycerol stocks,,Main Lab,1,vials,,,-80 Freezer / A Shelf / AD / AD2 / AD2-1,-80 Freezer / A Shelf / AD / AD2 / AD2-1,Available,,,,,,,,,,,,,,,,,,,,,,,,,2615,-80 Freezer,5105,A Shelf,dyn-rack-1782413261948-963,AD,drawer-1786393098113-1,AD2,,,dyn-box-1782413261948-967,AD2-1,,,NP00001193,SL1344 Salmonella glycerol stocks,1,1,,,,2026-05-20,T3SS expressing strain of Salmonella,,,$,,Default,,,,,
,pMS-1623 Protein Prep,,Main Lab,1,vials,,,-80 Freezer / A Shelf / AD / AD2 / AD2-2,-80 Freezer / A Shelf / AD / AD2 / AD2-2,Available,,,,,,,,,,,,,,,,,,,,,,,,,2615,-80 Freezer,5105,A Shelf,dyn-rack-1782413261948-963,AD,drawer-1786393098113-1,AD2,,,dyn-box-1782413261948-968,AD2-2,,,NP00001194,pMS-1623 Protein Prep,1,1,1.05 mg/ml,,,2026-05-20,"NleC crystal fragment in CD vector pMS-984. Buffer: 50 mM Tris pH 8, 150 mM NaCl, 0.5 mM TCEP",,,$,,Default,,,,,
,pMS-123 protein prep,,Main Lab,1,vials,,,-80 Freezer / A Shelf / AD / AD2 / AD2-3,-80 Freezer / A Shelf / AD / AD2 / AD2-3,Available,,,,,,,,,,,,,,,,,,,,,,,,,2615,-80 Freezer,5105,A Shelf,dyn-rack-1782413261948-963,AD,drawer-1786393098113-1,AD2,,,dyn-box-1782413261948-969,AD2-3,,,NP00001195,pMS-123 protein prep,1,1,,,,2026-05-20,"17 kda Skp with TEV cleavable His Tag. Useful for TEV cleavage efficiency test. Buffer: 25 mM HEPES, 250 mM NaCl pH 7.5",,,$,,Default,,,,,
,pMS-1715 protein prep,,Main Lab,1,vials,,,-80 Freezer / A Shelf / AD / AD2 / AD2-4,-80 Freezer / A Shelf / AD / AD2 / AD2-4,Available,,,,,,,,,,,,,,,,,,,,,,,,,2615,-80 Freezer,5105,A Shelf,dyn-rack-1782413261948-963,AD,drawer-1786393098113-1,AD2,,,dyn-box-1782413261948-970,AD2-4,,,NP00001196,pMS-1715 protein prep,1,1,,,,2026-05-20,Full length protealysin in CD vector pMS-984,,,$,,Default,,,,,
,pMS-1623 Protein Prep,,Main Lab,1,vials,,,-80 Freezer / A Shelf / AD / AD3 / AD3-1,-80 Freezer / A Shelf / AD / AD3 / AD3-1,Available,,,,,,,,,,,,,,,,,,,,,,,,,2615,-80 Freezer,5105,A Shelf,dyn-rack-1782413261948-963,AD,drawer-1786393098113-2,AD3,,,dyn-box-1782413261949-971,AD3-1,,,NP00001197,pMS-1623 Protein Prep,1,1,0.83 mg.mL,,,2026-05-20,NleC crystal fragment in CD vector pMS-984,,,$,,Default,,,,,
,SL1344 infection assay HeLa lystates,,Main Lab,1,vials,,,-80 Freezer / A Shelf / AD / AD3 / AD3-2,-80 Freezer / A Shelf / AD / AD3 / AD3-2,Available,,,,,,,,,,,,,,,,,,,,,,,,,2615,-80 Freezer,5105,A Shelf,dyn-rack-1782413261948-963,AD,drawer-1786393098113-2,AD3,,,dyn-box-1782413261949-972,AD3-2,,,NP00001198,SL1344 infection assay HeLa lystates,1,1,,,,2026-05-20,HeLa cell lysates from SL1344 infection asssay on 2/20/2024,,,$,,Default,,,,,
,Various BL21 cell pellets,,Main Lab,1,vials,,,-80 Freezer / A Shelf / AD / AD3 / AD3-3,-80 Freezer / A Shelf / AD / AD3 / AD3-3,Available,,,,,,,,,,,,,,,,,,,,,,,,,2615,-80 Freezer,5105,A Shelf,dyn-rack-1782413261948-963,AD,drawer-1786393098113-2,AD3,,,dyn-box-1782413261949-973,AD3-3,,,NP00001199,Various BL21 cell pellets,1,1,,,,2026-05-20,,,,$,,Default,,,,,
,Saved various purification steps,,Main Lab,1,vials,,,-80 Freezer / A Shelf / AD / AD3 / AD3-4,-80 Freezer / A Shelf / AD / AD3 / AD3-4,Available,,,,,,,,,,,,,,,,,,,,,,,,,2615,-80 Freezer,5105,A Shelf,dyn-rack-1782413261948-963,AD,drawer-1786393098113-2,AD3,,,dyn-box-1782413261949-974,AD3-4,,,NP00001200,Saved various purification steps,1,1,,,,2026-05-20,,,,$,,Default,,,,,
,Various BL21 cell pellets,,Main Lab,1,vials,,,-80 Freezer / A Shelf / AD / AD4 / AD4-1,-80 Freezer / A Shelf / AD / AD4 / AD4-1,Available,,,,,,,,,,,,,,,,,,,,,,,,,2615,-80 Freezer,5105,A Shelf,dyn-rack-1782413261948-963,AD,drawer-1786393098113-3,AD4,,,dyn-box-1782413261949-975,AD4-1,,,NP00001201,Various BL21 cell pellets,1,1,,,,2026-05-20,,,,$,,Default,,,,,
,pMS-1715 protein prep,,Main Lab,1,vials,,,-80 Freezer / A Shelf / AD / AD4 / AD4-2,-80 Freezer / A Shelf / AD / AD4 / AD4-2,Available,,,,,,,,,,,,,,,,,,,,,,,,,2615,-80 Freezer,5105,A Shelf,dyn-rack-1782413261948-963,AD,drawer-1786393098113-3,AD4,,,dyn-box-1782413261949-976,AD4-2,,,NP00001202,pMS-1715 protein prep,1,1,0.51 mg/ml,,,2026-05-20,Full length protealysin in CD vector pMS-984,,,$,,Default,,,,,
,Ezra Weible's Protein Prep,,Main Lab,1,vials,,,-80 Freezer / A Shelf / AD / AD4 / AD4-3,-80 Freezer / A Shelf / AD / AD4 / AD4-3,Available,,,,,,,,,,,,,,,,,,,,,,,,,2615,-80 Freezer,5105,A Shelf,dyn-rack-1782413261948-963,AD,drawer-1786393098113-3,AD4,,,dyn-box-1782413261949-977,AD4-3,,,NP00001203,Ezra Weible's Protein Prep,1,1,,,,2026-05-20,,,,$,,Default,,,,,
,SL1344 Salmonella glycerol stocks,,Main Lab,1,vials,,,-80 Freezer / A Shelf / AD / AD4 / AD4-4,-80 Freezer / A Shelf / AD / AD4 / AD4-4,Available,,,,,,,,,,,,,,,,,,,,,,,,,2615,-80 Freezer,5105,A Shelf,dyn-rack-1782413261948-963,AD,drawer-1786393098113-3,AD4,,,dyn-box-1782413261949-978,AD4-4,,,NP00001204,SL1344 Salmonella glycerol stocks,1,1,,,,2026-05-20,,,,$,,Default,,,,,
,SL1344 deltaInvC Salmonella glycerol stocks,,Main Lab,1,vials,,,-80 Freezer / A Shelf / AD / AD5 / AD5-1,-80 Freezer / A Shelf / AD / AD5 / AD5-1,Available,,,,,,,,,,,,,,,,,,,,,,,,,2615,-80 Freezer,5105,A Shelf,dyn-rack-1782413261948-963,AD,drawer-1786393098113-4,AD5,,,dyn-box-1782413261949-979,AD5-1,,,NP00001205,SL1344 deltaInvC Salmonella glycerol stocks,1,1,,,,2026-05-21,Invasion incompetent strain of T3SS expressing salmonella. Deletes ATPase of ATPase complex. Halts SPI-1 based secretion,,,$,,Default,,,,,
,SL1344 deltaSsaV Salmonella glycerol stocks,,Main Lab,1,vials,,,-80 Freezer / A Shelf / AD / AD5 / AD5-2,-80 Freezer / A Shelf / AD / AD5 / AD5-2,Available,,,,,,,,,,,,,,,,,,,,,,,,,2615,-80 Freezer,5105,A Shelf,dyn-rack-1782413261948-963,AD,drawer-1786393098113-4,AD5,,,dyn-box-1782413261949-980,AD5-2,,,NP00001206,SL1344 deltaSsaV Salmonella glycerol stocks,1,1,,,,2026-05-20,T3SS assembly defficient strain of T3SS expressing salmonella. Deletes export gate or export gate apparatus. Halts SPI-2 based secretion.,,,$,,Default,,,,,
,SL1344 deltaSsaV Salmonella glycerol stocks,,Main Lab,1,vials,,,-80 Freezer / A Shelf / AD / AD5 / AD5-3,-80 Freezer / A Shelf / AD / AD5 / AD5-3,Available,,,,,,,,,,,,,,,,,,,,,,,,,2615,-80 Freezer,5105,A Shelf,dyn-rack-1782413261948-963,AD,drawer-1786393098113-4,AD5,,,dyn-box-1782413261949-981,AD5-3,,,NP00001207,SL1344 deltaSsaV Salmonella glycerol stocks,1,1,,,,2026-05-20,T3SS assembly defficient strain of T3SS expressing salmonella. Deletes export gate or export gate apparatus. Halts SPI-2 based secretion.,,,$,,Default,,,,,
,0.3 M UDP-Ara4N,,Main Lab,1,vials,,,-80 Freezer / A Shelf / AB / AB2 / AB2-2: ArnA Inhibitors (ask Austin first!),-80 Freezer / A Shelf / AB / AB2 / AB2-2: ArnA Inhibitors (ask Austin first!),Available,,,,,,,,,,,,,,,,,,,,,,,,,2615,-80 Freezer,5105,A Shelf,dyn-rack-1782413261932-440,AB,drawer-1786392471805-2,AB2,,,dyn-box-1782413261939-635,AB2-2: ArnA Inhibitors (ask Austin first!),,,NP00001208,0.3 M UDP-Ara4N,5,5,300 mM (0.3 M),100 uL,,2026-05-26,See: ADB-10-046 for preparation notes.,,,$,,Default,,,,,
,nmEptA pellets x 6,,Main Lab,1,vials,,,-80 Freezer / A Shelf / AC / AC1 / AC6-3 Damian Box 3,-80 Freezer / A Shelf / AC / AC1 / AC6-3 Damian Box 3,Available,,,,,,,,,,,,,,,,,,,,,,,,,2615,-80 Freezer,5105,A Shelf,dyn-rack-1782413261946-864,AC,drawer-1786392716337-1,AC1,,,dyn-box-1782413261949-983,AC6-3 Damian Box 3,,,NP00001209,nmEptA pellets x 6,1,1,,,,2026-06-10,,,,$,,Default,,,,,
,ec_ArnA_FL,,Main Lab,1,vials,,,-80 Freezer / A Shelf / AB / AB2 / AB2-4-ArnA-FL,-80 Freezer / A Shelf / AB / AB2 / AB2-4-ArnA-FL,Available,,,,,,,,,,,,,,,,,,,,,,,,,2615,-80 Freezer,5105,A Shelf,dyn-rack-1782413261932-440,AB,drawer-1786392471805-2,AB2,,,dyn-box-1782413261935-533,AB2-4-ArnA-FL,,,NP00001210,ec_ArnA_FL,2,2,14 mg/mL,,,2026-06-17,,,,$,,Default,,,,,
,ec_ArnA_FL,,Main Lab,1,vials,,,-80 Freezer / A Shelf / AB / AB2 / AB2-4-ArnA-FL,-80 Freezer / A Shelf / AB / AB2 / AB2-4-ArnA-FL,Available,,,,,,,,,,,,,,,,,,,,,,,,,2615,-80 Freezer,5105,A Shelf,dyn-rack-1782413261932-440,AB,drawer-1786392471805-2,AB2,,,dyn-box-1782413261935-533,AB2-4-ArnA-FL,,,NP00001211,ec_ArnA_FL,3,2,14 mg/mL,,,2026-06-17,,,,$,,Default,,,,,
,ec_ArnA_FL,,Main Lab,1,vials,,,-80 Freezer / A Shelf / AB / AB2 / AB2-4-ArnA-FL,-80 Freezer / A Shelf / AB / AB2 / AB2-4-ArnA-FL,Available,,,,,,,,,,,,,,,,,,,,,,,,,2615,-80 Freezer,5105,A Shelf,dyn-rack-1782413261932-440,AB,drawer-1786392471805-2,AB2,,,dyn-box-1782413261935-533,AB2-4-ArnA-FL,,,NP00001212,ec_ArnA_FL,4,2,14 mg/mL,,,2026-06-17,,,,$,,Default,,,,,
,ec_ArnA_FL,,Main Lab,1,vials,,,-80 Freezer / A Shelf / AB / AB2 / AB2-4-ArnA-FL,-80 Freezer / A Shelf / AB / AB2 / AB2-4-ArnA-FL,Available,,,,,,,,,,,,,,,,,,,,,,,,,2615,-80 Freezer,5105,A Shelf,dyn-rack-1782413261932-440,AB,drawer-1786392471805-2,AB2,,,dyn-box-1782413261935-533,AB2-4-ArnA-FL,,,NP00001213,ec_ArnA_FL,5,2,14 mg/mL,,,2026-06-17,,,,$,,Default,,,,,
,ec_ArnA_FL,,Main Lab,1,vials,,,-80 Freezer / A Shelf / AB / AB2 / AB2-4-ArnA-FL,-80 Freezer / A Shelf / AB / AB2 / AB2-4-ArnA-FL,Available,,,,,,,,,,,,,,,,,,,,,,,,,2615,-80 Freezer,5105,A Shelf,dyn-rack-1782413261932-440,AB,drawer-1786392471805-2,AB2,,,dyn-box-1782413261935-533,AB2-4-ArnA-FL,,,NP00001214,ec_ArnA_FL,6,2,14 mg/mL,,,2026-06-17,,,,$,,Default,,,,,
,ec_ArnA_FL,,Main Lab,1,vials,,,-80 Freezer / A Shelf / AB / AB2 / AB2-4-ArnA-FL,-80 Freezer / A Shelf / AB / AB2 / AB2-4-ArnA-FL,Available,,,,,,,,,,,,,,,,,,,,,,,,,2615,-80 Freezer,5105,A Shelf,dyn-rack-1782413261932-440,AB,drawer-1786392471805-2,AB2,,,dyn-box-1782413261935-533,AB2-4-ArnA-FL,,,NP00001215,ec_ArnA_FL,7,2,14 mg/mL,,,2026-06-17,,,,$,,Default,,,,,
,ec_ArnA_FL,,Main Lab,1,vials,,,-80 Freezer / A Shelf / AB / AB2 / AB2-4-ArnA-FL,-80 Freezer / A Shelf / AB / AB2 / AB2-4-ArnA-FL,Available,,,,,,,,,,,,,,,,,,,,,,,,,2615,-80 Freezer,5105,A Shelf,dyn-rack-1782413261932-440,AB,drawer-1786392471805-2,AB2,,,dyn-box-1782413261935-533,AB2-4-ArnA-FL,,,NP00001216,ec_ArnA_FL,3,1,14 mg/mL,,,2026-06-17,,,,$,,Default,,,,,
,ec_ArnA_FL,,Main Lab,1,vials,,,-80 Freezer / A Shelf / AB / AB2 / AB2-4-ArnA-FL,-80 Freezer / A Shelf / AB / AB2 / AB2-4-ArnA-FL,Available,,,,,,,,,,,,,,,,,,,,,,,,,2615,-80 Freezer,5105,A Shelf,dyn-rack-1782413261932-440,AB,drawer-1786392471805-2,AB2,,,dyn-box-1782413261935-533,AB2-4-ArnA-FL,,,NP00001217,ec_ArnA_FL,4,1,14 mg/mL,,,2026-06-17,,,,$,,Default,,,,,
,ec_ArnA_FL,,Main Lab,1,vials,,,-80 Freezer / A Shelf / AB / AB2 / AB2-4-ArnA-FL,-80 Freezer / A Shelf / AB / AB2 / AB2-4-ArnA-FL,Available,,,,,,,,,,,,,,,,,,,,,,,,,2615,-80 Freezer,5105,A Shelf,dyn-rack-1782413261932-440,AB,drawer-1786392471805-2,AB2,,,dyn-box-1782413261935-533,AB2-4-ArnA-FL,,,NP00001218,ec_ArnA_FL,5,1,14 mg/mL,,,2026-06-17,,,,$,,Default,,,,,
,ec_ArnA_FL,,Main Lab,1,vials,,,-80 Freezer / A Shelf / AB / AB2 / AB2-4-ArnA-FL,-80 Freezer / A Shelf / AB / AB2 / AB2-4-ArnA-FL,Available,,,,,,,,,,,,,,,,,,,,,,,,,2615,-80 Freezer,5105,A Shelf,dyn-rack-1782413261932-440,AB,drawer-1786392471805-2,AB2,,,dyn-box-1782413261935-533,AB2-4-ArnA-FL,,,NP00001219,ec_ArnA_FL,6,1,14 mg/mL,,,2026-06-17,,,,$,,Default,,,,,
,ec_ArnA_FL,,Main Lab,1,vials,,,-80 Freezer / A Shelf / AB / AB2 / AB2-4-ArnA-FL,-80 Freezer / A Shelf / AB / AB2 / AB2-4-ArnA-FL,Available,,,,,,,,,,,,,,,,,,,,,,,,,2615,-80 Freezer,5105,A Shelf,dyn-rack-1782413261932-440,AB,drawer-1786392471805-2,AB2,,,dyn-box-1782413261935-533,AB2-4-ArnA-FL,,,NP00001220,ec_ArnA_FL,7,1,14 mg/mL,,,2026-06-17,,,,$,,Default,,,,,
,ec_ArnA_FL,,Main Lab,1,vials,,,-80 Freezer / A Shelf / AB / AB2 / AB2-4-ArnA-FL,-80 Freezer / A Shelf / AB / AB2 / AB2-4-ArnA-FL,Available,,,,,,,,,,,,,,,,,,,,,,,,,2615,-80 Freezer,5105,A Shelf,dyn-rack-1782413261932-440,AB,drawer-1786392471805-2,AB2,,,dyn-box-1782413261935-533,AB2-4-ArnA-FL,,,NP00001221,ec_ArnA_FL,3,3,14 mg/mL,,,2026-06-17,,,,$,,Default,,,,,
,ec_ArnA_FL,,Main Lab,1,vials,,,-80 Freezer / A Shelf / AB / AB2 / AB2-4-ArnA-FL,-80 Freezer / A Shelf / AB / AB2 / AB2-4-ArnA-FL,Available,,,,,,,,,,,,,,,,,,,,,,,,,2615,-80 Freezer,5105,A Shelf,dyn-rack-1782413261932-440,AB,drawer-1786392471805-2,AB2,,,dyn-box-1782413261935-533,AB2-4-ArnA-FL,,,NP00001222,ec_ArnA_FL,4,3,14 mg/mL,,,2026-06-17,,,,$,,Default,,,,,
,ec_ArnA_FL,,Main Lab,1,vials,,,-80 Freezer / A Shelf / AB / AB2 / AB2-4-ArnA-FL,-80 Freezer / A Shelf / AB / AB2 / AB2-4-ArnA-FL,Available,,,,,,,,,,,,,,,,,,,,,,,,,2615,-80 Freezer,5105,A Shelf,dyn-rack-1782413261932-440,AB,drawer-1786392471805-2,AB2,,,dyn-box-1782413261935-533,AB2-4-ArnA-FL,,,NP00001223,ec_ArnA_FL,5,3,14 mg/mL,,,2026-06-17,,,,$,,Default,,,,,
,ec_ArnA_FL,,Main Lab,1,vials,,,-80 Freezer / A Shelf / AB / AB2 / AB2-4-ArnA-FL,-80 Freezer / A Shelf / AB / AB2 / AB2-4-ArnA-FL,Available,,,,,,,,,,,,,,,,,,,,,,,,,2615,-80 Freezer,5105,A Shelf,dyn-rack-1782413261932-440,AB,drawer-1786392471805-2,AB2,,,dyn-box-1782413261935-533,AB2-4-ArnA-FL,,,NP00001224,ec_ArnA_FL,6,3,14 mg/mL,,,2026-06-17,,,,$,,Default,,,,,
,ec_ArnA_FL,,Main Lab,1,vials,,,-80 Freezer / A Shelf / AB / AB2 / AB2-4-ArnA-FL,-80 Freezer / A Shelf / AB / AB2 / AB2-4-ArnA-FL,Available,,,,,,,,,,,,,,,,,,,,,,,,,2615,-80 Freezer,5105,A Shelf,dyn-rack-1782413261932-440,AB,drawer-1786392471805-2,AB2,,,dyn-box-1782413261935-533,AB2-4-ArnA-FL,,,NP00001225,ec_ArnA_FL,7,3,14 mg/mL,,,2026-06-17,,,,$,,Default,,,,,
,ec_ArnA_FL,,Main Lab,1,vials,,,-80 Freezer / A Shelf / AB / AB2 / AB2-4-ArnA-FL,-80 Freezer / A Shelf / AB / AB2 / AB2-4-ArnA-FL,Available,,,,,,,,,,,,,,,,,,,,,,,,,2615,-80 Freezer,5105,A Shelf,dyn-rack-1782413261932-440,AB,drawer-1786392471805-2,AB2,,,dyn-box-1782413261935-533,AB2-4-ArnA-FL,,,NP00001226,ec_ArnA_FL,3,4,14 mg/mL,,,2026-06-17,,,,$,,Default,,,,,
,ec_ArnA_FL,,Main Lab,1,vials,,,-80 Freezer / A Shelf / AB / AB2 / AB2-4-ArnA-FL,-80 Freezer / A Shelf / AB / AB2 / AB2-4-ArnA-FL,Available,,,,,,,,,,,,,,,,,,,,,,,,,2615,-80 Freezer,5105,A Shelf,dyn-rack-1782413261932-440,AB,drawer-1786392471805-2,AB2,,,dyn-box-1782413261935-533,AB2-4-ArnA-FL,,,NP00001227,ec_ArnA_FL,4,4,14 mg/mL,,,2026-06-17,,,,$,,Default,,,,,
,ec_ArnA_FL,,Main Lab,1,vials,,,-80 Freezer / A Shelf / AB / AB2 / AB2-4-ArnA-FL,-80 Freezer / A Shelf / AB / AB2 / AB2-4-ArnA-FL,Available,,,,,,,,,,,,,,,,,,,,,,,,,2615,-80 Freezer,5105,A Shelf,dyn-rack-1782413261932-440,AB,drawer-1786392471805-2,AB2,,,dyn-box-1782413261935-533,AB2-4-ArnA-FL,,,NP00001228,ec_ArnA_FL,5,4,14 mg/mL,,,2026-06-17,,,,$,,Default,,,,,
,ec_ArnA_FL,,Main Lab,1,vials,,,-80 Freezer / A Shelf / AB / AB2 / AB2-4-ArnA-FL,-80 Freezer / A Shelf / AB / AB2 / AB2-4-ArnA-FL,Available,,,,,,,,,,,,,,,,,,,,,,,,,2615,-80 Freezer,5105,A Shelf,dyn-rack-1782413261932-440,AB,drawer-1786392471805-2,AB2,,,dyn-box-1782413261935-533,AB2-4-ArnA-FL,,,NP00001229,ec_ArnA_FL,6,4,14 mg/mL,,,2026-06-17,,,,$,,Default,,,,,
,ec_ArnA_FL,,Main Lab,1,vials,,,-80 Freezer / A Shelf / AB / AB2 / AB2-4-ArnA-FL,-80 Freezer / A Shelf / AB / AB2 / AB2-4-ArnA-FL,Available,,,,,,,,,,,,,,,,,,,,,,,,,2615,-80 Freezer,5105,A Shelf,dyn-rack-1782413261932-440,AB,drawer-1786392471805-2,AB2,,,dyn-box-1782413261935-533,AB2-4-ArnA-FL,,,NP00001230,ec_ArnA_FL,7,4,14 mg/mL,,,2026-06-17,,,,$,,Default,,,,,
,ec_ArnA_FL,,Main Lab,1,vials,,,-80 Freezer / A Shelf / AB / AB2 / AB2-4-ArnA-FL,-80 Freezer / A Shelf / AB / AB2 / AB2-4-ArnA-FL,Available,,,,,,,,,,,,,,,,,,,,,,,,,2615,-80 Freezer,5105,A Shelf,dyn-rack-1782413261932-440,AB,drawer-1786392471805-2,AB2,,,dyn-box-1782413261935-533,AB2-4-ArnA-FL,,,NP00001231,ec_ArnA_FL,3,5,14 mg/mL,,,2026-06-17,,,,$,,Default,,,,,
,ec_ArnA_FL,,Main Lab,1,vials,,,-80 Freezer / A Shelf / AB / AB2 / AB2-4-ArnA-FL,-80 Freezer / A Shelf / AB / AB2 / AB2-4-ArnA-FL,Available,,,,,,,,,,,,,,,,,,,,,,,,,2615,-80 Freezer,5105,A Shelf,dyn-rack-1782413261932-440,AB,drawer-1786392471805-2,AB2,,,dyn-box-1782413261935-533,AB2-4-ArnA-FL,,,NP00001232,ec_ArnA_FL,4,5,14 mg/mL,,,2026-06-17,,,,$,,Default,,,,,
,ec_ArnA_FL,,Main Lab,1,vials,,,-80 Freezer / A Shelf / AB / AB2 / AB2-4-ArnA-FL,-80 Freezer / A Shelf / AB / AB2 / AB2-4-ArnA-FL,Available,,,,,,,,,,,,,,,,,,,,,,,,,2615,-80 Freezer,5105,A Shelf,dyn-rack-1782413261932-440,AB,drawer-1786392471805-2,AB2,,,dyn-box-1782413261935-533,AB2-4-ArnA-FL,,,NP00001233,ec_ArnA_FL,5,5,14 mg/mL,,,2026-06-17,,,,$,,Default,,,,,
,ec_ArnA_FL,,Main Lab,1,vials,,,-80 Freezer / A Shelf / AB / AB2 / AB2-4-ArnA-FL,-80 Freezer / A Shelf / AB / AB2 / AB2-4-ArnA-FL,Available,,,,,,,,,,,,,,,,,,,,,,,,,2615,-80 Freezer,5105,A Shelf,dyn-rack-1782413261932-440,AB,drawer-1786392471805-2,AB2,,,dyn-box-1782413261935-533,AB2-4-ArnA-FL,,,NP00001234,ec_ArnA_FL,6,5,14 mg/mL,,,2026-06-17,,,,$,,Default,,,,,
,ec_ArnA_FL,,Main Lab,1,vials,,,-80 Freezer / A Shelf / AB / AB2 / AB2-4-ArnA-FL,-80 Freezer / A Shelf / AB / AB2 / AB2-4-ArnA-FL,Available,,,,,,,,,,,,,,,,,,,,,,,,,2615,-80 Freezer,5105,A Shelf,dyn-rack-1782413261932-440,AB,drawer-1786392471805-2,AB2,,,dyn-box-1782413261935-533,AB2-4-ArnA-FL,,,NP00001235,ec_ArnA_FL,7,5,14 mg/mL,,,2026-06-17,,,,$,,Default,,,,,
,ec_ArnA_FL,,Main Lab,1,vials,,,-80 Freezer / A Shelf / AB / AB2 / AB2-4-ArnA-FL,-80 Freezer / A Shelf / AB / AB2 / AB2-4-ArnA-FL,Available,,,,,,,,,,,,,,,,,,,,,,,,,2615,-80 Freezer,5105,A Shelf,dyn-rack-1782413261932-440,AB,drawer-1786392471805-2,AB2,,,dyn-box-1782413261935-533,AB2-4-ArnA-FL,,,NP00001236,ec_ArnA_FL,3,6,14 mg/mL,,,2026-06-17,,,,$,,Default,,,,,
,ec_ArnA_FL,,Main Lab,1,vials,,,-80 Freezer / A Shelf / AB / AB2 / AB2-4-ArnA-FL,-80 Freezer / A Shelf / AB / AB2 / AB2-4-ArnA-FL,Available,,,,,,,,,,,,,,,,,,,,,,,,,2615,-80 Freezer,5105,A Shelf,dyn-rack-1782413261932-440,AB,drawer-1786392471805-2,AB2,,,dyn-box-1782413261935-533,AB2-4-ArnA-FL,,,NP00001237,ec_ArnA_FL,4,6,14 mg/mL,,,2026-06-17,,,,$,,Default,,,,,
,ec_ArnA_FL,,Main Lab,1,vials,,,-80 Freezer / A Shelf / AB / AB2 / AB2-4-ArnA-FL,-80 Freezer / A Shelf / AB / AB2 / AB2-4-ArnA-FL,Available,,,,,,,,,,,,,,,,,,,,,,,,,2615,-80 Freezer,5105,A Shelf,dyn-rack-1782413261932-440,AB,drawer-1786392471805-2,AB2,,,dyn-box-1782413261935-533,AB2-4-ArnA-FL,,,NP00001238,ec_ArnA_FL,5,6,14 mg/mL,,,2026-06-17,,,,$,,Default,,,,,
,ec_ArnA_FL,,Main Lab,1,vials,,,-80 Freezer / A Shelf / AB / AB2 / AB2-4-ArnA-FL,-80 Freezer / A Shelf / AB / AB2 / AB2-4-ArnA-FL,Available,,,,,,,,,,,,,,,,,,,,,,,,,2615,-80 Freezer,5105,A Shelf,dyn-rack-1782413261932-440,AB,drawer-1786392471805-2,AB2,,,dyn-box-1782413261935-533,AB2-4-ArnA-FL,,,NP00001239,ec_ArnA_FL,6,6,14 mg/mL,,,2026-06-17,,,,$,,Default,,,,,
,ec_ArnA_FL,,Main Lab,1,vials,,,-80 Freezer / A Shelf / AB / AB2 / AB2-4-ArnA-FL,-80 Freezer / A Shelf / AB / AB2 / AB2-4-ArnA-FL,Available,,,,,,,,,,,,,,,,,,,,,,,,,2615,-80 Freezer,5105,A Shelf,dyn-rack-1782413261932-440,AB,drawer-1786392471805-2,AB2,,,dyn-box-1782413261935-533,AB2-4-ArnA-FL,,,NP00001240,ec_ArnA_FL,7,6,14 mg/mL,,,2026-06-17,,,,$,,Default,,,,,
,ec_ArnA_FL,,Main Lab,1,vials,,,-80 Freezer / A Shelf / AB / AB2 / AB2-4-ArnA-FL,-80 Freezer / A Shelf / AB / AB2 / AB2-4-ArnA-FL,Available,,,,,,,,,,,,,,,,,,,,,,,,,2615,-80 Freezer,5105,A Shelf,dyn-rack-1782413261932-440,AB,drawer-1786392471805-2,AB2,,,dyn-box-1782413261935-533,AB2-4-ArnA-FL,,,NP00001241,ec_ArnA_FL,3,7,14 mg/mL,,,2026-06-17,,,,$,,Default,,,,,
,ec_ArnA_FL,,Main Lab,1,vials,,,-80 Freezer / A Shelf / AB / AB2 / AB2-4-ArnA-FL,-80 Freezer / A Shelf / AB / AB2 / AB2-4-ArnA-FL,Available,,,,,,,,,,,,,,,,,,,,,,,,,2615,-80 Freezer,5105,A Shelf,dyn-rack-1782413261932-440,AB,drawer-1786392471805-2,AB2,,,dyn-box-1782413261935-533,AB2-4-ArnA-FL,,,NP00001242,ec_ArnA_FL,4,7,14 mg/mL,,,2026-06-17,,,,$,,Default,,,,,
,ec_ArnA_FL,,Main Lab,1,vials,,,-80 Freezer / A Shelf / AB / AB2 / AB2-4-ArnA-FL,-80 Freezer / A Shelf / AB / AB2 / AB2-4-ArnA-FL,Available,,,,,,,,,,,,,,,,,,,,,,,,,2615,-80 Freezer,5105,A Shelf,dyn-rack-1782413261932-440,AB,drawer-1786392471805-2,AB2,,,dyn-box-1782413261935-533,AB2-4-ArnA-FL,,,NP00001243,ec_ArnA_FL,5,7,14 mg/mL,,,2026-06-17,,,,$,,Default,,,,,
,ec_ArnA_FL,,Main Lab,1,vials,,,-80 Freezer / A Shelf / AB / AB2 / AB2-4-ArnA-FL,-80 Freezer / A Shelf / AB / AB2 / AB2-4-ArnA-FL,Available,,,,,,,,,,,,,,,,,,,,,,,,,2615,-80 Freezer,5105,A Shelf,dyn-rack-1782413261932-440,AB,drawer-1786392471805-2,AB2,,,dyn-box-1782413261935-533,AB2-4-ArnA-FL,,,NP00001244,ec_ArnA_FL,6,7,14 mg/mL,,,2026-06-17,,,,$,,Default,,,,,
,ec_ArnA_FL,,Main Lab,1,vials,,,-80 Freezer / A Shelf / AB / AB2 / AB2-4-ArnA-FL,-80 Freezer / A Shelf / AB / AB2 / AB2-4-ArnA-FL,Available,,,,,,,,,,,,,,,,,,,,,,,,,2615,-80 Freezer,5105,A Shelf,dyn-rack-1782413261932-440,AB,drawer-1786392471805-2,AB2,,,dyn-box-1782413261935-533,AB2-4-ArnA-FL,,,NP00001245,ec_ArnA_FL,7,7,14 mg/mL,,,2026-06-17,,,,$,,Default,,,,,
,ec_ArnA_FL,,Main Lab,1,vials,,,-80 Freezer / A Shelf / AB / AB2 / AB2-4-ArnA-FL,-80 Freezer / A Shelf / AB / AB2 / AB2-4-ArnA-FL,Available,,,,,,,,,,,,,,,,,,,,,,,,,2615,-80 Freezer,5105,A Shelf,dyn-rack-1782413261932-440,AB,drawer-1786392471805-2,AB2,,,dyn-box-1782413261935-533,AB2-4-ArnA-FL,,,NP00001246,ec_ArnA_FL,3,8,14 mg/mL,,,2026-06-17,,,,$,,Default,,,,,
,ec_ArnA_FL,,Main Lab,1,vials,,,-80 Freezer / A Shelf / AB / AB2 / AB2-4-ArnA-FL,-80 Freezer / A Shelf / AB / AB2 / AB2-4-ArnA-FL,Available,,,,,,,,,,,,,,,,,,,,,,,,,2615,-80 Freezer,5105,A Shelf,dyn-rack-1782413261932-440,AB,drawer-1786392471805-2,AB2,,,dyn-box-1782413261935-533,AB2-4-ArnA-FL,,,NP00001247,ec_ArnA_FL,4,8,14 mg/mL,,,2026-06-17,,,,$,,Default,,,,,
,ec_ArnA_FL,,Main Lab,1,vials,,,-80 Freezer / A Shelf / AB / AB2 / AB2-4-ArnA-FL,-80 Freezer / A Shelf / AB / AB2 / AB2-4-ArnA-FL,Available,,,,,,,,,,,,,,,,,,,,,,,,,2615,-80 Freezer,5105,A Shelf,dyn-rack-1782413261932-440,AB,drawer-1786392471805-2,AB2,,,dyn-box-1782413261935-533,AB2-4-ArnA-FL,,,NP00001248,ec_ArnA_FL,5,8,14 mg/mL,,,2026-06-17,,,,$,,Default,,,,,
,ec_ArnA_FL,,Main Lab,1,vials,,,-80 Freezer / A Shelf / AB / AB2 / AB2-4-ArnA-FL,-80 Freezer / A Shelf / AB / AB2 / AB2-4-ArnA-FL,Available,,,,,,,,,,,,,,,,,,,,,,,,,2615,-80 Freezer,5105,A Shelf,dyn-rack-1782413261932-440,AB,drawer-1786392471805-2,AB2,,,dyn-box-1782413261935-533,AB2-4-ArnA-FL,,,NP00001249,ec_ArnA_FL,6,8,14 mg/mL,,,2026-06-17,,,,$,,Default,,,,,
,ec_ArnA_FL,,Main Lab,1,vials,,,-80 Freezer / A Shelf / AB / AB2 / AB2-4-ArnA-FL,-80 Freezer / A Shelf / AB / AB2 / AB2-4-ArnA-FL,Available,,,,,,,,,,,,,,,,,,,,,,,,,2615,-80 Freezer,5105,A Shelf,dyn-rack-1782413261932-440,AB,drawer-1786392471805-2,AB2,,,dyn-box-1782413261935-533,AB2-4-ArnA-FL,,,NP00001250,ec_ArnA_FL,7,8,14 mg/mL,,,2026-06-17,,,,$,,Default,,,,,
,ec_ArnA_FL,,Main Lab,1,vials,,,-80 Freezer / A Shelf / AB / AB2 / AB2-4-ArnA-FL,-80 Freezer / A Shelf / AB / AB2 / AB2-4-ArnA-FL,Available,,,,,,,,,,,,,,,,,,,,,,,,,2615,-80 Freezer,5105,A Shelf,dyn-rack-1782413261932-440,AB,drawer-1786392471805-2,AB2,,,dyn-box-1782413261935-533,AB2-4-ArnA-FL,,,NP00001251,ec_ArnA_FL,3,9,14 mg/mL,,,2026-06-17,,,,$,,Default,,,,,
,ec_ArnA_FL,,Main Lab,1,vials,,,-80 Freezer / A Shelf / AB / AB2 / AB2-4-ArnA-FL,-80 Freezer / A Shelf / AB / AB2 / AB2-4-ArnA-FL,Available,,,,,,,,,,,,,,,,,,,,,,,,,2615,-80 Freezer,5105,A Shelf,dyn-rack-1782413261932-440,AB,drawer-1786392471805-2,AB2,,,dyn-box-1782413261935-533,AB2-4-ArnA-FL,,,NP00001252,ec_ArnA_FL,4,9,14 mg/mL,,,2026-06-17,,,,$,,Default,,,,,
,ec_ArnA_FL,,Main Lab,1,vials,,,-80 Freezer / A Shelf / AB / AB2 / AB2-4-ArnA-FL,-80 Freezer / A Shelf / AB / AB2 / AB2-4-ArnA-FL,Available,,,,,,,,,,,,,,,,,,,,,,,,,2615,-80 Freezer,5105,A Shelf,dyn-rack-1782413261932-440,AB,drawer-1786392471805-2,AB2,,,dyn-box-1782413261935-533,AB2-4-ArnA-FL,,,NP00001253,ec_ArnA_FL,5,9,14 mg/mL,,,2026-06-17,,,,$,,Default,,,,,
,ec_ArnA_FL,,Main Lab,1,vials,,,-80 Freezer / A Shelf / AB / AB2 / AB2-4-ArnA-FL,-80 Freezer / A Shelf / AB / AB2 / AB2-4-ArnA-FL,Available,,,,,,,,,,,,,,,,,,,,,,,,,2615,-80 Freezer,5105,A Shelf,dyn-rack-1782413261932-440,AB,drawer-1786392471805-2,AB2,,,dyn-box-1782413261935-533,AB2-4-ArnA-FL,,,NP00001254,ec_ArnA_FL,6,9,14 mg/mL,,,2026-06-17,,,,$,,Default,,,,,
,ec_ArnA_FL,,Main Lab,1,vials,,,-80 Freezer / A Shelf / AB / AB2 / AB2-4-ArnA-FL,-80 Freezer / A Shelf / AB / AB2 / AB2-4-ArnA-FL,Available,,,,,,,,,,,,,,,,,,,,,,,,,2615,-80 Freezer,5105,A Shelf,dyn-rack-1782413261932-440,AB,drawer-1786392471805-2,AB2,,,dyn-box-1782413261935-533,AB2-4-ArnA-FL,,,NP00001255,ec_ArnA_FL,7,9,14 mg/mL,,,2026-06-17,,,,$,,Default,,,,,
,BirA Reagents,,Lab Main,6,vials,,,-80 Freezer / A Shelf / AG / AG4 / AG4-2 Marc-Andre 2026 Box 1,-80 Freezer / A Shelf / AG / AG4 / AG4-2 Marc-Andre 2026 Box 1,Available,,,,,,,,,,,,,,,,,,,,,,,,,dyn-store-1782413261908-0,-80 Freezer,dyn-shelf-1782413261908-0,A Shelf,dyn-rack-1782413261935-529,AG,drawer-1783441005600,AG4,,,box-1783441401786,AG4-2 Marc-Andre 2026 Box 1,,,,BirA Reagents,1,1,,,,2026-07-07T16:23:29.346Z,,,,,,Sample,,,,,
,pMS 1862 in BL-21 pLysS Glycerol Stock,,Lab Main,1,vials,,,-80 Freezer / A Shelf / AG / AG4 / AG4-3 Marc-Andre Glycerol Stocks,-80 Freezer / A Shelf / AG / AG4 / AG4-3 Marc-Andre Glycerol Stocks,Available,,,,,,,,,,,,,,,,,,,,,,,,,dyn-store-1782413261908-0,-80 Freezer,dyn-shelf-1782413261908-0,A Shelf,dyn-rack-1782413261935-529,AG,drawer-1783441005600,AG4,,,box-1783533218323,AG4-3 Marc-Andre Glycerol Stocks,,,,pMS 1862 in BL-21 pLysS Glycerol Stock,1,1,,,,2026-07-08T17:53:48.598Z,,,,,,Glycerol Stock,,,,,
,pMS 1864 in BL-21 pLysS Glycerol Stock,,Lab Main,1,vials,,,-80 Freezer / A Shelf / AG / AG4 / AG4-3 Marc-Andre Glycerol Stocks,-80 Freezer / A Shelf / AG / AG4 / AG4-3 Marc-Andre Glycerol Stocks,Available,,,,,,,,,,,,,,,,,,,,,,,,,dyn-store-1782413261908-0,-80 Freezer,dyn-shelf-1782413261908-0,A Shelf,dyn-rack-1782413261935-529,AG,drawer-1783441005600,AG4,,,box-1783533218323,AG4-3 Marc-Andre Glycerol Stocks,,,,pMS 1864 in BL-21 pLysS Glycerol Stock,1,3,,,,2026-07-08T17:54:19.873Z,,,,,,Glycerol Stock,,,,,
,pMS 1865 in BL-21 pLysS Glycerol Stock,,Lab Main,1,vials,,,-80 Freezer / A Shelf / AG / AG4 / AG4-3 Marc-Andre Glycerol Stocks,-80 Freezer / A Shelf / AG / AG4 / AG4-3 Marc-Andre Glycerol Stocks,Available,,,,,,,,,,,,,,,,,,,,,,,,,dyn-store-1782413261908-0,-80 Freezer,dyn-shelf-1782413261908-0,A Shelf,dyn-rack-1782413261935-529,AG,drawer-1783441005600,AG4,,,box-1783533218323,AG4-3 Marc-Andre Glycerol Stocks,,,,pMS 1865 in BL-21 pLysS Glycerol Stock,1,4,,,,2026-07-08T17:54:37.136Z,,,,,,Glycerol Stock,,,,,
,pMS 1866 in BL-21 pLysS Glycerol Stock,,Lab Main,1,vials,,,-80 Freezer / A Shelf / AG / AG4 / AG4-3 Marc-Andre Glycerol Stocks,-80 Freezer / A Shelf / AG / AG4 / AG4-3 Marc-Andre Glycerol Stocks,Available,,,,,,,,,,,,,,,,,,,,,,,,,dyn-store-1782413261908-0,-80 Freezer,dyn-shelf-1782413261908-0,A Shelf,dyn-rack-1782413261935-529,AG,drawer-1783441005600,AG4,,,box-1783533218323,AG4-3 Marc-Andre Glycerol Stocks,,,,pMS 1866 in BL-21 pLysS Glycerol Stock,1,5,,,,2026-07-08T17:54:47.988Z,,,,,,Glycerol Stock,,,,,
,4-Nitrophenol,100-02-7,Lab Main,1,Bottle,,,Chemical Shelfs / Middle Shelf,Chemical Shelfs / Middle Shelf,Available,,,,,,,,,,,,,,,,,,,,,,,,,dyn-store-1782413208556-2,Chemical Shelfs,dyn-shelf-1782413208556-2,Middle Shelf,,,,,,,,,,,,4-Nitrophenol,,,,100 g,,2026-08-03T20:41:28.570Z,,,,,,Reagent,,,,,
,"Visualizer Western Blot Detection Kit, rabbit",,Lab Main,1,box,,,Refrigerator #1 / Fridge door,Refrigerator #1 / Fridge door,Available,,,,,,,,,,,,,,,,,,,,,,,,,dyn-store-1782413208557-4,Refrigerator #1,shelf-1786383135559,Fridge door,,,,,,,,,,,,"Visualizer Western Blot Detection Kit, rabbit",,,,,,2026-08-10T17:35:25.788Z,,,,,,Sample,,,,,
,Mini ProBlott Membranes,,Lab Main,1,,,,Refrigerator #1 / Fridge door,Refrigerator #1 / Fridge door,Available,,,,,,,,,,,,,,,,,,,,,,,,,dyn-store-1782413208557-4,Refrigerator #1,shelf-1786383135559,Fridge door,,,,,,,,,,,,Mini ProBlott Membranes,,,,,,2026-08-10T17:42:51.605Z,,,,,,Sample,,,,,
,"SIGMAFAST protease inhibitor cocktail tablets, EDTA Free",,Lab Main,1,box,,,Refrigerator #1 / Fridge door,Refrigerator #1 / Fridge door,Available,,,,,,,,,,,,,,,,,,,,,,,,,dyn-store-1782413208557-4,Refrigerator #1,shelf-1786383135559,Fridge door,,,,,,,,,,,,"SIGMAFAST protease inhibitor cocktail tablets, EDTA Free",,,,,,2026-08-10T18:21:49.704Z,,,,,,Sample,,,,,
,Qubit RNA BR Assay Kit,,Lab Main,1,kit,,,Refrigerator #1 / Fridge door,Refrigerator #1 / Fridge door,Available,,,,,,,,,,,,,,,,,,,,,,,,,dyn-store-1782413208557-4,Refrigerator #1,shelf-1786383135559,Fridge door,,,,,,,,,,,,Qubit RNA BR Assay Kit,,,,,,2026-08-10T18:23:03.991Z,,,,,,Sample,,,,,
,Proteinase K in storage buffer,,Lab Main,1,vial,,,Refrigerator #1 / Fridge door,Refrigerator #1 / Fridge door,Available,,,,,,,,,,,,,,,,,,,,,,,,,dyn-store-1782413208557-4,Refrigerator #1,shelf-1786383135559,Fridge door,,,,,,,,,,,,Proteinase K in storage buffer,,,,,,2026-08-10T18:23:46.734Z,,,,,,Sample,,,,,
,"Cellulose Ester (CE) Dialysis Membranes, MWCO 500",,Lab Main,1,box,,,Refrigerator #1 / Fridge door,Refrigerator #1 / Fridge door,Available,,,,,,,,,,,,,,,,,,,,,,,,,dyn-store-1782413208557-4,Refrigerator #1,shelf-1786383135559,Fridge door,,,,,,,,,,,,"Cellulose Ester (CE) Dialysis Membranes, MWCO 500",,,,,,2026-08-10T18:24:19.674Z,,,,,,Sample,,,,,
,Chitin Resin,,Lab Main,1,bottles,,,Refrigerator #1 / Fridge door,Refrigerator #1 / Fridge door,Available,,,,,,,,,,,,,,,,,,,,,,,,,dyn-store-1782413208557-4,Refrigerator #1,shelf-1786383135559,Fridge door,,,,,,,,,,,,Chitin Resin,,,,,,2026-08-10T18:27:09.549Z,,,,,,Sample,,,,,
,4% Paraformaldehyde Solution in PBS,,Lab Main,1,bottle,,,Refrigerator #1 / Fridge door,Refrigerator #1 / Fridge door,Available,,,,,,,,,,,,,,,,,,,,,,,,,dyn-store-1782413208557-4,Refrigerator #1,shelf-1786383135559,Fridge door,,,,,,,,,,,,4% Paraformaldehyde Solution in PBS,,,,1 L,,2026-08-10T18:27:29.283Z,,,,,,Sample,,,,,
,ArnA Lysis Buffer,,Lab Main,1,bottle,,,Refrigerator #1 / Fridge door,Refrigerator #1 / Fridge door,Available,,,,,,,,,,,,,,,,,,,,,,,,,dyn-store-1782413208557-4,Refrigerator #1,shelf-1786383135559,Fridge door,,,,,,,,,,,,ArnA Lysis Buffer,,,,,,2026-08-10T18:28:24.314Z,"500 mM NaCl, 25 mM Tris pH 8, 10% glycerol, 2 mM BME",,,,,Sample,,,,,
,"10,000x Polymyxin B",,Lab Main,1,bottle,,,Refrigerator #1 / 1st Shelf,Refrigerator #1 / 1st Shelf,Available,,,,,,,,,,,,,,,,,,,,,,,,,dyn-store-1782413208557-4,Refrigerator #1,shelf-1786386588250,1st Shelf,,,,,,,,,,,,"10,000x Polymyxin B",,,0.8 mg/mL,,,2026-08-10T18:33:44.231Z,,,,,,Sample,,,,,
,Dynabeads His-Tag Isolation & Pulldown,,Lab Main,1,vial,,,Refrigerator #1 / 1st Shelf,Refrigerator #1 / 1st Shelf,Available,,,,,,,,,,,,,,,,,,,,,,,,,dyn-store-1782413208557-4,Refrigerator #1,shelf-1786386588250,1st Shelf,,,,,,,,,,,,Dynabeads His-Tag Isolation & Pulldown,,,,,2029-02-28,2026-08-10T18:35:15.528Z,,,,,,Sample,,,,,
,Dynabeads MyOne Streptavidin T1,,Lab Main,1,vials,,,Refrigerator #1 / 1st Shelf,Refrigerator #1 / 1st Shelf,Available,,,,,,,,,,,,,,,,,,,,,,,,,dyn-store-1782413208557-4,Refrigerator #1,shelf-1786386588250,1st Shelf,,,,,,,,,,,,Dynabeads MyOne Streptavidin T1,,,10 mg/mL,,2029-07-31,2026-08-10T18:36:05.479Z,,,,,,Sample,,,,,
,Chloramphenicol,,Lab Main,1,bottle,,,Refrigerator #1 / 1st Shelf,Refrigerator #1 / 1st Shelf,Available,,,,,,,,,,,,,,,,,,,,,,,,,dyn-store-1782413208557-4,Refrigerator #1,shelf-1786386588250,1st Shelf,,,,,,,,,,,,Chloramphenicol,,,,,,2026-08-10T18:36:54.765Z,,,,,,Sample,,,,,
,"Triethylammonium Bicarbonate, pH 7",,Lab Main,1,bottle,,,Refrigerator #1 / 1st Shelf,Refrigerator #1 / 1st Shelf,Available,,,,,,,,,,,,,,,,,,,,,,,,,dyn-store-1782413208557-4,Refrigerator #1,shelf-1786386588250,1st Shelf,,,,,,,,,,,,"Triethylammonium Bicarbonate, pH 7",,,100 mM,,,2026-08-10T18:38:52.535Z,,,,,,Sample,,,,,
,NiSO4,,Lab Main,1,bottle,,,Refrigerator #1 / 1st Shelf,Refrigerator #1 / 1st Shelf,Available,,,,,,,,,,,,,,,,,,,,,,,,,dyn-store-1782413208557-4,Refrigerator #1,shelf-1786386588250,1st Shelf,,,,,,,,,,,,NiSO4,,,1 M,,,2026-08-10T18:40:56.379Z,,,,,,Sample,,,,,
,30% Hydrogen Peroxide,,Lab Main,1,bottle,,,Refrigerator #1 / 1st Shelf,Refrigerator #1 / 1st Shelf,Available,,,,,,,,,,,,,,,,,,,,,,,,,dyn-store-1782413208557-4,Refrigerator #1,shelf-1786386588250,1st Shelf,,,,,,,,,,,,30% Hydrogen Peroxide,,,,,,2026-08-10T18:41:23.363Z,,,,,,Sample,,,,,
,Deuterium Oxide,,Lab Main,1,bottle,,,Refrigerator #1 / 1st Shelf,Refrigerator #1 / 1st Shelf,Available,,,,,,,,,,,,,,,,,,,,,,,,,dyn-store-1782413208557-4,Refrigerator #1,shelf-1786386588250,1st Shelf,,,,,,,,,,,,Deuterium Oxide,,,,,,2026-08-10T18:54:43.940Z,99.8 atom % D,,,,,Sample,,,,,
,N-ethylmaleimide 98%,,Lab Main,1,vial,,,Refrigerator #1 / Fridge door / Jar 1,Refrigerator #1 / Fridge door / Jar 1,Available,,,,,,,,,,,,,,,,,,,,,,,,,dyn-store-1782413208557-4,Refrigerator #1,shelf-1786383135559,Fridge door,,,,,,,dyn-box-1782413208564-168,Jar 1,,,,N-ethylmaleimide 98%,,,,,,2026-08-10T18:55:38.162Z,,,,,,Sample,,,,,
,KN-93,,Lab Main,1,vials,,,Refrigerator #1 / Fridge door / Jar 1,Refrigerator #1 / Fridge door / Jar 1,Available,,,,,,,,,,,,,,,,,,,,,,,,,dyn-store-1782413208557-4,Refrigerator #1,shelf-1786383135559,Fridge door,,,,,,,dyn-box-1782413208564-168,Jar 1,,,,KN-93,,,,1 mg,,2026-08-10T18:56:28.409Z,HPLC: 99.7%,,,,,Sample,,,,,
,Carbenicillin,,Lab Main,1,vials,,,Refrigerator #1 / Fridge door / Jar 1,Refrigerator #1 / Fridge door / Jar 1,Available,,,,,,,,,,,,,,,,,,,,,,,,,dyn-store-1782413208557-4,Refrigerator #1,shelf-1786383135559,Fridge door,,,,,,,dyn-box-1782413208564-168,Jar 1,,,,Carbenicillin,,,,5 g,,2026-08-10T18:57:29.731Z,,,,,,Sample,,,,,
,Trolox,,Lab Main,1,vials,,,Refrigerator #1 / Fridge door / Jar 1,Refrigerator #1 / Fridge door / Jar 1,Available,,,,,,,,,,,,,,,,,,,,,,,,,dyn-store-1782413208557-4,Refrigerator #1,shelf-1786383135559,Fridge door,,,,,,,dyn-box-1782413208564-168,Jar 1,,,,Trolox,,,,500 mg,,2026-08-10T18:57:55.041Z,,,,,,Sample,,,,,
,Cibacron Blue 3GA,,Lab Main,1,vials,,,Refrigerator #1 / Fridge door / Jar 1,Refrigerator #1 / Fridge door / Jar 1,Available,,,,,,,,,,,,,,,,,,,,,,,,,dyn-store-1782413208557-4,Refrigerator #1,shelf-1786383135559,Fridge door,,,,,,,dyn-box-1782413208564-168,Jar 1,,,,Cibacron Blue 3GA,,,,,,2026-08-10T18:58:12.215Z,immobilized on cross-linked 4% beaded agarose,,,,,Sample,,,,,
,Phosphodiesterase 3':5' cyclic nucelotide activator,,Lab Main,1,vials,,,Refrigerator #1 / Fridge door / Jar 1,Refrigerator #1 / Fridge door / Jar 1,Available,,,,,,,,,,,,,,,,,,,,,,,,,dyn-store-1782413208557-4,Refrigerator #1,shelf-1786383135559,Fridge door,,,,,,,dyn-box-1782413208564-168,Jar 1,,,,Phosphodiesterase 3':5' cyclic nucelotide activator,,,0.5 M,1 mL,,2026-08-10T18:59:02.852Z,"in NaCl
immobilized on cross-linked 4% beaded agarose",,,,,Sample,,,,,
,GMBS,,Lab Main,1,vials,,,Refrigerator #1 / Fridge door / Jar 1,Refrigerator #1 / Fridge door / Jar 1,Available,,,,,,,,,,,,,,,,,,,,,,,,,dyn-store-1782413208557-4,Refrigerator #1,shelf-1786383135559,Fridge door,,,,,,,dyn-box-1782413208564-168,Jar 1,,,,GMBS,,,,50 mg,,2026-08-10T19:00:50.988Z,,,,,,Sample,,,,,
,Trolox,,Lab Main,1,vials,,,Refrigerator #1 / Fridge door / Jar 1,Refrigerator #1 / Fridge door / Jar 1,Available,,,,,,,,,,,,,,,,,,,,,,,,,dyn-store-1782413208557-4,Refrigerator #1,shelf-1786383135559,Fridge door,,,,,,,dyn-box-1782413208564-168,Jar 1,,,,Trolox,,,,81.7 mg,,2026-08-10T19:01:13.304Z,Acros Organics,,,,,Sample,,,,,
,SMCC,,Lab Main,1,vials,,,Refrigerator #1 / Fridge door / Jar 1,Refrigerator #1 / Fridge door / Jar 1,Available,,,,,,,,,,,,,,,,,,,,,,,,,dyn-store-1782413208557-4,Refrigerator #1,shelf-1786383135559,Fridge door,,,,,,,dyn-box-1782413208564-168,Jar 1,,,,SMCC,,,,50 mg,,2026-08-10T19:01:49.293Z,,,,,,Sample,,,,,
,"Protease Inhibitor Mini Tablets, EDTA free",,Lab Main,1,vials,,,Refrigerator #1 / 1st Shelf / Tray 1,Refrigerator #1 / 1st Shelf / Tray 1,Available,,,,,,,,,,,,,,,,,,,,,,,,,dyn-store-1782413208557-4,Refrigerator #1,shelf-1786386588250,1st Shelf,,,,,,,dyn-box-1782413208558-21,Tray 1,,,,"Protease Inhibitor Mini Tablets, EDTA free",,,,,,2026-08-10T19:32:12.498Z,,,,,,Sample,,,,,
,"NuPAGE, 4x LDS Sample Buffer",,Lab Main,1,vials,,,Refrigerator #1 / 1st Shelf / Tray 1,Refrigerator #1 / 1st Shelf / Tray 1,Available,,,,,,,,,,,,,,,,,,,,,,,,,dyn-store-1782413208557-4,Refrigerator #1,shelf-1786386588250,1st Shelf,,,,,,,dyn-box-1782413208558-21,Tray 1,,,,"NuPAGE, 4x LDS Sample Buffer",,,,,,2026-08-10T19:33:13.753Z,,,,,,Sample,,,,,
,"1-(3,4-dichlorophenyl)-3-dimethylamino-1-propanone, 97%",,Lab Main,1,vials,,,Refrigerator #1 / 1st Shelf / Tray 1,Refrigerator #1 / 1st Shelf / Tray 1,Available,,,,,,,,,,,,,,,,,,,,,,,,,dyn-store-1782413208557-4,Refrigerator #1,shelf-1786386588250,1st Shelf,,,,,,,dyn-box-1782413208558-21,Tray 1,,,,"1-(3,4-dichlorophenyl)-3-dimethylamino-1-propanone, 97%",,,,1 g,,2026-08-10T19:34:07.507Z,,,,,,Sample,,,,,
,Bis-maleimidoethane,,Lab Main,1,vials,,,Refrigerator #1 / 1st Shelf / Tray 1,Refrigerator #1 / 1st Shelf / Tray 1,Available,,,,,,,,,,,,,,,,,,,,,,,,,dyn-store-1782413208557-4,Refrigerator #1,shelf-1786386588250,1st Shelf,,,,,,,dyn-box-1782413208558-21,Tray 1,,,,Bis-maleimidoethane,,,,50 mg,,2026-08-10T19:35:23.623Z,,,,,,Sample,,,,,
,Ampicillin,,Lab Main,1,vials,,,Refrigerator #1 / 1st Shelf / Tray 1,Refrigerator #1 / 1st Shelf / Tray 1,Available,,,,,,,,,,,,,,,,,,,,,,,,,dyn-store-1782413208557-4,Refrigerator #1,shelf-1786386588250,1st Shelf,,,,,,,dyn-box-1782413208558-21,Tray 1,,,,Ampicillin,,,,25 g,,2026-08-10T19:36:29.902Z,,,,,,Sample,,,,,
,NAD,,Lab Main,1,vials,,,Refrigerator #1 / 1st Shelf / Tray 1,Refrigerator #1 / 1st Shelf / Tray 1,Available,,,,,,,,,,,,,,,,,,,,,,,,,dyn-store-1782413208557-4,Refrigerator #1,shelf-1786386588250,1st Shelf,,,,,,,dyn-box-1782413208558-21,Tray 1,,,,NAD,,,,5 g,,2026-08-10T19:36:50.124Z,"free acid, grade 1, approx. 100%",,,,,Sample,,,,,
,S.N.A.P. MidiPrep Kit Precipitation Salt,,Lab Main,1,bottle,,,Refrigerator #1 / 1st Shelf / Tray 1,Refrigerator #1 / 1st Shelf / Tray 1,Available,,,,,,,,,,,,,,,,,,,,,,,,,dyn-store-1782413208557-4,Refrigerator #1,shelf-1786386588250,1st Shelf,,,,,,,dyn-box-1782413208558-21,Tray 1,,,,S.N.A.P. MidiPrep Kit Precipitation Salt,,,,,,2026-08-10T19:39:32.246Z,,,,,,Sample,,,,,
,S.N.A.P. MidiPrep Kit Resuspension Buffer,,Lab Main,1,bottle,,,Refrigerator #1 / 1st Shelf / Tray 1,Refrigerator #1 / 1st Shelf / Tray 1,Available,,,,,,,,,,,,,,,,,,,,,,,,,dyn-store-1782413208557-4,Refrigerator #1,shelf-1786386588250,1st Shelf,,,,,,,dyn-box-1782413208558-21,Tray 1,,,,S.N.A.P. MidiPrep Kit Resuspension Buffer,,,,,,2026-08-10T19:40:26.727Z,Rnase added 10/11/05,,,,,Sample,,,,,
,"Borane-dimethylamine complex, 98+%",,Lab Main,1,vials,,,Refrigerator #1 / 1st Shelf / Tray 1,Refrigerator #1 / 1st Shelf / Tray 1,Available,,,,,,,,,,,,,,,,,,,,,,,,,dyn-store-1782413208557-4,Refrigerator #1,shelf-1786386588250,1st Shelf,,,,,,,dyn-box-1782413208558-21,Tray 1,,,,"Borane-dimethylamine complex, 98+%",,,,25 g,,2026-08-10T19:41:25.421Z,,,,,,Sample,,,,,
,"Borane-dimethylamine complex, 98+%",,Lab Main,1,vials,,,Refrigerator #1 / 1st Shelf / Tray 1,Refrigerator #1 / 1st Shelf / Tray 1,Available,,,,,,,,,,,,,,,,,,,,,,,,,dyn-store-1782413208557-4,Refrigerator #1,shelf-1786386588250,1st Shelf,,,,,,,dyn-box-1782413208558-21,Tray 1,,,,"Borane-dimethylamine complex, 98+%",,,,100 g,,2026-08-10T19:42:22.320Z,,,,,,Sample,,,,,
,"Neutralization Reagent, ENZO",,Lab Main,1,vials,,,Refrigerator #1 / 1st Shelf / Tray 1,Refrigerator #1 / 1st Shelf / Tray 1,Available,,,,,,,,,,,,,,,,,,,,,,,,,dyn-store-1782413208557-4,Refrigerator #1,shelf-1786386588250,1st Shelf,,,,,,,dyn-box-1782413208558-21,Tray 1,,,,"Neutralization Reagent, ENZO",,,,,,2026-08-10T19:43:02.313Z,,,,,,Sample,,,,,
,"Cephalexin hydrate, Cephalin monohydrate",,Lab Main,1,vials,,,Refrigerator #1 / 1st Shelf / Tray 1,Refrigerator #1 / 1st Shelf / Tray 1,Available,,,,,,,,,,,,,,,,,,,,,,,,,dyn-store-1782413208557-4,Refrigerator #1,shelf-1786386588250,1st Shelf,,,,,,,dyn-box-1782413208558-21,Tray 1,,,,"Cephalexin hydrate, Cephalin monohydrate",,,980 ug/mg,5 g,2020-11-19,2026-08-10T19:43:23.650Z,,,,,,Sample,,,,,
,"Benzamidine HCl, 99.0%",,Lab Main,1,vials,,,Refrigerator #1 / 1st Shelf / Tray 1,Refrigerator #1 / 1st Shelf / Tray 1,Available,,,,,,,,,,,,,,,,,,,,,,,,,dyn-store-1782413208557-4,Refrigerator #1,shelf-1786386588250,1st Shelf,,,,,,,dyn-box-1782413208558-21,Tray 1,,,,"Benzamidine HCl, 99.0%",,,,25 g,,2026-08-10T19:45:00.394Z,,,,,,Sample,,,,,
,Gentamicin Sulfate (USP),,Lab Main,1,vials,,,Refrigerator #1 / 1st Shelf / Tray 1,Refrigerator #1 / 1st Shelf / Tray 1,Available,,,,,,,,,,,,,,,,,,,,,,,,,dyn-store-1782413208557-4,Refrigerator #1,shelf-1786386588250,1st Shelf,,,,,,,dyn-box-1782413208558-21,Tray 1,,,,Gentamicin Sulfate (USP),,,,5 g,,2026-08-10T19:46:14.373Z,,,,,,Sample,,,,,
,"Bis-Tris, 98.0% (titration)",,Lab Main,1,vials,,,Refrigerator #1 / 1st Shelf / Tray 1,Refrigerator #1 / 1st Shelf / Tray 1,Available,,,,,,,,,,,,,,,,,,,,,,,,,dyn-store-1782413208557-4,Refrigerator #1,shelf-1786386588250,1st Shelf,,,,,,,dyn-box-1782413208558-21,Tray 1,,,,"Bis-Tris, 98.0% (titration)",,,,25 g,,2026-08-10T19:46:40.745Z,,,,,,Sample,,,,,
,Triethylammonium Bicarbonate Buffer,,Lab Main,1,vials,,,Refrigerator #1 / 1st Shelf / Tray 1,Refrigerator #1 / 1st Shelf / Tray 1,Available,,,,,,,,,,,,,,,,,,,,,,,,,dyn-store-1782413208557-4,Refrigerator #1,shelf-1786386588250,1st Shelf,,,,,,,dyn-box-1782413208558-21,Tray 1,,,,Triethylammonium Bicarbonate Buffer,,,,100 mL,,2026-08-10T19:50:21.466Z,pH 8.5 +/- 0.2,,,,,Sample,,,,,
,"Buffer P3, Neutralization Buffer",,Lab Main,1,vials,,,Refrigerator #1 / 1st Shelf / Tray 1,Refrigerator #1 / 1st Shelf / Tray 1,Available,,,,,,,,,,,,,,,,,,,,,,,,,dyn-store-1782413208557-4,Refrigerator #1,shelf-1786386588250,1st Shelf,,,,,,,dyn-box-1782413208558-21,Tray 1,,,,"Buffer P3, Neutralization Buffer",,,,110 mL,,2026-08-10T19:51:15.387Z,,,,,,Sample,,,,,
,Bio-Rad Protein Assay Dye Reagent Concentrate,,Lab Main,1,vials,,,Refrigerator #1 / 1st Shelf / Tray 2,Refrigerator #1 / 1st Shelf / Tray 2,Available,,,,,,,,,,,,,,,,,,,,,,,,,dyn-store-1782413208557-4,Refrigerator #1,shelf-1786386588250,1st Shelf,,,,,,,dyn-box-1782413208560-77,Tray 2,,,,Bio-Rad Protein Assay Dye Reagent Concentrate,,,,,,2026-08-10T19:52:13.037Z,"1 : 5, reagent : water",,,,,Sample,,,,,
,Tetrahydrofolic acid,,Lab Main,1,vials,,,Refrigerator #1 / 1st Shelf / Tray 2,Refrigerator #1 / 1st Shelf / Tray 2,Available,,,,,,,,,,,,,,,,,,,,,,,,,dyn-store-1782413208557-4,Refrigerator #1,shelf-1786386588250,1st Shelf,,,,,,,dyn-box-1782413208560-77,Tray 2,,,,Tetrahydrofolic acid,,,,25 mg,,2026-08-10T19:53:15.213Z,70%,,,,,Sample,,,,,
,Triethylamine,,Lab Main,1,vials,,,Refrigerator #1 / 1st Shelf / Tray 2,Refrigerator #1 / 1st Shelf / Tray 2,Available,,,,,,,,,,,,,,,,,,,,,,,,,dyn-store-1782413208557-4,Refrigerator #1,shelf-1786386588250,1st Shelf,,,,,,,dyn-box-1782413208560-77,Tray 2,,,,Triethylamine,,,7.2043 M,250 mL,,2026-08-10T19:54:10.459Z,,,,,,Sample,,,,,
,Polymixin B,,Lab Main,1,vials,,,Refrigerator #1 / 1st Shelf / Tray 2,Refrigerator #1 / 1st Shelf / Tray 2,Available,,,,,,,,,,,,,,,,,,,,,,,,,dyn-store-1782413208557-4,Refrigerator #1,shelf-1786386588250,1st Shelf,,,,,,,dyn-box-1782413208560-77,Tray 2,,,,Polymixin B,,,,1 g,,2026-08-10T19:54:45.027Z,,,,,,Sample,,,,,
,Glutaraldehyde Solution,,Lab Main,1,vials,,,Refrigerator #1 / 1st Shelf / Tray 2,Refrigerator #1 / 1st Shelf / Tray 2,Available,,,,,,,,,,,,,,,,,,,,,,,,,dyn-store-1782413208557-4,Refrigerator #1,shelf-1786386588250,1st Shelf,,,,,,,dyn-box-1782413208560-77,Tray 2,,,,Glutaraldehyde Solution,,,,25 mL,,2026-08-10T19:55:38.022Z,25%,,,,,Sample,,,,,
,"TetraSpeck microspheres, 0.1 um",,Lab Main,1,vials,,,Refrigerator #1 / 1st Shelf / Tray 2,Refrigerator #1 / 1st Shelf / Tray 2,Available,,,,,,,,,,,,,,,,,,,,,,,,,dyn-store-1782413208557-4,Refrigerator #1,shelf-1786386588250,1st Shelf,,,,,,,dyn-box-1782413208560-77,Tray 2,,,,"TetraSpeck microspheres, 0.1 um",,,,0.5 mL,,2026-08-10T19:56:39.491Z,blue/green/orange/dark red,,,,,Sample,,,,,
,"Phenol Solution, 1mM EDTA",,Lab Main,1,vials,,,Refrigerator #1 / 1st Shelf / Tray 2,Refrigerator #1 / 1st Shelf / Tray 2,Available,,,,,,,,,,,,,,,,,,,,,,,,,dyn-store-1782413208557-4,Refrigerator #1,shelf-1786386588250,1st Shelf,,,,,,,dyn-box-1782413208560-77,Tray 2,,,,"Phenol Solution, 1mM EDTA",,,,100 mL,,2026-08-10T19:57:32.611Z,Equilibriated with 10 mM Tris HCl pH 8.0,,,,,Sample,,,,,
,Kanamycin,,Lab Main,1,vials,,,Refrigerator #1 / 1st Shelf / Tray 2,Refrigerator #1 / 1st Shelf / Tray 2,Available,,,,,,,,,,,,,,,,,,,,,,,,,dyn-store-1782413208557-4,Refrigerator #1,shelf-1786386588250,1st Shelf,,,,,,,dyn-box-1782413208560-77,Tray 2,,,,Kanamycin,,,,25 g,,2026-08-10T19:58:39.467Z,,,,,,Sample,,,,,